PC1,PC2,PC3,frame,brightness,complexity
16.451616258498166,-5.326516880557002,-7.8980888154514535,0,124.96772744979225,3.209064225997835
15.140063430668214,-0.5391446628533091,-7.3888196913757564,1,124.89321654259003,3.1885287497091306
17.02360636200245,-0.4453581768508741,-4.356200214935117,2,124.88922913781164,3.1940471924625045
21.16046213071026,-8.273381558460356,-1.4024321590427298,3,124.7895981215374,3.2242270601349245
19.212149126690296,-11.271276439047488,-2.7860222015716545,4,124.7822400882964,3.2404378518883803
14.172615678884144,-4.098659098449744,-5.756615177315378,5,124.65344204466759,3.2358620840314747
13.580758689825009,-3.0071620103999024,-6.727666101788329,6,124.58898891966759,3.2237718661931423
12.518907288457704,-3.122762277056808,-6.505130208918613,7,124.53732578774238,3.2611102168983406
10.759015207383184,-1.810851690884472,-6.628116981063235,8,124.54864417416897,3.278603916999711
8.467121592990635,-2.0590456618789093,-6.336255956818897,9,124.58133331890582,3.3577556582597587
6.518555065672467,-1.578710941517057,-7.690276074214329,10,124.6234472385734,3.430078129096471
7.334469854950463,-3.2442681835698743,-6.931131560754862,11,124.67981193732687,3.5412893142725843
9.91085025427709,-4.798703562571141,-5.265708933660647,12,124.67751796225762,3.619149013913561
6.927138526669036,-4.906658001214712,-5.872955839016367,13,124.6921420533241,3.704105163414439
7.122779224344013,-5.165872330260306,-5.128820161170138,14,124.6749913434903,3.717051213068097
4.690863097697927,-2.5179952023401144,-5.055070776057899,15,124.66792005713296,3.7916473986878976
2.055959474616074,-1.9335877653927096,-5.236996262794071,16,124.67496970221606,3.836953567811358
0.3057588663313888,-1.2910431901219652,-7.10674459922855,17,124.65871710526316,3.870615530358133
0.26295179830336934,-0.23571110937313755,-5.961548019925117,18,124.66912655817174,3.881086416460329
-0.06797130870424882,-2.034768860822589,-6.17161119292194,19,124.65498939577563,3.943089330146181
-1.6758249880784277,-0.7748189587864849,-4.839527994303634,20,124.63534452908587,3.9565154697082026
-2.6736223201096174,0.7376220087096566,-5.784788333407765,21,124.64261599722991,3.9784057404650013
-3.1165505748868885,0.9650676428147592,-5.712528411457157,22,124.65793260907202,3.9909883515352753
-4.521606817141746,2.2245827958795754,-6.069022503905596,23,124.67323298995845,3.994306710828664
-5.044861797416218,2.483480310814296,-5.644898117628876,24,124.67403912742382,4.01789990638245
-3.6116982069386174,2.7746482233092857,-4.597266067594537,25,124.68575787742382,4.046449366420201
-5.230150805977438,3.5778560432325026,-3.5484523720344874,26,124.67746926939058,4.056268438876734
-5.461392286188539,3.2376120228187633,-4.915728452322804,27,124.67134478878117,4.050897025071555
-6.2860894632727,3.050032407099918,-5.726967919563479,28,124.69128722299169,4.049346345014319
-7.199554561277532,3.346422757920274,-5.763875621477161,29,124.63999740304709,4.044783517965848
-5.665516907229347,4.9390617489479,-4.547176375154541,30,124.65933388157895,4.060983768233597
-5.305598977157027,3.4236134433257868,-4.956165085714478,31,124.64765300380887,4.059794081395794
-7.5040952044135345,2.831492715331859,-4.229982176738675,32,124.64711738227147,4.066480171445289
-5.916311458369961,2.682034033624448,-3.7302471015332896,33,124.65848987188366,4.076600352855965
-5.734976538378787,4.227804348445346,-5.193964076192364,34,124.63474939404432,4.083939503878702
-6.9763161948098595,4.546450238961927,-3.920494309868567,35,124.65250605955679,4.082437939266033
-6.168767132553361,5.190315888796409,-3.895393395325477,36,124.6628722299169,4.080655300461515
-5.898506987510219,4.729735210325509,-2.0917780341597796,37,124.67207518178671,4.099077381330947
-5.7296621787626645,2.8312454860402405,-3.39567986472253,38,124.67063603704986,4.102699696216381
-6.70793035179359,3.586363100763557,-2.742547803607508,39,124.66014542936288,4.1080604800097555
-6.1000480769192,4.388565862549943,-4.519230578084144,40,124.68722407375347,4.105554209046776
-5.59804428128657,3.2347963239141935,-3.0358893578621955,41,124.68563885041551,4.105664211121603
-5.807504076267328,2.825599874787767,-4.111416542037988,42,124.66980284799169,4.126963587701828
-4.503864068877711,1.787220792333999,-3.2298927856457507,43,124.66817434210526,4.109664270863088
-3.7141375435611934,2.2886260293286247,-3.4364976685924464,44,124.65231128808864,4.114212378005618
-5.1702360308561275,0.9174919940553223,-3.4050671097835528,45,124.65490283067867,4.129299703425878
-5.993809718315118,1.5157193637895996,-3.6231827554737683,46,124.65256557306094,4.137847345958312
-5.295665028913964,2.7770340918766023,-3.907403898273255,47,124.65901467278394,4.136498708344048
-5.625791772072376,2.1424742360284124,-2.8892569803611963,48,124.66130323753463,4.143247266278413
-5.124539328276032,2.3533462846000286,-2.2761562496750525,49,124.63823363919667,4.154592820161517
-5.770390151213983,2.5100182264906667,-3.3692314162214982,50,124.64790728878117,4.153468724055342
-5.13198563140587,2.0057616006723764,-2.823821759873146,51,124.64245368767313,4.161684782086986
-5.702271944723174,-0.09155596402180746,-3.415913803518818,52,124.63353748268698,4.160405894841956
-5.26808906367849,1.21147896059763,-3.676960657246848,53,124.64603531855956,4.176118110687881
-5.462002856265146,3.893586716257907,-1.8682936518151967,54,124.67233487707756,4.181709266143579
-6.273432067347101,3.807067627472031,-3.968402745727006,55,124.69304016620498,4.173052168304022
-6.440386676819221,3.7673624569592454,-3.5683884599004063,56,124.68669386253463,4.174338105504209
-7.720064643575947,4.8943125212989145,-4.323190470396063,57,124.70251904432133,4.1412217279911925
-6.99183220698589,3.571514846620042,-4.359611331760282,58,124.72618918801939,4.035981402275913
-7.693675790515045,2.519757296977125,-3.5306546041762195,59,124.7638450051939,3.8658429997543946
-7.609478175175387,3.669255164414701,-4.549317113191068,60,124.708075441482,3.752094103538542
-6.64652563215544,2.2713305685041907,-4.010249541761923,61,124.64863227146814,3.68642991632492
-5.767538581877114,2.837831299014954,-1.5923365497164361,62,124.64898394217451,3.6847191207073813
2.2970989288866916,2.579401188349512,1.6884866520026005,63,124.60323969875347,3.715123048889166
6.456310810872051,1.3717891728851934,1.2320235832169173,64,124.87997208275624,3.876911168252712
14.82318141581015,1.082040121430335,1.3782245466892982,65,124.85489525623268,3.995627883517039
13.232363874434856,0.8109470670473189,0.6777021394299028,66,124.78702280990305,3.9525369641294867
12.568327119385078,3.8262671244664186,-0.9148422412580789,67,125.00124978358726,3.961281154999332
13.794711948382693,4.787927600190673,0.15146787909565076,68,125.01756189404432,3.9644682055184117
12.633396938889339,5.5845319413610985,0.12747063486102808,69,125.15219226108033,3.894495440812805
14.743094493249751,7.7087928753251544,0.5940775098893147,70,125.02412461045706,3.628415435671828
13.126907566718144,10.163529940387873,1.0492241386065624,71,124.53299753289474,3.4913744110045783
15.757093754187224,13.078782247694312,0.34912628820160607,72,124.02546095914127,3.179682898313164
12.800169768546562,12.16673991186191,-0.619714324098626,73,123.91174147333795,3.1592773485615635
12.588598451031935,13.754079816380509,-0.43436421406449005,74,123.92764780990305,3.1625870993765623
10.159652391034035,11.834398369823166,-0.29587146897504707,75,123.97265625,3.2103786577278313
6.239166765255427,12.328795269252526,-0.3225499005378249,76,124.25117944944598,3.197829513324834
10.575199827970591,12.94335153874245,-0.9768621659411472,77,124.12985305574792,3.2395762980075036
7.820103963117839,10.71408817334498,-2.683289072445796,78,124.16545295186981,3.296444112040619
7.979162406705977,10.795360178040879,-2.7104520200960005,79,124.25195853531856,3.3930277613622453
6.065227775911672,9.838552074569655,-2.4205998454540887,80,124.24045619806094,3.4043849326864986
3.625657002074232,8.57402952088964,-1.202139791731067,81,124.25749329120498,3.4172173864835966
2.042883729076978,7.877234892970929,-1.4966286575756291,82,124.2512443732687,3.4229012403703494
4.629096450724844,9.42713613845302,-1.4029106123661814,83,124.27752229051247,3.4664364419374807
1.120268775628472,8.53777034168148,-1.7614132273945962,84,124.41727622922437,3.510348398804876
1.831316109181773,9.705323864791849,-0.8355166441738956,85,124.50341932132964,3.568568949072773
0.2805822160626016,10.734851443781134,-2.708708577250893,86,124.50538326696676,3.570441295219042
-0.18286491837535745,8.708460117297388,-2.027852075817493,87,124.52368096433518,3.586222166114835
-1.2550295029394756,7.125850480112634,-2.367081994556946,88,124.49791702735457,3.6346295381384506
-1.01644489368997,10.520021119875915,-2.687342811698799,89,124.49010993767313,3.6926206434876905
-0.4727644029648676,9.528838059955174,-1.260268528594335,90,124.51890906336565,3.7661709991956536
-1.1839732008682808,7.73942436158587,-0.4268483987047881,91,124.4891090287396,3.824120748995098
-2.2099001257395914,5.46391153765802,-1.7900151889802167,92,124.4844020515928,3.833144189488859
-3.8276015227050433,3.8365882922534116,-3.482808929528568,93,124.51229224376732,3.8310030298182545
-4.698492812380901,6.388974990445016,-4.522582335300248,94,124.52168455678671,3.8532492352304337
-5.251116472128253,7.798598336943263,-4.688810755907087,95,124.51505691655125,3.876597752576251
-6.3488941753248325,6.70234253930554,-4.954374582378824,96,124.53027073234072,3.922756337518051
-7.111722312976957,7.805510893829385,-4.4935375235151165,97,124.56538369979225,3.9789255118166826
-6.5774782753709795,5.597548181411254,-5.57801282684944,98,124.56997164993075,3.983532529040832
-6.484083196892008,6.76865930877164,-5.578012090961208,99,124.56931159106648,4.022613201719966
-6.908904534180005,5.509552000983398,-5.2965268672582635,100,124.52501731301939,4.084149118923805
-7.887098166306661,6.517480475261342,-5.110892815470612,101,124.54229787049861,4.117534049157776
-7.54309737012961,4.603004941334945,-5.4042692423681995,102,124.52135452735457,4.150349125347125
-6.589682129641607,5.95609844511932,-4.6022435822755,103,124.53148264369806,4.167508644033466
-6.8510844425497295,5.749922959363472,-5.363841128754605,104,124.5238649151662,4.1726383780202205
-6.176310106149761,7.021781630375046,-5.954678228556865,105,124.64888114612188,4.189123973879899
-6.48239847580696,6.890178457685424,-4.991523031960283,106,124.56881384175901,4.217312650214345
-6.779748991127754,6.424014463851042,-4.882012439056503,107,124.61229657202216,4.237713007213119
-5.534909652579154,5.759174842499175,-4.8589355905678655,108,124.5511166897507,4.2552017475038
-6.071384720990756,4.343138918890104,-4.460551971184188,109,124.5514629501385,4.25820931803944
-6.697955577330016,4.3616784247376605,-3.5333072867384474,110,124.54286595394737,4.259569527368038
-5.708521285094789,5.544101960432906,-6.662148782993026,111,124.5898166984072,4.252695537848371
-7.133093069171137,3.9799989442230217,-5.4176518720800795,112,124.6225112534626,4.252998801925831
-6.790203215304648,3.8948426578199737,-4.527157685819079,113,124.62080159279779,4.236004939016527
-6.012645708522578,4.762320395041756,-6.609942348622616,114,124.61008916204986,4.2346084075178485
-7.326260618305144,5.444046679416921,-5.374861817706131,115,124.5945399065097,4.224541598624703
-6.639360178173604,4.087765471715589,-4.976540185598022,116,124.59849484937673,4.22736098289975
-7.134330454503076,4.486178532756963,-6.290038739132298,117,124.60052912915512,4.214868925279888
-8.469887572740808,4.003665867207039,-5.97721624886527,118,124.62890083968144,4.210874443414353
-7.343176931468821,5.203331655088368,-6.327074607655275,119,124.59898718836565,4.222790598761772
-6.943647042956539,4.716157146625053,-6.161404227162605,120,124.56956587603878,4.343424791610433
-7.923966485706658,4.245851718334298,-5.876674231349996,121,124.59044429536011,4.308067787241167
-7.3090330693996854,5.026906248352316,-6.251747479557159,122,124.59883569944598,4.302725704225013
-7.007762624451093,5.068558383092349,-5.263787585875863,123,124.59241906163435,4.292014070235535
-7.283862049361095,3.9285697175992302,-4.97651181854593,124,124.61687911184211,4.2610776739489475
-7.996655356484406,4.515733128246727,-5.137255684927003,125,124.64599203601108,4.239283214344909
-5.9476003920774705,5.518684233337476,-5.3052172518629135,126,124.64525082236842,4.209791996111609
-7.511899956897242,4.451547816840358,-6.232334983219914,127,124.5934686634349,4.168501826046218
-8.050267458454181,4.02428562921038,-5.730235309995316,128,124.59679600934903,4.168169606853216
-6.64880079043751,4.044066774859302,-5.187783026553244,129,124.67429341239612,4.0817083659045075
-7.016300852902322,4.613368992413063,-5.466828100686421,130,124.66372164993075,4.044549854823781
-6.943118691747313,5.301200854866495,-5.766799087043354,131,124.61889175034626,3.959810997146028
-7.931146064105575,3.918796402747178,-4.57508312672667,132,124.58621342624653,3.934950595484122
-7.23147763901222,5.8469524293391775,-4.005750661832691,133,124.59788889369806,3.8280533876257046
-8.549379292641074,6.045050112747481,-2.772991046664968,134,124.59498896295014,3.828344284387777
-6.38618646688075,6.260911465022066,-3.7001529586165463,135,124.63539863227147,3.7925029190215622
-5.385937206719921,5.484091944034733,-2.7023843915674868,136,124.66433301592798,3.7693683382435785
-4.023773770235286,3.8770681839658616,-0.5033182745993278,137,124.65811655990305,3.742976590753952
2.9687048776986713,0.9556041646286041,2.0241666979795783,138,124.50137422091413,3.7902530543803175
6.1618974776114745,1.855022827673155,2.8163858866471703,139,124.50848878981995,3.792160288988158
6.533221222594625,3.1480866677190096,1.5809284637865573,140,124.50491797957064,3.794677897895584
2.60802065699214,3.4945389562231632,-0.9858405624688208,141,124.38194684903047,3.6850362367673304
-0.11306155445713634,4.009723579298619,-1.226636326223843,142,124.44171463815789,3.641362302202272
5.3124535781256865,4.645950646020744,-1.3449187235193385,143,124.46708903220221,3.5562102733013545
15.143640971517204,5.15699202373624,-0.7794749730950243,144,124.49404323926593,3.511165119006415
18.753176865357418,2.8330935892429165,0.006453616968890552,145,124.70189685768698,3.626804859314758
13.998557444253734,2.8218910780132394,-0.5352529547106821,146,124.69649735976455,3.6293578548632404
14.353427628938478,-1.617570307795465,-1.0834599458362684,147,125.06828904085873,3.705540793603969
12.857464255604317,-0.055794948783474005,-3.3619283867993204,148,125.19976519217451,3.4238435956665425
18.665855656386725,5.577618087086536,-5.283388674458382,149,125.02850155817174,3.13785867009449
15.592311820472235,6.373959976532942,-4.7298372370888915,150,125.05596433518005,3.1491403541909686
14.25116982873996,5.652206153257502,-3.03469214437378,151,125.13929947195291,3.2484391905403367
16.902374896296145,6.877594292576459,-4.844586117009049,152,125.14342213469529,3.2482148240925013
14.053057180957268,4.5468796104097295,-3.5610174200894766,153,125.17702021295014,3.0866241886357937
14.84351566840576,3.1956547233804256,-1.4345843081778804,154,125.18804103185596,2.9273255189199068
18.355612292362444,7.116810328174381,-4.481213889297803,155,125.30791746018005,2.7367454528125053
13.311076150761506,10.181215798579831,-4.07599904980163,156,125.46862556267313,2.796428607329745
10.991602973644692,9.365735566317811,-3.7587537755605096,157,125.5253635734072,2.9981642644238415
12.09265303480466,11.948875936613893,-4.111366932379485,158,125.51422913781164,3.002385798232484
10.918741643685594,11.273073850470729,-3.732724657333719,159,125.57015019044321,3.2596102554546964
8.382642160499442,9.776371352697302,-2.2147096118116028,160,125.56389586218836,3.546695582090566
8.912395905342576,11.424127336507489,-2.8820130403248787,161,125.53464226973684,3.720098821574471
9.953440646692485,12.29455418421702,-2.2763230660731786,162,125.5484277614266,3.781548865760644
10.130329522118085,11.6557976357381,-0.8292466955111948,163,125.5433961651662,3.7941595363330447
6.871470365785314,11.280007463995965,-0.7389789858089546,164,125.55252337257618,3.7985548320910145
9.254300487723608,10.999725780227159,-1.2389033991023888,165,125.53200203427978,3.8566846446402425
3.8090087118372837,9.996229786494757,-1.6623996638921321,166,125.57764889196676,3.8985803461868644
6.3629294806086785,11.498462409027992,-1.2459293241333669,167,125.583075441482,3.9923464404886446
5.18883299385986,11.12631253743566,1.130571599695735,168,125.61384933344875,4.018490349306089
4.792161836544577,8.661823503702529,1.108739373466222,169,125.61380064058172,4.028739405327946
3.8698376429765178,8.126699611470912,1.2103762911473657,170,125.61842646295014,4.031263931526964
2.8363824260476886,6.526461842432988,0.1656535688555105,171,125.64448796745152,4.0966703043623545
0.8461485327104118,5.194481102773195,-2.013008003035423,172,125.6471660751385,4.155740900728828
2.0241850120623206,8.528528348008894,-1.223906471348833,173,125.76747532894737,4.2286700273484765
5.697913544435629,7.420517241616061,0.7383450164976827,174,125.87306851627424,4.2114562682256045
6.325170320114143,4.390001381271216,2.4341502514533357,175,126.0232102666205,4.193953873684126
5.801101339451692,5.196219659380007,0.9292835274622288,176,126.03897593490305,4.197917421657789
6.454059337545101,8.252578708062993,1.1788188366437717,177,126.17077129501385,4.109987568327215
1.4868156607988698,6.573070504687898,-0.3541101624957324,178,126.30410318559557,4.019369545409622
4.462976555495207,8.50538588703486,-0.8417820719835158,179,126.45454791378117,3.9593487978616615
5.745172403626023,8.965420760066607,0.8721397278894405,180,126.48834617382272,4.0073145417393325
5.031760117124895,7.802306802926829,0.38731570770267004,181,126.51326610110803,4.096183458691812
4.128798097066792,8.790964130790966,1.0426138932897957,182,126.49317217797784,4.097767597917782
4.516369079038235,6.225950528049346,1.5867756979203578,183,126.49560682132964,4.237595532932081
3.9295777664402154,4.888684922722608,0.9621311637776975,184,126.50277008310249,4.058667062435934
5.508028185554612,8.073672221474455,0.620171741314356,185,126.49111625692521,4.017667804262816
5.78951108385517,7.447799969873858,1.2953858539342344,186,126.46891230955679,3.491039062823992
5.740332145142329,7.615120853214115,1.2774293049978678,187,126.50410643178671,3.0718254731951853
4.284935126619797,6.249013439800007,0.1829979026487798,188,126.48610630193906,3.0752489306161066
5.244301699338759,7.8069656455828955,0.33765814054026055,189,126.50583773372576,3.1093793507108423
2.8837736165692283,8.52494385059796,2.0159252369681577,190,126.5023156163435,3.524833334671009
5.249868184088192,8.837396169136133,0.5006455832172244,191,126.47327843663435,3.582433354599264
8.90655968749306,7.103700827236017,-1.9968018171669872,192,126.43451350415512,3.9987564384660224
13.913308617834737,7.952536861472114,-1.0464338399656148,193,126.50265646641274,3.9942114949794933
13.103102133152383,6.351659615915883,-1.1780362993119404,194,126.51198385560942,3.999099530990816
12.060679348491872,3.692295631733797,-1.537208282851934,195,126.50525882963989,3.8290224319559267
13.313936702290844,0.8060410000239827,0.1585803363092971,196,126.47960850934903,4.179183380790897
16.717863217095697,6.127018772929941,-0.7129416378802924,197,126.48630648372576,4.178520390583787
9.773381842235539,6.336273979324722,-1.7691621126721704,198,126.48770234591413,4.253835945273491
8.90238459024697,3.500025129598924,-1.486508546342369,199,126.51132379674515,4.264904968080842
8.440503270714936,4.3191581027895625,-2.2935711680971917,200,126.51651229224376,4.262277059423803
6.712305562537924,6.112949170807305,-0.9490469767823849,201,126.51627423822714,4.525575989631062
3.5818109855213636,4.697754521244655,0.4114788191042598,202,126.52449792243767,4.527727885150491
3.2666779274473496,6.62176044363053,0.7287007687381347,203,126.5027430315097,4.57504977891612
3.749422418796148,6.251365408261753,-0.438455048483327,204,126.49034799168975,4.74571987306046
4.691814409846796,7.416396129842156,2.0804268689748193,205,126.51746450831025,4.814200175761294
3.4031272678127196,5.872912946045912,2.508508548316973,206,126.49823623614958,4.823211129618314
3.619731585238914,6.966819285703404,2.6332498552717616,207,126.49118118074792,4.774493601612333
2.2816395853345157,6.540806691840491,1.5891871787678709,208,126.54222212603878,4.755212592609891
1.5409532476497445,7.972882955394245,1.6292100629905335,209,126.5480923216759,4.683865537103138
3.5230576161367138,5.972669959790899,2.6443115943313056,210,126.5197584833795,4.6342122795164205
2.8476800354328473,5.860177317772207,1.4361043882033835,211,126.5285069684903,4.575916596732041
2.5186100468629524,6.0240270691071744,3.013860338697469,212,126.49785751385042,4.596104906631318
2.551513252634462,6.676481731937467,2.2690863941779074,213,126.51207042070637,4.540806179194239
0.5537992352333375,6.584509952955923,2.5486971858746896,214,126.50683864265928,4.439726439212318
1.9253770179401173,7.718054841544002,2.2383817449417256,215,126.50840222472299,4.341666274669062
3.239024108281373,6.78509947299188,3.453757956076705,216,126.49296117555402,4.248241839711014
4.11083979027514,6.88211602679663,4.766122725071994,217,126.56449099722991,4.17963123612311
2.9039219142296147,7.2398815016778055,4.003327538961635,218,126.53410664819944,4.190348769214006
2.8918459417218365,6.87569850246167,3.2036526003508246,219,126.50449597472299,4.0991377433467555
1.4364401668820086,6.284309360012934,3.2807368222828597,220,126.49988097299169,4.026642241695276
3.3135331258946192,5.447406606779491,3.3509520606717556,221,126.47337582236842,4.037171890277028
3.2978457681075493,6.4911662938937,3.7203758648028673,222,126.49719204466759,4.018557027438832
4.1750378225523335,7.742106891443962,5.0280078874876875,223,126.47338664300554,4.042861832102492
3.197427062981912,6.510127480644932,3.048965883569517,224,126.4531520515928,4.048267813873501
1.388760951023121,5.984808347356196,2.1234290676804277,225,126.50127683518005,4.027998903408006
1.9317830631109687,4.915755133652282,2.8951065375878264,226,126.48558150103878,4.068884813719492
3.2236836324473024,6.204116234090453,1.1725976848862691,227,126.4577941049169,4.080380083190815
4.472192236810269,6.0856966841797755,2.838459841889961,228,126.47192585699446,4.122534378804512
3.3976934896995696,4.298361977110361,3.056341165705277,229,126.47738486842105,4.201947143781508
5.8704284512362035,3.2079848839544414,3.301792921803368,230,126.46294472818559,4.213604816565984
5.012627875872334,4.4759306087820985,3.8766051354032656,231,126.49052112188366,4.178654767126797
2.8140498943256747,4.866128511631382,3.332778008463724,232,126.47987361495845,4.211194743097731
3.2121045656369995,6.516936043371862,2.264026693406988,233,126.45766966759003,4.2387297137103825
5.8309072496378995,7.19959611221607,4.164605899945512,234,126.47271035318559,4.246701622367791
6.33965951734284,5.725646403565423,5.5722534367068555,235,126.44650818040166,4.1593041129033175
5.568576687036206,5.812847796486191,3.600644265773942,236,126.4487372316482,4.166411874642092
5.877206570224968,5.6662397355673475,4.701850169896356,237,126.47859136945983,4.127912615112059
2.5499006933232966,5.085619690641062,3.5151895827700876,238,126.47008093836565,4.034291658588577
2.757750241177441,7.213252956072987,3.477759331986201,239,126.40952324272853,4.0163017093815165
4.463764069982464,7.360101556658003,4.9847947391786365,240,126.54289841585873,4.070710824005969
3.834458250114824,6.495771686265255,4.008118679166593,241,126.47451198926593,4.031552158237189
6.172357302183929,6.338726153763879,5.188085322089413,242,126.47836413608033,4.035095306398365
4.665250573560863,4.038727958255241,4.691416035276864,243,126.44790945290859,4.010892824084388
0.8923204435976201,5.739308516418876,2.2593459357773074,244,126.44721693213296,3.9165510063820657
1.917489281884855,5.403365793510977,3.818587668521258,245,126.42922762292244,3.817484638547124
4.079276061466646,5.853465250136321,5.062817755906624,246,126.3896078601108,3.7613805534990883
5.3370738686219115,3.966456148253037,5.908839475939845,247,126.37175921918282,3.7163524204283975
6.224229191873078,3.703637861561063,5.575992107341866,248,126.33088967278394,3.718736681316926
3.8020707563314518,3.977692951003928,4.6490457410064705,249,126.42976324445983,3.6642050127858594
3.2921586129927167,4.22439784592809,3.885726098829348,250,126.42434210526316,3.587683951450596
3.404603897683239,5.237136822195646,3.776100552739235,251,126.44162266274238,3.4995315664682627
6.272409268738627,3.7397023735755206,5.086893006986171,252,126.41602644563712,3.4695314826525037
6.305428807665877,2.9017128423423153,5.351024148817511,253,126.43271186807479,3.4760344032156367
6.9542382486937235,3.0537455731143632,4.770285312697717,254,126.44186071675901,3.4816038039872854
5.012790549943781,4.070306923010228,4.20435052458134,255,126.41954856301939,3.47448019538518
4.479669571399045,3.9170476855933245,4.423104288364816,256,126.43522225588643,3.532816828012151
3.7537083966552234,3.8657014869743254,3.8055738054738106,257,126.44306721779779,3.541602898992844
5.4504490788511895,4.0145256424520515,5.28191475336853,258,126.40550337603878,3.5898301991623054
4.423187492618907,3.991178992881235,6.926170788251158,259,126.39601367728532,3.647238443329011
3.1461166847063717,2.9735198333027157,4.996347140109551,260,126.403252683518,3.6576292470438614
2.82010320788268,2.13849849338049,6.062321425596328,261,126.41297502596953,3.698550462425054
4.031918769780325,1.3378590597392035,6.130841605007422,262,126.39890819771468,3.7630931916084656
4.557506082749557,1.854339856313885,5.486054317042691,263,126.4072671398892,3.769823083083133
3.906621863259357,1.3796316251688863,7.060343071994591,264,126.42395256232687,3.7821901398447397
5.162503984170162,2.9889386224288472,7.396213256617352,265,126.4001363400277,3.8311800682075163
4.713517699020552,2.7191870396592024,5.716314978826649,266,126.3882444598338,3.8416994428906315
3.2621034092430246,1.8273907589742917,5.900841567775416,267,126.40398307652355,3.773826174556466
3.572774364825346,0.569058077482454,6.093199605838703,268,126.38837430747922,3.7363936057211466
3.777729078988414,3.487033376700266,7.204012120266041,269,126.39629501385042,3.6520973058242756
4.731508527034506,1.5891187806539615,8.509208485559919,270,126.37518936114958,3.6574083911413755
6.44788683492186,1.0943727215729195,10.167157941555923,271,126.38759522160665,3.6170606260695757
6.047477678585782,1.1347659163077186,9.416941937962928,272,126.39428778566482,3.621916771633466
6.306948401440384,1.7537270440772699,8.073865137722601,273,126.42963339681441,3.593179493580898
6.83283172751219,1.9111731338335174,9.54167320457777,274,126.4208578601108,3.557079959443454
7.386677879590341,0.8075817011011044,9.186617844686573,275,126.38079986149584,3.5429415436192526
8.479927825403209,0.15923812334074613,10.618419474327172,276,126.40419407894737,3.553628755794989
8.69263626719007,-1.2015828507756285,9.94432702607122,277,126.39383331890582,3.585269282112359
9.671702707707338,-0.3893307544989551,10.111472470032927,278,126.38990542763158,3.595410329262517
7.514932494852967,0.015786467005176545,11.002992279887817,279,126.41103813192521,3.623790675742868
5.183499371838437,0.4397959616104509,11.10782056451255,280,126.3799233898892,3.6250740043937038
4.990086265777846,1.7937427217752615,8.711573534343547,281,126.41150341932133,3.6219259726020057
5.899290438919711,2.2792136400306773,11.340578905221136,282,126.41447909452909,3.65303265071258
5.963801286766103,-0.09103121937572885,9.454634033276465,283,126.38998117209141,3.6944921305258576
5.231460259650577,1.4320131912242144,9.45861164482923,284,126.40732665339335,3.693068584364539
6.466776431024723,1.5420968185696073,11.093423765146737,285,126.36582409972299,3.7397618804649353
4.028341068855716,0.9217473027672018,8.681432883772183,286,126.38871515754848,3.767055262146974
3.9354209951705217,2.3716682351133183,11.354422109903998,287,126.3811948147507,3.778584018096568
5.170081924287868,0.633799623093078,11.56131091591906,288,126.35794126558172,3.794830454468214
3.3680308366027303,0.673560582826644,11.091686236868327,289,126.37163478185596,3.8849767450316888
2.0360774693160715,2.894719729512576,8.956994563986559,290,126.3570864352493,3.8929692190287373
3.9644475635029437,2.1322802968249337,10.436286749744593,291,126.37902527700831,3.9276903009145268
5.116935749184643,1.217610412746389,11.25815886106374,292,126.34766166031856,3.9545710031094337
1.5798340077840451,1.898299526779418,11.017771194223293,293,126.36030016447368,4.005854191709746
3.79015263119971,0.043636225362633896,12.842625894391713,294,126.35523069598338,4.039204645583337
5.733980024066488,0.8109606769255198,12.364939599811109,295,126.35345611149584,4.043751945862945
3.451987366397812,1.3240827024629538,11.820498066461987,296,126.34720719355956,4.046598936614409
1.810375232512754,3.4384425986920863,11.67265409475684,297,126.31921420533241,4.010084296505335
2.2139826195632417,1.710822589013486,10.734082511559315,298,126.29126449965374,3.9869063938374247
3.7271535009808368,0.1403884879721955,10.073933778496292,299,126.33932976973684,3.9658617625253476
4.712686711926656,-0.5414800306879403,12.746870263382187,300,126.32640992901662,3.990501365716066
3.7125644834671445,0.4468673620018694,10.458165967667563,301,126.31436114958449,3.9798168358830277
3.3324969423152275,2.155603693368424,12.156507926712095,302,126.32868226281164,3.9799908762195773
3.0583108329794673,2.536428691977452,9.84013933877226,303,126.34028198580333,3.943844250544965
3.0034777423231245,0.8883692864198551,11.225218147603428,304,126.32261729570637,3.9115564866856536
3.3349284085573103,1.067939519320666,9.806024995972729,305,126.33067326004155,3.8669668329374938
5.433140097338812,-1.6952445347355085,11.219782076258056,306,126.2993366949446,3.8566815150864997
5.577238350769462,0.1288076266355062,10.132283936143377,307,126.27160881232687,3.8734858267689383
5.162699717730674,-1.5689185006288866,9.533213472688955,308,126.30599679709141,3.8661886846283346
3.896992404822191,0.6491211319092961,10.967482594709194,309,126.29032851454294,3.8620309054810567
2.5346397170269257,-1.4154897504814048,9.512937346858438,310,126.26792979570637,3.8787564045392067
1.554228482928784,0.17150821024713248,7.404379639247211,311,126.24282591759003,3.9334704410955315
2.5752043491576155,-1.9134903443512183,7.94176597984984,312,126.2932500865651,3.954124956417991
4.122541187120518,-1.7917593104161254,8.519203631829905,313,126.25652484418282,3.9710752447732656
3.31971710362067,-2.27510499408777,8.773151319942668,314,126.26176744286704,3.979258922288206
2.1152594376389184,-1.8166680848525425,9.043032430407965,315,126.24350220740997,3.9747795666794117
-0.23359415671595313,-1.8304915959370462,7.0603612668953,316,126.23489439058172,4.00923175036908
-0.47111289055531813,-1.043130458398833,4.414229964808437,317,126.22211521814404,4.014764325075746
0.14321762340173633,-2.2234069977527606,5.793763906262496,318,126.21308539646814,4.009279398673312
2.564705847960015,-4.372238810452677,6.641292587007225,319,126.21038023718836,4.037507743916591
1.249198311256879,-3.1881366932757826,5.915482326332343,320,126.1988562586565,4.043342371357478
2.169589085418673,-3.7403799081539972,7.342422375315506,321,126.18738097299169,4.009126612303261
1.3383448529588358,-3.6073568921134576,7.155563168788991,322,126.18789495325485,4.0345274697936855
2.5937383745109606,-2.984192766171323,5.635482643237461,323,126.13817412569252,4.092054452882133
3.5680316124110454,-3.7712981298975743,8.028287187556403,324,126.18673173476455,4.065060752853029
2.1257331800895107,-2.0923411643845777,6.272161990887189,325,126.1357557132964,4.007469865279435
3.590255411072388,-2.3633488937937495,6.899269638246165,326,126.18534128289474,3.9986209794329666
3.509811230789607,-3.785741403114257,6.485098353676104,327,126.2044234764543,3.969330886596583
1.333003695305254,-2.9310814443814195,4.960128400996713,328,126.15257639369806,3.9288884915196687
1.3004146610660388,-0.9863955867204259,3.381279677381974,329,126.13788737880887,3.8322345801159505
2.5470785886280014,-1.0596579570271394,4.384928883559844,330,126.19608617555402,4.026776202442188
1.9768057371496273,-2.124894516219281,3.6475632757808256,331,126.10558236668975,3.9669712399627928
1.9721304378968627,-1.4977052096391597,4.6227710176542365,332,126.12699099722991,3.9660400547552084
0.23771157763737888,-1.1599755016537476,3.9365326271384595,333,126.0995011686288,3.9181023022511874
0.12030512622542956,-0.6739367004822814,3.2964849278038346,334,125.91704899584488,3.793151813285949
-1.9463604622912376,-1.174333545114553,2.7496422440085535,335,126.13275298649584,3.8593428216256918
-0.5236992452304888,-1.0163354698553317,3.5381004120358033,336,126.17768568213296,3.849336799262535
1.3437504954268373,-2.918158559507496,5.993568458516675,337,126.26777289646814,3.8505258213312525
-1.176465454756452,-3.1701499119638643,4.553980291209104,338,126.27358898891967,3.85686802840347
0.1329838769920637,-2.0631664039107966,2.9302481371995226,339,126.32002034279779,3.884216296885105
-0.8986309993211142,-0.7629066756897569,3.2731343326818605,340,126.3523253549169,3.8655517847286758
-0.03975706783136961,-3.2513077896638953,3.2286460142198266,341,126.37704510041551,3.849310473212208
0.6266808197841132,-5.733521087751049,4.014535322989577,342,126.37269520429363,3.8418553411730723
2.864642036582016,-8.03853911471083,4.309695506400128,343,126.36199359418282,3.8264155408140588
1.9790426483261132,-7.198681961572604,3.816353532609519,344,126.40984245152355,3.8304497788250496
1.7215474896195522,-8.267011254579018,4.362470783015705,345,126.34679059903047,3.8144577994467284
-0.3555496615759361,-6.7573583575336595,3.717867301096095,346,126.3733011599723,3.7974868472955983
-2.2945544775413107,-5.908887787845219,1.244543695924832,347,126.33826934729917,3.777861673497688
-1.0451694188364344,-4.420513861287528,0.8391419477067364,348,126.37541659452909,3.762670055165498
0.39188484653698885,-7.414030282674457,4.07273280371995,349,126.32673995844875,3.754655727040702
1.255803399675146,-7.605766517459192,1.8704079774270352,350,126.34158587257618,3.767981799207716
0.4755151534674781,-9.019629545742141,2.9364066581925767,351,126.33042979570637,3.755806765194427
-0.5221305742110168,-7.867200228253651,2.123200169783121,352,126.39256189404432,3.7282843203613187
0.8661802013972163,-7.791278715780048,2.7571791572841193,353,126.43018524930748,3.720119238904932
4.318235548074127,-10.081550831722321,2.0884134376356505,354,126.38528501558172,3.7142288051151016
5.8167082795800615,-11.43046599199169,2.709118480512036,355,126.3462116949446,3.7207439466133625
6.881148854641769,-11.057436739067137,2.053740982069727,356,126.33917828081718,3.7197927798991888
8.310667899496359,-11.945371651358169,-0.17821536074254046,357,126.3455949186288,3.7321975980729345
3.3073357397645227,-8.629013801974505,-0.3110803566546772,358,126.30779302285319,3.7285819301833283
5.4934617657842395,-8.267904123383895,-0.04569714112335666,359,126.30734396641274,3.7089209681881563
9.295527341721572,-10.404716269531063,1.0149907875403559,360,126.34686093317174,3.674706886560077
10.753244312939616,-12.017670553136998,-1.2230249856523616,361,126.30730609418282,3.6836364564441886
12.84932971729725,-11.126988544387887,-1.0613976692899125,362,126.29091282894737,3.688367985436134
13.564896883613661,-10.846898283909367,-2.023791384894314,363,126.25231020602493,3.697232016759461
9.375574528854786,-8.018422931278272,-1.814372302003327,364,126.2794429536011,3.707893563002716
9.550817655797333,-9.907870042776532,-1.0541548343614662,365,126.24196567693906,3.718500813057847
11.037159697246429,-9.675447225477141,-2.098924146741365,366,126.24081327908587,3.746059502347743
10.845741561562315,-10.35912637516285,-2.6553433160039215,367,126.32765430228532,3.740788989410211
8.646226020034264,-10.0347169283094,-2.855065422529133,368,126.30596974549861,3.738940532856368
8.88712111263458,-8.807557734281934,-3.41620401705963,369,126.29332583102493,3.7851808012163697
6.85872307057251,-9.150164118457607,-2.520407794702753,370,126.25102255020775,3.8065905982568773
5.135117750359647,-10.484286606660993,-1.3763961924152266,371,126.22346238746537,3.8292742452210615
6.108862700010834,-10.930676786587714,-2.1828811508110295,372,126.19603207236842,3.8651800469807664
5.729400179309889,-11.223974877693758,-1.9506316756359008,373,126.20449922091413,3.8665472261754967
6.163900714061354,-10.430213230367867,-1.966617303568278,374,126.20710699445983,3.863903251573546
4.955826152785415,-10.572790599920902,-4.537950070213319,375,126.17089573234072,3.850902649195463
2.6746084933168297,-9.121886799816101,-3.7086777642469935,376,126.30704639889197,3.8649827084452677
1.5830511826820364,-8.666188662606773,-5.0776383557634075,377,126.18811136599723,3.891292808300123
2.6146280477819035,-8.433827025884835,-3.344950573180712,378,126.42939534279779,3.881540049743219
1.9028239408664724,-10.065389249039052,-2.8046012965376903,379,126.09830548822714,3.9083238819778487
2.179619519205083,-8.496830587345254,-2.7110016846612885,380,126.08955159279779,3.9176650225012426
1.9458486316400292,-8.715051821107838,-3.268275614214904,381,126.21920987707756,3.894010652466391
0.7579129452302179,-8.10073045098081,-3.0270450611156217,382,126.19880756578948,3.8911007593068043
1.735869578540123,-9.59675203362782,-3.043954313157232,383,126.14947087084488,3.902855240361493
5.649416301803552,-8.981127175202793,-3.740994381430413,384,126.1085850934903,3.9275962399184703
4.932311569902514,-8.234906117567062,-2.3742814103716507,385,126.15864677112188,3.9217218026196528
6.82482702272886,-9.231358382853251,-3.0896424045509865,386,126.17218879847645,3.923948782771767
7.0091188154460236,-8.573152564490446,-3.221110887493714,387,126.07524671052632,3.9517582346432527
3.8118113752529528,-6.9469362636265775,-2.6640275003558096,388,126.12831111495845,3.94620490916289
3.392169759631766,-6.641224502963285,-2.456685560744684,389,126.14155557479225,3.9955669362601096
3.8668263013191884,-7.009676393296761,-2.353985768288894,390,126.03642226454294,4.215824089636434
0.9478673872890188,-4.131800650940951,-3.2520570202266406,391,126.01514889196676,4.255797472525184
1.56518238688168,-3.9567175729628,-3.960092507554568,392,126.02665663954294,4.251951127766208
1.0584147008147242,-3.2577438933200105,-1.5200752188679034,393,126.04148091239612,4.192990376222162
-0.72467282836347,-4.513014261820211,-2.0406991333586886,394,125.85078882444598,4.174730513466759
-0.7405420856969611,-1.2482945080706662,-0.4724363480999086,395,125.85701069078948,4.117146251510606
-1.0866112564029706,-1.4739089386486905,0.04140499897317572,396,125.73942823753463,4.077681189458525
-0.07306386745514698,-3.1520454797303303,0.8991250537475988,397,125.77440594702216,4.06755523094605
1.4006417486087437,-2.838765639144858,0.8769438867884207,398,125.7729559816482,4.0714754891193925
-0.538235348698244,-4.961506325094622,1.2794543072184308,399,125.76896316655125,4.092634582146255
-1.8722106074799374,-4.591890969720996,-0.17955328805389856,400,125.70931440443213,4.079186395749006
-2.4101227369149525,-5.205216241399352,0.015578860966672709,401,125.70943884175901,4.073239003183593
-3.1807980450942432,-2.7356005890900965,-0.22457080539902277,402,125.70000324619113,4.075316971462328
-3.540411020438099,-3.80048796976135,-0.6450589382920979,403,125.71431894909972,4.039849906803112
-4.238151911006382,-1.138000153180636,0.18221613404702744,404,125.70334682306094,4.040509692828752
-3.1477844504806267,-0.8359627828497938,0.23809409497645298,405,125.66332128635734,3.9721539380884
-3.873356650422029,-1.551393978039988,0.4913222835574893,406,125.60761664646814,3.964754828636037
-1.882786754522983,-3.038485110891321,2.197289951243851,407,125.59792135560942,3.939704237925762
-1.7760357151684545,-3.2150691814296413,3.115387391026117,408,125.54581998788089,3.9566355029680507
-2.5522130506396965,-3.480252895519258,-0.13769141785359576,409,125.48952021295014,3.918138454759965
-1.5906335799543412,-6.047167623988824,0.8017030326748771,410,125.50328406336565,3.9210719644410017
-2.118804923899671,-5.196066792812255,0.5282140111004824,411,125.3414614352493,3.7861834030742476
-3.212388531857529,-2.721018348537565,-0.32555440641337013,412,125.25296485457064,3.7934541154957873
-3.8320149697949932,-2.369855544526902,-0.8259136964354044,413,125.29707518178671,3.753328025393083
-1.147239890263511,-0.7144638209529086,-0.7168432518819312,414,125.17586781509695,3.7417105257878527
-1.693747145798464,-4.881904346180667,2.1033928549803766,415,125.19268308518005,3.594223290186101
-2.271266431268122,-3.45014200423694,2.7555471373950002,416,125.18787331198061,3.5912074211807505
-1.9019993687073862,-2.5802613653577358,1.806152134480003,417,125.08852904259003,3.391596230526912
-4.3655059239886125,-2.400060021795473,1.0583459733482596,418,125.11855090027701,3.3216747240939344
-3.575216257770678,-3.338215630231057,0.6666561047118983,419,125.26314166378117,3.3852598127277016
-2.5723572210401757,-4.641713155517815,-1.591527261756879,420,125.19170922783934,3.3816261961835483
-0.39639497230861864,-3.869451182228856,-1.8890965769822803,421,125.25258072195291,3.3230159851738823
-0.43156232915838216,-4.541629844866146,-0.20169022305755924,422,125.25146078601108,3.3280300234185143
-0.28614196623246557,-6.241241027784766,0.2970884163263189,423,125.21669407894737,3.2785354625653236
-1.9396911975396467,-7.359112022288645,-0.764075135964182,424,125.21783024584488,3.253063916896735
-0.35931549788813544,-6.646767015985286,0.040746871563336506,425,125.20755605090028,3.2493557626695893
0.6673050466804852,-7.467220563755159,-0.579501325140824,426,125.18385344529086,3.2551913646858135
1.7714820761552081,-7.5898194732139,-1.2344110470531682,427,125.16744394909972,3.278685376849103
2.8223686921672853,-9.77552681188114,-1.0624204910071113,428,125.17059275450139,3.291801799500585
2.4192180830926895,-6.408758183715312,-2.042932900447613,429,125.32882293109418,3.2678952056695105
0.36129888300882396,-6.601828816287423,-2.677681375069368,430,125.2668423216759,3.3182936651206196
-0.1875980750838898,-6.510530710660387,-2.074101059760756,431,125.19466326177286,3.3274845455947277
2.0587032248270107,-7.208609924894259,-0.48248967654968644,432,125.19490131578948,3.3445134618566725
0.7595699443876974,-5.693496390587889,-0.9081566068248494,433,125.18863616689751,3.3691106630142245
-2.842875959085596,-5.138950770854078,-3.017481433479481,434,125.1801690183518,3.3751477267031706
-2.513981916028647,-4.217519610246934,-3.0734460531837757,435,125.0701393698061,3.3578187908073964
-2.333529710936895,-5.36207644915466,-3.287696306432849,436,125.07503029778394,3.361998639370837
-2.961939185734702,-5.423565896778059,-2.266598895556763,437,125.0705397333795,3.404892656199711
-1.0230709550693324,-5.0941951612468905,-1.971341036924303,438,125.04173519736842,3.4232100813269817
-2.022495947194789,-4.846426400601823,-1.887564551253653,439,125.39459076350416,3.381567142512439
-1.8925570195421813,-4.375046271148214,-1.8646076398792653,440,125.40106150450139,3.3870204313340393
-1.9670213252592565,-5.479901124858013,-2.293954721354804,441,125.16360262292244,3.3670195090031325
-1.5514116950658743,-4.159370200533186,-3.0589906112232454,442,125.15294970567867,3.3856178141775257
-3.225217603835183,-4.7904502318225965,-1.3285956798723113,443,125.03615174861496,3.424207975412318
-1.9284025096902055,-5.212398503846401,-1.5586188613653065,444,124.88835266620498,3.471183507099337
-1.5922371955069343,-3.4711612264783223,-3.040366972688289,445,125.43072087084488,3.4574001720278726
-2.8018734976319633,-2.127496104864179,-2.955017249254089,446,125.40606604916897,3.4567221248125746
-3.0536532096453373,-0.8355189711279157,-2.098907656855106,447,125.4243096433518,3.4851597958860814
-4.088178348156533,-0.7741353822046155,-1.756259642701618,448,125.20562456717451,3.476108343165479
-3.6889895399073014,0.5313880198717973,-1.9291340711711678,449,125.05525017313019,3.453507953073006
-3.2000539001691664,-0.013617487193061828,-1.0121025260480094,450,125.23847061114958,3.518115577670698
-3.5781270301566077,0.7798874012997954,0.5122473969460947,451,125.16466304536011,3.495833766096931
-2.5362909588160942,0.8613216191503558,0.8473486814957196,452,125.1827659712604,3.4966632656277294
-3.348148494283657,0.4010289213259962,2.8672081125750357,453,125.1544429536011,3.4575256731356987
-3.076975770750354,1.3335922904310105,0.555192402261317,454,125.1709390148892,3.4106305865744386
-3.017327081150148,0.6807536659280805,0.8944802583759859,455,125.15953406336565,3.38563326597585
-1.8772338008897629,0.8449924350744455,2.3821724405291476,456,125.17434210526316,3.370874636189138
-0.877658259577547,0.4032189900128888,4.483334239737011,457,125.1839562413435,3.3734422970294067
-1.5555869094079027,-0.7047072463995517,4.355170640678855,458,125.19667048995845,3.373158606587784
-2.5148744536489076,0.8145788032333245,3.5117488155251464,459,125.19537201350416,3.375221137912297
-3.403231556853769,0.3574590868344414,4.939724302705046,460,125.20876255193906,3.372927175941452
-3.102210933472551,-0.11326760788423838,3.2392490331487793,461,125.20393654778394,3.3984331990784584
-1.071483919445945,0.49914309747849295,3.6052199062872656,462,125.20728012465374,3.4017188834972623
-1.307376066206875,-0.18887033810607232,4.961662131126818,463,125.21029908240997,3.427577081863435
-2.528310560437438,0.10322621178491591,3.777702847050457,464,125.22506384175901,3.4205207260990775
-1.8267231857158852,0.5033144251390381,3.003819111196224,465,125.22415490824099,3.42027911956491
-3.9591130434269126,-0.6539112121758972,3.9162520858011387,466,125.2300413348338,3.43893803425775
-3.0713457545073615,-0.6547347711842876,1.9637515747055707,467,125.2366906163435,3.4423146649066467
-3.0717063646695713,-1.1373804144773074,1.4412537348677992,468,125.26623095567867,3.4540974345913344
-4.847906297586192,-2.817268205717403,2.317982098003949,469,125.28921939923822,3.473661374975108
-3.5079829609089996,-2.550585176708151,2.5517051073248562,470,125.28493983725762,3.4819038648995573
-3.804878186375251,-1.6396319820605043,0.8039163884962178,471,125.3067217797784,3.482124342821238
-4.527647270673832,-1.423009296077954,1.9587854627908554,472,125.33765257098338,3.4979493060807516
-4.196574299051861,-2.2359897363439996,0.13441416215220567,473,125.34851108033241,3.4940963968221745
-4.877113755636363,-4.141761304389228,-0.06625395554338909,474,125.32015560076178,3.5421509217277247
-4.55156283288084,-4.900137640052052,-1.2404421305915578,475,125.34008180401662,3.5325291136798738
-3.947390236947676,-4.20658677071613,0.04538992353288971,476,125.33031076869806,3.5364054719834717
-3.1709142136404607,-5.119508905419217,-1.0734071228268607,477,125.30418975069252,3.568378046518777
-4.7621538705605655,-3.9951019910231422,-0.08442050073886365,478,125.3084476713989,3.572368200567696
-4.564489514227994,-5.65194814333925,-0.8648063561126588,479,125.29728077389197,3.579110657322381
-3.624064170283895,-3.7805262082421507,-1.2521167136602622,480,125.26553843490305,3.6131612397586186
-2.832149916982306,-5.672821053101762,-0.9495740902163572,481,125.29624740304709,3.6220668268093963
-5.456962307284728,-3.641276738252167,-2.3465233203346845,482,125.28867295706371,3.6214715798384205
-5.1928534046203865,-4.735378827353507,-2.3252532109595663,483,125.28323558691136,3.6293171242343907
-4.3131744338012314,-4.203070748931589,-1.0772290689879962,484,125.28519953254848,3.664889489137473
-4.205231560625592,-2.308150595931158,-0.4645993175394852,485,125.2756178583795,3.6814620793786963
-3.8033215072661206,-2.4610999345382005,-1.0907065235783724,486,125.2977460612881,3.696903020291195
-2.8299531577699946,-3.988858943474216,-0.8229621902343419,487,125.29659907375347,3.6987515919949616
-3.604037778217761,-3.8906708894502158,-0.2339389769603574,488,125.2844745498615,3.709061883752406
-3.6080371119648453,-3.5737585616327037,-1.6732665258449269,489,125.27459530817174,3.699287693809273
-4.347213702494977,-3.8443266818061774,-1.903941508120128,490,125.27572065443213,3.705092751511347
-4.505342367929629,-4.5954024065044825,-0.3673661977852917,491,125.27294516101108,3.7152068798993785
-5.497213954588591,-3.553905682235591,-0.10600828645143405,492,125.2230187413435,3.738474766005989
-4.26755051904287,-3.709226708449164,0.03735024385814242,493,125.22832626385042,3.7247067067461326
-4.552822791566157,-4.620402851811767,-1.09910039640088,494,125.26297394390582,3.722546414133444
-3.747616079561542,-3.5968206970880825,-0.43416791330310855,495,125.17815637984765,3.7375103922663415
-4.572080886871639,-1.5814629298323921,-0.08229822822408944,496,125.19261816135734,3.7379262649830043
-5.65371394874536,-1.0937514516583562,-2.1733517392606014,497,125.18078579466759,3.7592961848748123
-5.469732993856597,-2.822719584739778,-2.3163887704837585,498,125.16657829813019,3.7578521230927966
-5.312196412339435,-1.9051117974880685,-0.8532265809938352,499,125.20802674861496,3.7399041277215708
-5.29796242763065,-2.853635853088659,-0.8642575608889304,500,125.19298606301939,3.746394194985026
-6.546065756498776,-2.8246815506505154,-1.1292971815381365,501,125.13569078947368,3.7551389848551087
-6.6834829234451165,-2.604534630817307,-1.7794854562325129,502,125.14852947541551,3.7606076171780694
-5.969737936420215,-1.9996302448136885,-2.3206032244808688,503,125.1623636599723,3.7574755410687537
-5.291433468325061,-3.017326283134906,-1.1391939540996336,504,125.07504111842105,3.784435122669914
-5.961227823256307,-1.9347468629154947,-1.932149192355892,505,125.07737296572022,3.7859572385054014
-5.56673010026507,-2.3141355913734696,-1.639765755534946,506,125.06706630886427,3.794017007808271
-5.387166796066079,-2.207810855770426,-1.5339473017441592,507,125.0316503635734,3.7943462925959883
-6.46259517422647,-2.0712444178631935,-2.1571160557542535,508,125.00064382790859,3.796270964139189
-6.21024439401243,-2.125338263056378,-1.14890714861394,509,125.01372056786704,3.7749373560516895
-4.780835351842417,-3.648580267622821,-0.5774437052197812,510,125.15653674688366,3.777844199352386
-4.027341881814829,-1.5517206598133102,0.5604164177021876,511,125.20657137292244,3.75478047303837
-2.308001464299552,-1.964729868714605,1.0358065855231353,512,125.21508721433518,3.7563443120602216
-2.4830964732767886,-1.7288228928767837,0.4676690170677854,513,125.32722688711911,3.7707274493486675
-3.6693513799196684,-1.2438572726486354,2.000982379017116,514,125.1653068732687,3.754600574460296
-5.167492292269915,-0.10145701060687067,0.6262368757413241,515,125.16481453427978,3.7601274610996795
-4.939289197320491,-0.9078760319388341,2.141311006854267,516,125.1053875952216,3.770118319480184
-4.39241219149058,-2.168194599446689,1.2570451257392419,517,125.11375735803324,3.7707996696402186
-4.963485882508839,-1.1832117686990888,1.3138882440606208,518,125.12067715547091,3.76825371424644
-6.085753588307369,-0.9705454501315192,1.0666054342544806,519,125.04437543282549,3.770818369916274
-6.416327727620177,0.16763128721613654,-0.9245449208483985,520,125.00811547783934,3.780650875841599
-6.230130590465693,0.5509841610606584,-0.10333639497546149,521,125.03234829466759,3.778805356794398
-6.950334432823006,-0.9359540790656146,0.18652696575207212,522,125.00025969529086,3.803788705913577
-6.715785561347512,0.6843746646787162,-1.3204679028342836,523,125.00959790512465,3.826080856438797
-6.965934045792586,-1.8796145738649521,-0.08910398236936994,524,124.98583578601108,3.8243258350727096
-6.960695289705768,-1.3894807552739146,-1.0740487573652129,525,124.87971238746537,3.838040994074911
-8.114087111536529,-0.28479496354292155,-3.1930423700668964,526,124.91226627423822,3.8393194118515614
-7.559716412415353,0.42116864798894027,-2.5394427607477206,527,124.91222299168975,3.827653150743434
-7.307787709930991,-1.4416263058991965,-1.103762888529946,528,124.9066774151662,3.8367682900614923
-5.82113732748585,-0.9298897696379322,-0.6670088732714697,529,124.93595264889197,3.8231554935902667
-5.994356810743865,-1.8530886069389003,0.29746318781162934,530,124.92812932825485,3.8219626834051805
-5.846187708864659,-1.99992039629846,-1.3378606478212893,531,124.91441417070637,3.8191196881443057
-5.108777076330597,-0.9475822899834436,-0.7105160803628914,532,124.8911065183518,3.8212109765372606
-6.561049382322636,-0.6066055172163423,-1.956737727732329,533,124.88454921225762,3.8309237891797685
-5.975503108610896,-0.5626261842843848,-2.5988314994931043,534,124.90377207409972,3.812530088915913
-5.478544206910833,-2.453822600248607,-1.103114639296109,535,124.95062002250693,3.797448832063421
-5.304165066682555,-2.159531070781372,-0.309872857777475,536,124.94806635214681,3.7973253487692404
-6.018458584981478,-1.0071394829557114,-1.1705188094030476,537,124.95935227666205,3.77493887750912
-5.053423109171888,-1.5508249361917326,-0.8934987543411493,538,124.92574337777009,3.7634438738301075
-5.124969051469501,-1.4077181974338153,-0.8641747988811981,539,124.88568537915512,3.7396084736215407
-4.404006760657268,-3.8865753157917564,1.3639896990367375,540,124.83505020775624,3.7536504471656778
-3.48482103587863,-2.62600903213911,-1.1456427081727838,541,124.83784193213296,3.768217965034071
-5.663995099512083,-0.9990381697318419,-0.9310916023358671,542,124.83791226627424,3.7712132724073504
-5.561245845220234,-2.789565771330923,-0.3866205860594767,543,124.8570593836565,3.755472318498745
-5.441065910716608,-2.1145167655261807,-1.4080684430616612,544,124.87715871710526,3.7592049559994516
-5.832295362004821,-0.9565368363196075,-1.0380413741648313,545,124.85059405297784,3.7393543203640234
-6.827302033725318,-0.9535500338749191,-1.1033995605229707,546,124.84371753808864,3.7426834442071915
-6.408897402311204,-2.15381571467736,-0.8486549925444336,547,124.81936569425208,3.744386039392465
-6.146857438965776,-2.309103750937814,-0.8726871019054059,548,124.85414863227147,3.7522443615177576
-5.376420889366764,-0.6408728483064455,-1.7430068766757927,549,124.81380929709141,3.7496201150025663
-5.753406898065102,0.41235523302125615,-2.7616309753616783,550,124.86465006059557,3.750770870166663
-7.340461744623765,-0.1408575263024449,-2.8604695063925063,551,124.82616646468144,3.7411144719577965
-5.813840504885122,0.10250964811635761,-0.11788856216720706,552,124.85035599896122,3.7432296083154517
-5.7844063372285035,-0.7754769251531907,-1.376906458388793,553,124.83065161876732,3.7580808965706995
-5.3322924059625345,-0.6503098191369364,-0.7049146121533894,554,124.8495282202216,3.7589923666329277
-4.739096370941152,-0.8243203749303086,-1.600303362621867,555,124.89074402700831,3.7729977037162663
-4.870047754577571,-0.013015809151784683,-2.160941957612743,556,124.92412028220221,3.755367386458207
-5.4411117065088055,-1.646403083499185,-2.031226443453146,557,124.89760431094183,3.7318923056264546
-4.480585764482725,-2.2351039115254885,1.2336888884705266,558,124.94096260387812,3.7224086744191416
-4.194666410987732,-3.5562549116077657,-1.9968293787643168,559,124.97663824445983,3.7257588822874084
-3.997464705816574,-1.9411787477562552,-1.7971042262593777,560,124.9904075051939,3.729288456063911
-4.82360220178337,-2.509711887710663,-2.6229290710014235,561,125.00008656509695,3.718870906036151
-6.227411901847181,-1.9750327101535603,-2.4129156000297667,562,125.11057068040166,3.7148359358597465
-5.106947664290494,-2.5610499125280755,-2.763486912452279,563,125.15050424168975,3.723894271632778
-4.186874728567634,-2.464576755172012,-3.381188524016171,564,125.13078363054017,3.729077152625755
-3.4209406122180552,-2.235293648785494,-1.8478074436795278,565,125.08400060595568,3.72655396034027
-3.0877350231450307,-3.015164507227311,-2.805460578982335,566,125.08691135734072,3.730226060857963
-3.7346797675890486,-3.9222192108243332,-2.442584127111677,567,125.12146165166205,3.7105972099015534
-4.776136260053638,-3.1478243736241147,-2.3019239266778064,568,125.20993659106648,3.704172954071555
-5.169857721930659,-1.5672582420929577,-2.932417197942396,569,125.26956912222991,3.706868163726035
-3.8318709711114303,-2.7913354800031245,-2.1572249069666674,570,125.25779626904432,3.742279426960816
-3.907676169139046,-3.118197725388564,-2.6071504684455498,571,125.32736755540166,3.7243358168686473
-4.157316035359153,-2.85972881462255,-2.8514360803310037,572,125.32244957583103,3.7196973459772167
-3.6966924884257035,-3.8741664375974674,-2.7455185422047372,573,125.40725631925208,3.708992021988217
-5.1146930466146365,-2.3402309537456,-2.2725692650689138,574,125.4714659799169,3.693403615287091
-3.8743248410987774,-2.5921365442565953,-2.8652619330779734,575,125.53846736495845,3.6974446578157547
-4.678556882399837,-3.1859183862308162,-2.2037966944867073,576,125.55937824619113,3.687114410360741
-3.1951336260539285,-3.6248325859109767,-2.256983959973399,577,125.73690161876732,3.6791641282514584
-3.6768814535688987,-2.6205250260411663,-2.358626519002061,578,125.76475934903047,3.6827163559511944
-3.5614061187807753,-3.9037390842604935,-2.072650061375816,579,125.38865564404432,3.715312255467963
-5.901537575510117,-1.3644242024448934,-2.6231815105252747,580,125.37787828947368,3.719192608055789
-5.1671515819660145,-2.222421467922213,-2.8370718665317765,581,125.17592191828255,3.737501265938177
-5.5296138123475576,-1.0760837282986875,-1.710310644852547,582,125.2436320550554,3.74202253342709
-5.426244166440609,-0.667545092445628,-1.146417089494334,583,125.30064058171745,3.7449307666182503
-4.67896808602183,-1.2986807154355118,-1.0184846800933862,584,125.31288954293629,3.7470863815632955
-4.083048131704958,-1.7936253363633279,-0.9216400197180034,585,125.30487686114958,3.751255644662378
-5.390621141157346,0.4098336013636493,-1.8688099289727274,586,125.3718025017313,3.752716807602854
-6.47537521001372,-0.706680412078031,-1.7803753565217437,587,125.38463577735457,3.7338722317332573
-4.610125949325369,-0.7365807228787781,-1.4094869292123509,588,125.38731388504155,3.71926178607966
-5.379440133159673,-1.43387778628257,-1.7817117968437555,589,125.36284301419667,3.71011618249618
-4.616732112277949,0.04166666878234932,-1.5692550610174933,590,125.35610175727147,3.7113939565713867
-4.462927695957439,-0.7628673033611089,-1.5891964643267307,591,125.39915166204986,3.702501582102705
-6.780085713794333,0.41068706941639543,-3.0877514115262974,592,125.59980955678671,3.7214778520537943
-7.464206620670965,1.6897009524598205,-2.5059930088150013,593,125.64502899930748,3.7239233297537786
-5.324464308231574,-0.13734183330315303,-1.9403406885273597,594,125.61778263504155,3.727578435794403
-5.28889793347831,0.06359911855596294,-0.4147814772244798,595,125.73128029778394,3.749162185479834
-5.434356325725319,0.5996035304197689,-1.9284403387972842,596,125.70059297091413,3.748244025940331
-5.14921313749945,-0.1537726891472711,-2.1059500769102497,597,125.7843663434903,3.749503225346598
-6.752705603476741,-1.2717765580901361,-0.938740525272328,598,125.80858292936288,3.7465764248509985
-5.359620953198089,-1.115328309959304,-1.7535444798788313,599,125.76804882271468,3.744591202187058
-5.130469467126706,-1.0666125310229593,-1.852475850816054,600,125.71586630020775,3.736816982513011
-4.614434919154537,-3.0474926089137155,-0.35090639611445773,601,125.75595135041551,3.7375799957494817
-5.851620210764427,-2.635499443899322,-0.349130926438708,602,125.76507314750693,3.7395982182477505
-4.981846542805367,-2.3948712183069896,-0.059588167934995245,603,125.8346390235457,3.7551451322165015
-6.736751644069357,-1.7631618305935024,0.08641939433201638,604,125.83436850761773,3.761998784810951
-6.287292392505535,-2.10744557352036,-1.6906915852720192,605,125.8678962517313,3.7544688019683035
-4.821066999887571,-2.872201133392794,-0.2701943792250733,606,125.79411573753463,3.7790636077446718
-4.900457561762503,-1.3378842637676747,-0.41697320150933065,607,125.85384024411357,3.7776037686925346
-4.8213454798176105,-1.661026302786011,0.37668394141423117,608,125.86662482686981,3.7740897515378196
-5.78439786997722,-1.182792946838694,0.08071907952492861,609,125.5452573147507,3.8158338966938428
-6.221282216299636,-0.8909396157652927,1.0844185116860212,610,125.53786140927978,3.8418671690141726
-5.295983097787715,-1.7598287175072398,-0.2959432372255854,611,125.48376904432133,3.8574825504123935
-3.9015818850852897,-2.1198168500855266,0.05723901924632887,612,125.42910859591413,3.8454950400983217
-5.609562929882257,-1.5038544222920578,0.18773618369852882,613,125.46900969529086,3.8575502568374858
-4.883783700702916,0.3902888011761995,-0.23218908187317064,614,125.44701675034626,3.8584532679144865
-5.49478688702433,-1.234398208858505,1.1213024609443127,615,125.38755193905817,3.8520978561659724
-4.4068361940917855,-1.3108485051675356,0.4326053646379128,616,125.54692910318559,3.8858184207710176
-4.431186831702963,-1.2110751537882491,0.7074770198135106,617,125.60046420533241,3.9054446445676696
-4.5578961616391505,-1.4882754499646482,1.6151429752938768,618,125.62509738573407,3.9249862794064163
-2.845757747156083,-2.5223034771738693,0.26057219206247484,619,125.67547827216066,3.9387441067684836
-4.707361414751162,-0.463491521111206,1.4682504717268667,620,125.6767172351108,3.941063564992364
-4.574676603013135,-0.7453919261656091,1.2027238215353286,621,125.72837495671745,3.9381053101545525
-5.367540874288917,0.02809498051090754,1.7684598408394947,622,125.79356388504155,3.951554981524357
-4.382520577248104,-1.6572323842683516,2.568589910109703,623,125.82587971779779,3.941396171688946
-4.378695948530806,-0.32648084170625813,1.658630442768874,624,125.79167568386427,3.9316965756881044
-4.759098971211511,-0.39912565235702,3.3062490694064794,625,125.74124610457064,3.9352838486115918
-4.337706406401856,-1.1333431846031616,1.4534064282089108,626,125.74462755367036,3.9381360195337987
-3.880075816003008,-0.29495572686517985,3.4676677920804013,627,125.70300056267313,3.929680328886587
-4.0295094411026735,0.10553259456044513,3.1933681978476947,628,125.68033673822714,3.912329228762922
-4.598772981185044,0.36800381639699076,2.949443775144284,629,125.62777549342105,3.9069425141995326
-4.263129869064614,-0.16614935451183807,2.724013887236218,630,125.56665512465374,3.9052677455556113
-4.573227840324817,0.14622535121978983,3.3424682830577606,631,125.69125476108033,3.8997179471606844
-3.1662824593587677,-0.8938499816039677,4.687341706060908,632,125.69171463815789,3.900408186393238
-3.487943471946283,-0.49216830930313804,4.0487097083962995,633,125.64048974203601,3.8987502245028196
-4.238769590496693,-0.3561303279210534,2.9705906654710215,634,125.67189123095568,3.884346557613693
-4.079272343360905,-0.17400355703441872,2.641532963849424,635,125.71439469355956,3.891106138545373
-2.6689486636308866,0.14594268270681754,4.292041761891731,636,125.70357946675901,3.894773915206816
-2.681927040054639,-1.4431585488681082,4.2408309234447,637,125.70766966759003,3.8991778558541537
-4.0568965764384055,-0.22152771507710872,3.3540535940281364,638,125.71714313538781,3.9050590540861045
-3.7776376811693253,-0.44559117604306014,3.0546954174400884,639,125.61426592797784,3.885170938017707
-5.777537387189813,0.07552574086699404,1.6090956217640329,640,125.64018135387812,3.873779458497328
-5.609448235019604,0.14753729693324594,0.6442348845022182,641,125.59650926246537,3.870063770483622
-4.951642239201061,-0.82926871457113,4.553965731520366,642,125.52407591759003,3.8832826923304067
-4.163656150314828,-1.0199017007727171,2.8668495560334137,643,125.51883872922437,3.8898992182752328
-4.0291743903593575,-1.6634077995597625,3.6359447506030103,644,125.56215914993075,3.885005129935604
-4.2863303459180315,-0.13929903406571104,4.2571849742583145,645,125.48667979570637,3.895618533899738
-4.2753971737544285,0.9234065176381173,2.47259827457285,646,125.5202400017313,3.9001813480644514
-4.112455237482059,0.43595453729018024,2.6222779745436027,647,125.53897052458449,3.8938975313708593
-4.605582565175138,0.8628894926208484,2.7967636385991677,648,125.59093663434903,3.903127844826924
-5.892179960306493,-0.26133792646872406,2.0106326474682716,649,125.69206630886427,3.924674519333886
-5.959291199262769,-0.27526332675250836,1.4154211454721304,650,125.69243962084488,3.9304258437463147
-4.581520764541272,0.6265942585650067,3.009309231603472,651,125.78625454466759,3.934196133703685
-4.872903623741707,-0.7070827592867278,3.1916030076230846,652,125.67621407548476,3.9327337416260777
-5.824526972366139,-0.7894105517740135,2.9207743390458094,653,125.64927068905817,3.956452617933052
-4.897768183571972,-0.06752875139219806,2.4131518864560397,654,125.5704207063712,3.9723350622315916
-4.747535758086567,-1.256135725555132,2.648835404863135,655,125.64282158933518,3.9991997146198752
-4.27882906179681,-0.6381912210596252,3.994590178957323,656,125.63978640062327,3.999594948403958
-3.701095443577007,-0.42236643622316794,4.150184077053355,657,125.69002661876732,4.022716559037531
-4.478874026222422,-0.6206231394344914,5.555104605461364,658,125.75642745844875,4.0244613458638
-3.278092355351892,-0.7077291748557505,3.221769386155382,659,125.7632715114266,4.038480056321764
-3.372377110509301,0.6581388022632616,4.591286401456926,660,125.78931137465374,4.056904937509713
-4.406481179051161,0.21274291154492672,4.274871291641207,661,125.8130356215374,4.066527963631332
-3.0029632011831775,0.7828024819239676,6.389172713250515,662,125.81864612188366,4.069848753304458
-3.117498120875614,1.300375518511011,5.764896376038098,663,125.76239503981995,4.07517250082817
-3.247179313624889,0.24045997658681212,5.436163904491234,664,125.68808972472299,4.095202837133883
-4.296863428707567,-0.9883892396309536,5.459966883811837,665,125.75062218663435,4.100567408319266
-2.1357896679403816,-1.3726858291255173,6.161070486325256,666,125.76762681786704,4.100704141206187
-1.9940764711423808,-2.46592826855021,5.393847363646209,667,125.78749350761773,4.1048756719694595
-1.655242203802029,-1.603636300731872,4.943565059157049,668,125.78604895256233,4.104713209432002
-2.8616208696783785,-0.8674693014544279,6.171916909136304,669,125.87147247229917,4.110026631114536
-3.648767790587857,-1.6213942143164823,2.8177252202791823,670,125.89680358379502,4.108892714465666
-3.301779640071305,-1.3596530297301048,3.4593713289965584,671,125.84119091932133,4.1132890390912005
-3.1617847801492514,-1.7106143245917398,3.713298251173346,672,125.74448688538781,4.137153358111342
-3.808068830769442,-0.568788238067543,3.904325012657054,673,125.77707864439058,4.142935104581322
-3.2222136204744287,-2.234487458392708,4.797601630038904,674,125.79092905990305,4.14377349725385
-4.048125989724366,-2.433936660246799,4.408908395107653,675,125.87141295879502,4.167404534869438
-4.926212441207662,-0.937597958849366,4.688853157624052,676,125.90377207409972,4.178395366200748
-5.760268659890934,-1.4689898548068006,4.2549949138475895,677,125.93503289473684,4.191303999061088
-5.4180293705092755,-0.8237240515045663,4.83562239198389,678,125.96263092970914,4.21368247186268
-5.296535309908196,-0.839448659805376,3.927055351275615,679,125.91215806786704,4.229838461565874
-5.15738601244514,-2.2062649250319537,4.652331740081901,680,125.94869935941828,4.230952104898345
-6.0798607722453335,-1.3289939125362376,4.338998790596765,681,125.84459942001385,4.232368859139785
-6.93696827563974,-1.6732675641831944,3.288786304356328,682,125.80010496018005,4.234533120878875
-5.707888200410899,-0.2562856610988468,2.5701247906192504,683,125.80750627596953,4.242462072600823
-6.607589297001278,0.14381742091488645,1.7872208548256645,684,125.83009976627424,4.245380554632146
-5.294632220879458,-2.2320292331260663,2.8891014433742535,685,125.84973922264543,4.230624360094924
-5.206967417108862,-0.3758998728897969,3.48886862889068,686,125.83643524930748,4.229982640161038
-3.777494739555374,-1.3499508460215786,4.230373474736227,687,125.88870974722991,4.225322091196877
-6.372293752363767,0.44157874240199696,3.1083277989228866,688,125.90777029951524,4.229233946231489
-5.8375798394851,-0.26493302428440996,1.3489989482870928,689,125.93626103704986,4.215748025616414
-5.761402268059628,-0.36420871263763016,2.3863804877910644,690,125.85919645948753,4.228088723406999
-5.971731442128872,-2.226060809058507,1.6987360022679951,691,125.83158219355956,4.228973003453349
-5.486923834865407,-1.6359231582853728,2.0151736012845762,692,125.8402062413435,4.224065372514937
-5.378044228379145,-2.5236722568702676,4.114317370353902,693,125.8624913434903,4.2237877060723035
-5.903099381421042,-1.4839175543933358,3.027081356361553,694,125.88767096606648,4.242655740256073
-5.847877390435123,-1.8695643678933715,0.937901198067267,695,125.89909755886427,4.237902859837086
-6.811149188661202,-1.50273971564945,1.3650317316688314,696,125.94047567520775,4.243766491646435
-6.53141152522686,-0.9603701286870308,1.1804671561256992,697,125.9038153566482,4.233673177600821
-6.654981562470462,-1.5598239068208235,0.2685913371515497,698,125.89994156855956,4.236540132350517
-6.122601950253286,-1.3952945914068828,1.2072916422909126,699,125.88231475069252,4.2148986717071555
-5.893219929491788,-2.187654065931113,0.6737295891229833,700,125.8483920533241,4.205364481351474
-5.752560655441855,-1.7535431140526367,0.6289929002523579,701,125.85899086738227,4.188304965668308
-4.663598864182599,-1.1375622518284827,0.4677920526256049,702,125.83904302285319,4.174020537991888
-4.69782967223518,-2.5592820207948073,3.6283987863045146,703,125.8176776748615,4.152512734015575
-4.615318650489852,-0.5802674387706853,2.408506964383202,704,125.82422416031856,4.160341488536994
-3.871933283908347,-1.4415032878710168,3.079007864432782,705,125.81375519390582,4.136102770358191
-4.870790694991081,-1.0814503247269673,1.9348506513806103,706,125.87062846260388,4.131486753366265
-4.977468596075415,0.28642853661562534,0.188782509836983,707,125.85217386599723,4.127227989868584
-4.9320206647630025,-0.10017592527350049,1.2862564277111752,708,125.83118724030471,4.126981314404516
-5.417947405048083,-0.6898316680113368,2.6551571711523,709,125.83723056613573,4.123737287388096
-4.323434773530438,-1.6216056806931862,0.18306224964790693,710,125.8148805401662,4.120894673553733
-5.066378046253698,-1.3573515711343158,2.0903676970932557,711,125.83347039473684,4.129965701454029
-4.3125422182230295,-0.6845231882931393,-1.2157374453819805,712,125.83783111149584,4.150108708461602
-4.245112259701054,0.2163006464521824,-0.34382834353822855,713,125.82013395948753,4.166633758500823
-3.9906380322426602,-0.8288153178530272,2.4460246645693684,714,125.82308258310249,4.147652727725757
-2.7252925420597025,-0.9574518768570415,0.406552392391093,715,125.86147961391967,4.147426032493967
-3.836038665040776,-0.9032139413297939,0.34123752943838376,716,125.84217018698061,4.153826060148854
-3.9613115660457088,-2.324527273078781,2.4875824495071024,717,125.82893654778394,4.1362677513157955
-4.703036806276671,-0.6670241166561588,-0.39256126799275887,718,125.82069663261773,4.127311536875669
-5.459338049222421,-0.6112938944139407,0.7064920595748088,719,125.83613227146814,4.097402567858777
-5.279971600479198,-1.5728626171948241,0.6226179348512404,720,125.80963253116343,4.097875571036718
-5.501802358564974,0.23419730037201686,0.45405504743201874,721,125.78925186114958,4.100992915725343
-4.790657041119428,-1.0917894320812889,0.5546882299781363,722,125.79333665166205,4.102283340779298
-4.365365643215127,-1.7768161612828455,0.47010457853677173,723,125.84016295879502,4.10877821564
-4.832542832803709,-0.8412043287632397,-0.5866892927034283,724,125.83212322541551,4.095093679473337
-5.740701347990513,-0.43874143890772827,-0.5205580131871164,725,125.81126103704986,4.093197283659113
-5.652569757644537,0.8899310123970706,-0.1479711403761969,726,125.80414646814404,4.097358914552143
-5.465490185591594,0.4848567769212517,1.4597654961685262,727,125.78258093836565,4.1057658465290725
-4.510581388747834,0.3947446644783231,2.0914274506653894,728,125.81949013157895,4.109625684178455
-4.927623378897844,0.032657982740736786,1.4747111038479204,729,125.87379890927978,4.100526420171679
-5.624900568416351,0.30682155497643715,2.6667685253607085,730,125.83278869459834,4.1115702412369215
-6.2434148509152365,0.8858480375466958,0.564159267638189,731,125.83523956890582,4.128115000769726
-5.015375089793275,1.35507207530372,0.47099696824065485,732,125.81695810249307,4.128824282591199
-6.465405319642769,0.5554611633494033,-0.07993905430971697,733,125.75971152181441,4.137906944341636
-5.426026310154182,1.5644884835998791,1.589549261465463,734,125.80471996191136,4.146939475789159
-5.828773578514385,1.173656607747779,-0.7274747928856119,735,125.82894736842105,4.150620200829
-7.68621274417787,0.04645278851897151,-0.9555975766992868,736,125.82173541378117,4.152315222544067
-7.6323189926647865,1.752301306094085,-0.9699334750081353,737,125.83686807479225,4.161524483799705
-6.5662117844766765,0.22825127108339005,-0.8256259885381306,738,125.84693667763158,4.166160085259582
-6.464120534495214,-0.03592385115984511,0.24525515926161343,739,125.85717300034626,4.165811463323492
-6.530712244219582,-0.027824306896021424,-1.338195558624087,740,125.86066265581718,4.16750011490367
-6.25041310841783,0.08844868387159006,-1.4529449350290997,741,125.85228207236842,4.188104136960172
-7.557959395306277,-0.3861504499218051,-2.9978920276707326,742,125.86797199619113,4.187993242350426
-7.596688582435769,0.8857081878173304,-2.9562378794494597,743,125.85773026315789,4.199093552927645
-7.842475184758987,1.6738360374354824,-3.6189086508564188,744,125.86728488573407,4.2085311515762
-6.986844778317702,1.0592112909416764,-2.0417730619036853,745,125.86823710180056,4.220613268773298
-7.523713555225577,0.7366165972920964,-2.4000804434271363,746,125.85915858725762,4.227355962495456
-6.98862229916269,3.403668876398003,-2.26332877170601,747,125.8670792936288,4.231509780412991
-7.310020763507,2.352314024987776,-3.2314221697854713,748,125.87812716412742,4.22716128806408
-6.541170405730667,1.8060632587717471,-2.0866320090700343,749,125.87463209833795,4.220681853612332
-6.942355625166464,1.1930544264665635,-2.908347832431171,750,125.82275796398892,4.239825421659139
-6.336801401430818,1.3735656319416585,-3.253414003540155,751,125.86329207063712,4.24247033724342
-5.51549259941079,1.6201040385343306,-2.6589958181995823,752,125.83656509695291,4.241222285225945
-7.581729569632189,1.4440522180766073,-1.4523583747724447,753,125.8106550813712,4.24655829425061
-7.790765260812182,1.381890323198317,-2.7774126673719395,754,125.85749761945983,4.242440326948409
-7.146909302076048,1.5813650778671071,-2.7578424588243635,755,125.86133894563712,4.243487098709496
-7.286198579979297,2.9702412359154966,-2.496273430934853,756,125.85854181094183,4.23444752891438
-8.065482757158962,2.827821892135643,-1.6829305161108545,757,125.87830570463989,4.229829984260712
-7.674304768562097,2.883182887428667,-2.701215540482708,758,125.8632000952216,4.228255575663231
-7.366807773409085,3.9219781427983915,-3.5155177153891346,759,125.85168152700831,4.235639194257124
-7.6577607508182135,2.5396211116432985,-2.6576850078346546,760,125.85063192520775,4.2288248870210925
-8.280530005286534,2.4456062592870866,-3.0497586605363556,761,125.85241733033241,4.2243630265124015
-7.398042305351842,3.188851845228996,-2.89039446543914,762,125.8588934816482,4.216076419534805
-7.191291575718013,3.1133774805842998,-3.108862368919593,763,125.85951566828255,4.224915961219931
-7.396918395379474,1.7235906726527674,-3.113224490626258,764,125.83631622229917,4.225188741160434
-7.614122356863223,2.126959170975893,-1.8559146693944473,765,125.83456868940443,4.198442775640545
-6.981365746243252,2.9758688846796297,-1.0840337164993206,766,125.86602969182826,4.188838441669734
-7.215815328293533,2.343437962123744,-1.6994072194166807,767,125.8492468836565,4.179737986999505
-6.666048755182095,2.017361562781676,-1.8114401380379836,768,125.87089356821329,4.174267447478492
-5.732029882151851,1.4025132536258174,-1.332395708648333,769,125.86535340200831,4.170957995514585
-6.718736466445362,2.099957295832779,-2.528479554553028,770,125.8671604484072,4.175906906893576
-7.317934678509868,3.750338458669698,-2.1801133126091723,771,125.86022983033241,4.18321154740295
-6.956890740356029,2.7942807802752383,-2.1974306128259253,772,125.8551333102493,4.1761608060412065
-6.788089445488755,3.103547230164685,-3.515877429713769,773,125.82148112880887,4.183225869511297
-8.05581561762812,1.8308935072530554,-2.6430202155812004,774,125.82396987534626,4.181220054138529
-6.884993533529676,3.0533598463430276,-2.572432376501735,775,125.83652722472299,4.169709941220775
-6.299296353227334,2.2424256116790238,-0.9010507968556463,776,125.84492944944598,4.1706848257444955
-7.925206804985614,2.3899416064707437,-1.8663181612456086,777,125.84378246191136,4.165591427284872
-6.8381711936000205,1.8886890978293729,-0.7225257667253476,778,125.83858855609418,4.153017221633958
-7.300370774240817,1.2233908312715795,-0.21211862006716328,779,125.8430682998615,4.147803717815717
-8.308016094463268,3.078387052674897,-1.656928124841678,780,125.86136058691136,4.118174149704125
-6.922542159697038,2.002607818323773,-1.7257665778221274,781,125.8504804362881,4.109698258264563
-7.200862580257744,2.8350830090505124,-2.719664272909421,782,125.84421528739612,4.109529376182945
-6.483306108080165,2.8398210295140984,-1.3257381945831042,783,125.83337841932133,4.117689296004714
-7.043637014145831,1.1665482813175174,-2.0490434997322873,784,125.83377878289474,4.114052625064344
-6.4101179208918495,2.4788224551285984,-1.0591696260745438,785,125.84240824099723,4.1157861507633235
-5.7201727473299995,2.045767460676954,-0.9451519944653755,786,125.82905557479225,4.124390936409396
-6.168340548812773,2.3257564654985883,-0.3878832390317409,787,125.8706122316482,4.131370534060975
-5.946004049081299,2.2506871425844626,-1.448479708127421,788,125.87431288954294,4.131799613357246
-5.921726523150287,1.8236536490914443,-0.3104731083174086,789,125.8449943732687,4.141499549703785
-5.769947162771376,1.5531708916361437,-0.3859440274376923,790,125.86604592278394,4.136602925781853
-5.870463793401437,1.6480332051525013,-1.5659672715302981,791,125.84327930228532,4.126675536347681
-5.014043257705571,2.1859232085267704,-0.6398312318554719,792,125.87653653047091,4.132126049714192
-3.713691533056939,0.24051789837833196,0.39032855581733694,793,125.89304882271468,4.128727039607138
-4.568669918977855,0.9369262382873648,0.02804262184573954,794,125.90390733206371,4.135427631119454
-4.292910024413989,-0.23986398864709335,0.13381226205014182,795,125.89448255713296,4.118023879524748
-4.6974677103252995,0.9506770084327281,0.3930745963682634,796,125.9289516966759,4.094135542335879
-4.945542693046927,0.6570922456792777,0.18469447194173835,797,125.89856193732687,4.062780403690902
-4.879598438918252,1.0781250616500186,0.02976792158675965,798,125.88613443559557,4.065282979929835
-3.56749378016829,0.5170831562131148,2.1435345268795185,799,125.90303086045706,4.061555082170678
-2.2758808023978525,-0.7026269041072248,1.660559961856203,800,125.90436179882272,4.062787679040983
-1.0512901829801413,-2.7445645961868497,1.3060678656925149,801,125.82022593490305,4.018858366590719
0.1079064082632898,-2.2931506919884908,1.6255236403113422,802,125.81562175380887,3.9664973171879425
0.8364869869110932,-3.4577177226150297,2.4858734896380876,803,125.87095308171745,3.9392303851139974
2.3785220872968296,-6.6751640669740375,3.404764077411229,804,125.80761448234072,3.9018938144336124
3.1644381278013274,-6.895693212941609,2.376413470381637,805,125.80286963296399,3.87428570564017
4.066729173896951,-8.069744947336938,4.043542462542301,806,125.80351887119113,3.877839986856087
4.9804859422783965,-9.442690345737647,3.482145163761856,807,125.80448731821329,3.8375548350575803
2.160058684000684,-6.371647418990285,2.312963724844826,808,125.7723554362881,3.774595516515736
1.0158272428299717,-6.298732434953022,-0.035853725908171395,809,125.74381600588643,3.7227500823413715
4.036617168563597,-7.63155857882297,2.2471583768276364,810,125.739190183518,3.6583622991846383
3.3062190344163405,-6.194774689586067,0.5440616104560306,811,125.71859851108033,3.635697651879466
3.6965189335462383,-5.583357840692742,0.6277821533412432,812,125.69189858898892,3.637556296976823
3.7365660265489975,-6.461908332223304,0.5825002027578736,813,125.68220870844875,3.6370795661702764
1.010301813056848,-4.5510647770889765,0.04897084220770742,814,125.64499653739612,3.6185135949296034
0.6442719355518028,-2.9415240535737737,-0.7841855904962194,815,125.65722385734072,3.598004645117807
1.5576895374571946,-2.957531899343385,-1.4233877737879073,816,125.6610273112881,3.572941118222166
1.8425806833959297,-5.674755641383124,1.2419779325100628,817,125.65854397506925,3.5606549860089687
1.423840759667802,-4.201418666853578,-0.21815362120311257,818,125.65233833968144,3.5619251496677746
1.9573522327962483,-4.2539200270936455,1.919026391666791,819,125.62555185249307,3.519716147502104
1.2364635801682413,-4.666218205543915,-0.7636737009688815,820,125.5408695463989,3.5025525260952817
0.5486324614615089,-4.8742237413923855,0.20560516828332615,821,125.57694555055402,3.4829664887301774
3.128563836818949,-6.971176473350119,0.25801453140466574,822,125.60983487707756,3.4826736612859257
4.118910610472624,-7.450112407751365,1.5090895533892668,823,125.56143416724376,3.473621269163896
3.4977850701290927,-6.597103763968281,1.25619701513854,824,125.5679590114266,3.4745397353524288
3.9694611175786396,-6.204043072799653,1.2867963691835929,825,125.52066741689751,3.4597581966881465
2.489500000501013,-4.5318627628249395,1.330572572611692,826,125.47541551246537,3.4559272811630866
1.2927257089512882,-2.727358796831159,1.9098946753970723,827,125.49221996191136,3.4180547592942627
2.828866877894711,-5.802260911327632,0.8163988248676609,828,125.52523913608033,3.4341775857216423
2.687104574734885,-4.1383959237887,0.5047979475854785,829,125.45613313711911,3.428354386679616
3.181682519841578,-3.2595298852112182,1.1661658671411916,830,125.45342256752078,3.424540924649845
3.862592891074346,-5.736775022034972,2.921369823643363,831,125.4771792763158,3.4435547789765613
2.778447279315651,-3.7451394556490545,2.640269390659844,832,125.37003332756233,3.451069682829258
4.490493488853307,-3.347195206204915,4.081945095601295,833,125.4002174948061,3.430125861609141
4.679447119614333,-5.491394863134199,2.290969769808405,834,125.46625043282549,3.437164980182413
7.035989887178746,-5.4065041252382695,3.3911075098346295,835,125.43418888504155,3.418929750065058
6.597798857362007,-5.97728717327182,4.373631655905314,836,125.45240001731302,3.4152643119821673
4.623166125565735,-3.1618226737020008,3.555533574090764,837,125.23382855782549,3.421573500567412
4.799406401036976,-3.7833657026112717,1.939415526000804,838,125.47650298649584,3.3941363168172956
5.526855948393056,-3.870710606885902,1.8751797854704777,839,125.43338815789474,3.393997964178295
6.088632139650952,-4.966457878638026,0.9516771821656266,840,125.44063257444598,3.3651958929981642
7.989673040051737,-5.077058113018972,1.5529038805222648,841,125.49705137638504,3.3721244166238793
7.321581219089929,-4.635695938255797,1.8769110221044563,842,125.48712885214681,3.3733438230133954
8.438091965035063,-4.520811508973867,0.6679063941692743,843,125.48673930921052,3.3759839841012633
5.023855856819477,-2.7034536052662763,0.46472499563634345,844,125.4680412482687,3.357813999054815
3.1584498346769165,-0.6528631599564111,-0.45956559907565575,845,125.45409344702216,3.352693258987452
3.618768115036313,-1.429276314157181,-1.3006096359009702,846,125.45172372749307,3.3532774956017737
7.108889412495206,-2.959347932915141,-1.291950543131217,847,125.34454531682826,3.3635262322071586
7.539053421692607,-3.092705567805881,-1.2950074823086404,848,125.36412525969529,3.361806049750281
5.48411158843036,-2.65647784805799,-2.163886114160822,849,125.3772074099723,3.3424849487996835
3.8540240224912354,-3.1077795982371876,-3.0568389878387987,850,125.37515148891967,3.349585126005972
6.14838669274559,-3.0995976803261924,-3.637388172942347,851,125.34884110976455,3.342930173882383
9.69160306161895,-4.209624198083841,-3.45435695114234,852,125.33179319598338,3.3325835131885375
8.341318618710654,-5.939977042564986,-2.2316841309679654,853,125.397528566482,3.3527354722406946
9.05371219169538,-3.8788440855877635,-3.714363333823737,854,125.38914257271468,3.34871342429925
7.6202351147691205,-4.279135720961192,-4.171325533410387,855,125.35433799342105,3.3219049954433064
7.1792349767901,-4.335084425698199,-3.390706636211,856,125.37524887465374,3.336451950190525
7.859491209834775,-3.719035625505258,-3.5866731083910177,857,125.34920360110803,3.329599750479626
10.231408165273354,-4.789163064457151,-2.9933113419200876,858,125.31768849549861,3.318020204522834
11.230828989316318,-3.320303400076178,-4.681057697994982,859,125.34554081544321,3.348413043234496
10.379649819702816,-4.435683092095463,-5.043885783104761,860,125.34072022160665,3.354949177764313
11.332869127716513,-3.132046261128069,-6.8500311564212355,861,125.38693516274238,3.320198875771115
10.091083649248175,-2.788285051153606,-4.1485536108916135,862,125.36767442867036,3.3070154109962506
11.370114591790143,-1.4746311742259306,-5.8309545840116055,863,125.43334487534626,3.2774846422709154
12.832690927591742,-2.935961771401909,-6.0058462883778025,864,125.37335526315789,3.2711923505637936
11.524052632424452,-3.2561893395847097,-5.292763279274254,865,125.41216888850416,3.244528858679425
12.35536804323459,-2.683993791192635,-6.5745403689951525,866,125.41730869113573,3.2481550543715345
12.21691433249479,-3.345858986347217,-6.406782387537823,867,125.39268092105263,3.2174573742752335
12.76537130871057,-3.5199001279324684,-6.913690029065754,868,125.31360370498615,3.179000573491312
12.092017866468446,-1.6385606682471825,-7.776385748479154,869,125.3746375086565,3.136865371921006
13.254756811851577,-2.834574457934743,-6.544262272180908,870,125.40469182825485,3.1063292198878467
13.661355314479373,-2.3256769129638615,-8.475683702419504,871,125.36086824792244,3.1043062251297004
15.10399128746616,-1.3842081107263398,-7.388551177663242,872,125.35490066655125,3.1053076993431623
13.132726878631773,-0.5263764956987991,-6.911211610552094,873,125.38700549688366,3.1128974773033207
10.874058984377426,-1.3408698396137597,-7.890978761900935,874,125.45963361322714,3.077326018867984
10.343578728334329,-1.2609109375753877,-6.371809882349493,875,125.51817326004155,3.0656232852400094
10.407316486775164,-1.4990486690834526,-6.2820682335998645,876,125.48796204120498,3.0582628437347688
11.744598566083335,-2.2677863784273087,-7.775507545735117,877,125.43304730782549,3.020931782410774
11.427036450757734,-0.18538570036578028,-7.95298650242435,878,125.42798324965374,3.0268506467312193
13.245811060554091,-1.7228261105949458,-7.5786156993531195,879,125.56177501731302,2.9993843834327962
9.061339070746557,1.1155479211640231,-7.533205491467419,880,125.4655254501385,2.9798322633425056
12.627324922657177,-0.42728396005712826,-10.534422776546428,881,125.63927242036011,2.9349798595079766
14.008302254713042,-0.25324537085085874,-8.659168086272526,882,125.5966391101108,2.90576036410308
12.768793355139168,-0.08100502040206742,-8.736065633823529,883,125.61575917590028,2.884375356910615
13.32690873538866,0.2350326311742209,-8.298639756066962,884,125.75164473684211,2.8969541537863037
12.223933490516057,0.4181096948215088,-8.607305467433951,885,125.71722970048476,2.842890454521855
9.200367330845015,0.6683799172603742,-9.105449589560402,886,125.76781617901662,2.824726448272004
11.53622626608344,0.18889826811383945,-8.011009730398596,887,125.83682479224376,2.7891623429568777
12.801170959166416,0.058130120825265794,-8.994506897494302,888,125.81568126731302,2.7785273047841326
12.054361288228407,-1.571850646007448,-9.44372532461275,889,125.89134998268698,2.7801340467184703
14.603227599059672,-2.3040325766477423,-9.187542709758555,890,125.87254371537396,2.77901764841068
14.91186431468131,-3.242461419109233,-9.597054917194452,891,126.0034247316482,2.7444641383074564
12.246542896595457,-2.271029215550767,-8.019450172386032,892,125.92468295533241,2.710704268377453
11.768306899345854,-1.9849662398935606,-8.319820815637835,893,125.98052826350416,2.670209844723516
13.705765815007727,-3.732822738077881,-8.496589574849963,894,125.94731972818559,2.6311601665250017
16.9234318684354,-4.084172569852718,-9.31987096841448,895,125.93220870844875,2.606719061753251
13.202477919055365,-2.987875669898856,-8.12938793916615,896,125.90039603531856,2.611136666073497
13.89280546984845,-2.47482814160133,-8.071072355462043,897,125.86149043455679,2.6050657196250815
12.52258110771808,-4.852994358715908,-8.596449139426111,898,125.97967343317174,2.5464499224491366
12.683744445649756,-4.226544244956021,-8.29842181510326,899,125.90368550900277,2.498401262905007
