PC1,PC2,PC3,frame,brightness,complexity
2.8793763033813797,7.543938228335361,1.9914627250303165,0,124.96772744979225,3.209064225997835
-1.059073911115852,4.842465473407777,1.1486155161377811,1,124.89321654259003,3.1885287497091306
1.9039700847505203,7.7628521032511735,-2.8364025181587467,2,124.88922913781164,3.1940471924625045
14.306823546175664,7.253024334264065,-4.968465237686814,3,124.7895981215374,3.2242270601349245
11.712217233887714,4.460021191226356,-3.5077148538524923,4,124.7822400882964,3.2404378518883803
2.1267315032366896,3.4428606186035084,-1.3887938330209402,5,124.65344204466759,3.2358620840314747
0.9031268742160685,3.0553416829827484,-0.7135613104682595,6,124.58898891966759,3.2237718661931423
1.6543843712654382,1.7332991080514966,-1.230512246671959,7,124.53732578774238,3.2611102168983406
0.7699376894233245,2.271904512556747,-0.7498948320551905,8,124.54864417416897,3.278603916999711
0.15265054803923575,1.7440686747318064,-0.8374082265721117,9,124.58133331890582,3.3577556582597587
1.4679245613441902,1.537779150672712,-1.2633631146463795,10,124.6234472385734,3.430078129096471
2.1054690604689927,0.682049749235127,-0.3075098153767919,11,124.67981193732687,3.5412893142725843
2.7198568438856396,1.4723128944529122,-1.2320163144156442,12,124.67751796225762,3.619149013913561
0.3431848041116102,0.04548258793803759,-1.9013366786529662,13,124.6921420533241,3.704105163414439
1.4186479270924874,0.32053766565423825,-1.838921255408606,14,124.6749913434903,3.717051213068097
0.6944579710146119,-0.3763518764346936,-1.6047236952306407,15,124.66792005713296,3.7916473986878976
0.5873976341543412,-2.6065484012821263,-2.2325118491999136,16,124.67496970221606,3.836953567811358
-0.6118133223400126,-2.9917237333167104,-2.5927878890662903,17,124.65871710526316,3.870615530358133
-1.9276667935150986,-2.3622200791044,-2.90141032393686,18,124.66912655817174,3.881086416460329
-0.2965825101235285,-2.9364010815308457,-2.1299177128243967,19,124.65498939577563,3.943089330146181
-1.081298354465361,-2.7747502640915744,-2.6566994281335536,20,124.63534452908587,3.9565154697082026
-2.779871390390158,-3.4118744401316388,-2.139570019136018,21,124.64261599722991,3.9784057404650013
-2.8205339287791777,-2.7557680449454534,-1.6918983179187082,22,124.65793260907202,3.9909883515352753
-3.4080576408041794,-3.1096790247858106,-1.2826427289083628,23,124.67323298995845,3.994306710828664
-4.419434902660584,-2.480321689617051,-0.39918930935470115,24,124.67403912742382,4.01789990638245
-4.045187979579311,-1.953958204746283,-1.9282579288350878,25,124.68575787742382,4.046449366420201
-2.8723097890170797,-2.531187277139738,-2.2780384937179194,26,124.67746926939058,4.056268438876734
-3.8176335919623154,-2.9609256726849047,-1.7297913670765799,27,124.67134478878117,4.050897025071555
-3.4947555208632086,-3.1752594234823133,-1.6498854563461822,28,124.69128722299169,4.049346345014319
-3.6412237730973627,-2.1691661767373573,-1.197559412296352,29,124.63999740304709,4.044783517965848
-4.805185420949102,-1.7485015475041743,-0.8724314143416081,30,124.65933388157895,4.060983768233597
-3.695567328032823,-2.7451185297486775,-0.9275584756789712,31,124.64765300380887,4.059794081395794
-3.0999542716331554,-2.0401074818215834,-1.2454585979992796,32,124.64711738227147,4.066480171445289
-2.04574132178968,-3.4411498199776918,-0.751928153588647,33,124.65848987188366,4.076600352855965
-4.634237822545253,-2.2542580618606483,-1.8128752214209771,34,124.63474939404432,4.083939503878702
-4.331186247767191,-1.7800559487343721,-1.0575456567719463,35,124.65250605955679,4.082437939266033
-5.232423602389604,-2.6942155868692734,-1.128545410832316,36,124.6628722299169,4.080655300461515
-2.223546734846219,-2.5589739347781104,-1.3778608948796116,37,124.67207518178671,4.099077381330947
-3.1757999503094303,-2.6882106606595393,-0.9241515331963559,38,124.67063603704986,4.102699696216381
-4.848183196503057,-1.5126963685705983,-1.6582509817056135,39,124.66014542936288,4.1080604800097555
-4.303550327621428,-1.6990925554582827,-0.36263864559038295,40,124.68722407375347,4.105554209046776
-3.7291386039019763,-1.890790363037826,-0.7851580002076609,41,124.68563885041551,4.105664211121603
-3.0013277320455494,-2.766359383005635,-1.119981576290782,42,124.66980284799169,4.126963587701828
-1.961538993138977,-1.193790587571308,-0.9199638478647734,43,124.66817434210526,4.109664270863088
-1.0049507022750126,-2.5017394833682793,-1.9446135254544454,44,124.65231128808864,4.114212378005618
-0.8948366231667467,-2.9678289200827814,0.4685831108517985,45,124.65490283067867,4.129299703425878
-0.5961896553252108,-2.9392556017729414,-0.25086615466667983,46,124.65256557306094,4.137847345958312
-3.088990076653854,-2.4209238506495483,-0.6986720161174027,47,124.65901467278394,4.136498708344048
-1.398716851164133,-2.681917505188008,-0.6947879663303981,48,124.66130323753463,4.143247266278413
-1.8551673461868405,-2.641122207181347,-0.8101497034621437,49,124.63823363919667,4.154592820161517
-2.204438951185472,-2.631928489031731,-1.3839475372430436,50,124.64790728878117,4.153468724055342
-2.115182391636887,-2.157942143492588,-0.9071589123075905,51,124.64245368767313,4.161684782086986
-1.960639075295532,-3.054773878594646,-1.2175399982950397,52,124.63353748268698,4.160405894841956
-1.2034900941170386,-3.03685823111759,-1.4362327331436793,53,124.64603531855956,4.176118110687881
-4.218192001421053,-2.228114378547212,-0.22262722279559058,54,124.67233487707756,4.181709266143579
-3.2441970826327293,-1.87060723811917,-0.19967054344709806,55,124.69304016620498,4.173052168304022
-4.007723667314992,-2.056839872417795,-0.6091891542482204,56,124.68669386253463,4.174338105504209
-3.8526429725754165,-1.1695115397602736,0.3600469015237719,57,124.70251904432133,4.1412217279911925
-2.9724004973453124,-2.1278221488064415,-1.1782081794355508,58,124.72618918801939,4.035981402275913
-3.8636487288520662,-1.7618454187285282,-0.2200922856082746,59,124.7638450051939,3.8658429997543946
-4.7992561281830515,-2.20693506936099,-1.076704770204438,60,124.708075441482,3.752094103538542
-4.126381976037821,-1.4265219344460125,-0.5005941693284934,61,124.64863227146814,3.68642991632492
-3.737426191351094,-1.7553238733345,-0.695625031960165,62,124.64898394217451,3.6847191207073813
-2.7782503817724233,-2.074663678505123,-0.3557296133048951,63,124.60323969875347,3.715123048889166
-2.9812560367766903,-2.354046101011142,-0.7778314401502766,64,124.87997208275624,3.876911168252712
-2.0815208101719307,-0.7682182542885467,-0.1551310890705295,65,124.85489525623268,3.995627883517039
1.1810237086513033,0.07944950139248588,-0.650472097385193,66,124.78702280990305,3.9525369641294867
2.04809218950284,1.7992826413457879,-1.1555948830461236,67,125.00124978358726,3.961281154999332
1.2801069039633857,2.422657536449682,-1.5095026320488945,68,125.01756189404432,3.9644682055184117
-1.459484199983022,3.538721936801486,-0.8905355614144905,69,125.15219226108033,3.894495440812805
1.0047298581614512,5.9132002415337315,-1.9767409267747318,70,125.02412461045706,3.628415435671828
-4.426575464845108,2.80043280952783,-0.15087356640888866,71,124.53299753289474,3.4913744110045783
-5.080884506413583,1.182230486603117,-0.06505278196654775,72,124.02546095914127,3.179682898313164
-4.543611094809033,1.3117925839910327,-0.7805231129429449,73,123.91174147333795,3.1592773485615635
-4.491571836939483,2.092508982250004,-0.28302034642613266,74,123.92764780990305,3.1625870993765623
-3.9952173719072337,2.564270711236585,-1.2227442769600316,75,123.97265625,3.2103786577278313
-4.369878849017751,3.0345432264464813,-0.3144320008899847,76,124.25117944944598,3.197829513324834
-3.891028071753834,4.578580221135496,-0.29397408635784655,77,124.12985305574792,3.2395762980075036
-4.499671289653736,4.1080502735543725,-0.6310903915705854,78,124.16545295186981,3.296444112040619
-2.6145421437287952,4.49323806921691,-1.3739444722456844,79,124.25195853531856,3.3930277613622453
-0.24944348057123072,3.4027010605788806,-1.4411176418052074,80,124.24045619806094,3.4043849326864986
0.6471477205788987,1.4704179736462957,-1.9357433489382248,81,124.25749329120498,3.4172173864835966
1.1161892502123545,1.425338377027818,-0.5459089370805059,82,124.2512443732687,3.4229012403703494
0.39257839624755775,1.85938038897576,-0.8808335597197535,83,124.27752229051247,3.4664364419374807
-0.038996956654429336,-0.3851324852981951,-0.7939911935263733,84,124.41727622922437,3.510348398804876
0.22636500093573556,1.6209303284867902,-1.0748554779768944,85,124.50341932132964,3.568568949072773
-0.8943947931043761,-0.24603953435108164,-0.7167213425525097,86,124.50538326696676,3.570441295219042
0.2245226474824663,-0.10862475574781047,-0.9241225005631506,87,124.52368096433518,3.586222166114835
1.6778795750647373,-1.3903119960436383,-1.6667532052556915,88,124.49791702735457,3.6346295381384506
-0.4124531324216103,-1.1149853374216305,-2.159658005387725,89,124.49010993767313,3.6926206434876905
-1.2782287084983552,-1.5851235185794161,0.04372714952371535,90,124.51890906336565,3.7661709991956536
2.2421131092953144,-2.4754464957382476,-1.561992514072054,91,124.4891090287396,3.824120748995098
1.1339524854154073,-4.729581705168397,0.8676636039506401,92,124.4844020515928,3.833144189488859
1.671586119381729,-4.55126270531953,0.6690666531673901,93,124.51229224376732,3.8310030298182545
-1.4834883429915096,-1.5143812221122008,-0.03961566299788445,94,124.52168455678671,3.8532492352304337
-4.367477042431662,-2.161905361529238,-0.4972830140474408,95,124.51505691655125,3.876597752576251
-3.8634361069258856,-2.690005123149355,-1.2205640773334603,96,124.53027073234072,3.922756337518051
-3.08243658439609,-3.1388341897406593,-0.4650148613373056,97,124.56538369979225,3.9789255118166826
-2.8743641636243082,-2.2959231874221566,-0.9663548266357291,98,124.56997164993075,3.983532529040832
-3.812549150398751,-1.19216281014139,-1.815012581789861,99,124.56931159106648,4.022613201719966
-4.0433373858479325,-1.4937429362231074,-0.5022762539002187,100,124.52501731301939,4.084149118923805
-4.4814479517220756,-1.6924835181215843,-1.5141147543910767,101,124.54229787049861,4.117534049157776
-4.007043935362096,-1.9118922887783552,-1.6162162316699313,102,124.52135452735457,4.150349125347125
-5.815900805138007,-1.6549560118210398,-1.2562782094276017,103,124.53148264369806,4.167508644033466
-5.067564924725296,-1.9673084955022566,-0.31419519900642595,104,124.5238649151662,4.1726383780202205
-5.42393796174748,-0.28100928840309264,-0.21126375817834034,105,124.64888114612188,4.189123973879899
-6.005495626053241,-0.563285121184835,0.2145285627505179,106,124.56881384175901,4.217312650214345
-4.946708403407732,-1.2626989173688112,-1.2394252191661697,107,124.61229657202216,4.237713007213119
-4.508143945752137,0.1589724194133608,-0.8710200866043956,108,124.5511166897507,4.2552017475038
-4.459732532277626,-0.5012196755817286,-0.15960375301202745,109,124.5514629501385,4.25820931803944
-4.958733254287065,-1.5593777013419667,-0.5545215396227187,110,124.54286595394737,4.259569527368038
-5.118534726597645,-0.32658742036064,-1.4874359357004194,111,124.5898166984072,4.252695537848371
-4.60799886257983,-0.5610064281748158,-0.09164509909389006,112,124.6225112534626,4.252998801925831
-4.299252880512902,-0.8772598826141649,-1.0194579779076758,113,124.62080159279779,4.236004939016527
-5.099382819571586,-0.7674174795607318,-0.4916952002886595,114,124.61008916204986,4.2346084075178485
-5.141061908417593,-1.6020436585670024,-0.6332610434797629,115,124.5945399065097,4.224541598624703
-5.1166914659975085,-1.098131624505368,0.03020649790229022,116,124.59849484937673,4.22736098289975
-4.868941332032055,-0.38490440290410477,0.15140150661980808,117,124.60052912915512,4.214868925279888
-5.007343180082983,-1.4361665862761641,-0.2838738438435728,118,124.62890083968144,4.210874443414353
-4.70577556528557,-1.1165254985540678,-0.10494137993012632,119,124.59898718836565,4.222790598761772
-4.551297786382167,-0.5283603093216671,-0.24187941009910116,120,124.56956587603878,4.343424791610433
-4.558387096954455,-1.581616751936925,-0.11403237964782573,121,124.59044429536011,4.308067787241167
-5.361922897376895,-0.8893364407193729,-1.000655967657756,122,124.59883569944598,4.302725704225013
-4.777290404348447,-0.20954952905717056,-0.4587702691625032,123,124.59241906163435,4.292014070235535
-3.7128535177321487,-0.7304185198021808,-0.2825399298412742,124,124.61687911184211,4.2610776739489475
-3.84770796184526,-0.44263382412425945,-0.38061532239167417,125,124.64599203601108,4.239283214344909
-4.482814430297793,-0.06005969238550543,-1.258864180345179,126,124.64525082236842,4.209791996111609
-4.926009278839912,-0.8288387703214807,-0.35522681864759786,127,124.5934686634349,4.168501826046218
-4.771008365231643,-0.731137808451951,-0.30291085820136077,128,124.59679600934903,4.168169606853216
-4.843655602165751,-0.957721111082447,-0.707756740340173,129,124.67429341239612,4.0817083659045075
-5.074175538468582,-1.0811512123850044,-0.344287771943366,130,124.66372164993075,4.044549854823781
-5.480615830151223,-0.7857540877768795,-0.8696526903892763,131,124.61889175034626,3.959810997146028
-5.077755652793685,-0.564061391455802,-0.9486310746235463,132,124.58621342624653,3.934950595484122
-5.0257820686601775,-0.9860913393243195,-0.14827777305305748,133,124.59788889369806,3.8280533876257046
-4.766621667237326,-0.9081663808207563,-0.7404807786958665,134,124.59498896295014,3.828344284387777
-4.991857130431045,-0.39736987847215366,-0.16364012260792507,135,124.63539863227147,3.7925029190215622
-4.279443000861391,-1.5570523209455998,-0.9504761653772441,136,124.66433301592798,3.7693683382435785
-3.1739862070657483,0.20225061916091897,-0.4441010554242096,137,124.65811655990305,3.742976590753952
-0.977478426154,0.7438107914188621,-1.2839797874491474,138,124.50137422091413,3.7902530543803175
-0.43994859537215636,-0.23984151015911553,-0.07554150261562176,139,124.50848878981995,3.792160288988158
-0.16168991480860873,1.6252127207663918,-0.1016865099668032,140,124.50491797957064,3.794677897895584
-0.9208051829052151,1.051916453304019,-1.2959809679470238,141,124.38194684903047,3.6850362367673304
-1.654737670559528,0.5683678461077888,-2.395247180159723,142,124.44171463815789,3.641362302202272
-1.681018161572387,1.9320977109997426,-0.08228619445821433,143,124.46708903220221,3.5562102733013545
1.229683334005456,4.1717560272292245,-0.45720847675266846,144,124.49404323926593,3.511165119006415
3.8087106228596035,5.890050270711284,-1.4220405937613965,145,124.70189685768698,3.626804859314758
3.3676755867459423,3.9498831124999865,-0.4467014283962595,146,124.69649735976455,3.6293578548632404
6.121156817687559,4.912173625187414,-2.0371239066191156,147,125.06828904085873,3.705540793603969
4.975621948667882,5.465538392659152,-1.0277342251540902,148,125.19976519217451,3.4238435956665425
-0.2601144687098726,6.68468178343985,-1.3894669064350365,149,125.02850155817174,3.13785867009449
-1.858110715402333,4.956926418823584,-0.628700309256476,150,125.05596433518005,3.1491403541909686
-1.644923804006919,5.5717721734736765,-1.0770604690286805,151,125.13929947195291,3.2484391905403367
-1.1362401602277103,5.000343550920263,-0.5920880230079095,152,125.14342213469529,3.2482148240925013
3.783189711210824,6.050802705929975,-3.129136951877007,153,125.17702021295014,3.0866241886357937
7.742610285164717,6.8096480331728,-5.0204171156443405,154,125.18804103185596,2.9273255189199068
0.4537569344413195,7.590934939444225,-1.343409852233246,155,125.30791746018005,2.7367454528125053
-3.162246060590599,3.8928483385466137,0.7041166783253342,156,125.46862556267313,2.796428607329745
-4.11813760721678,2.5772521222601377,-0.3088369034381604,157,125.5253635734072,2.9981642644238415
-4.636089445746814,2.172219320304087,-0.03180009901897332,158,125.51422913781164,3.002385798232484
-3.972071906345497,1.907812817522552,0.9307479793121926,159,125.57015019044321,3.2596102554546964
-2.4063672531557097,2.4518891585017357,0.4895797678330071,160,125.56389586218836,3.546695582090566
-2.9009527893767544,2.3526408067577114,0.24474973203794897,161,125.53464226973684,3.720098821574471
-2.809239063951226,3.408240482374966,0.6064078423699621,162,125.5484277614266,3.781548865760644
-1.6344226103163193,3.858633682024897,-0.4300314969512162,163,125.5433961651662,3.7941595363330447
-2.2676883909593477,4.586375348301168,0.02524050519295975,164,125.55252337257618,3.7985548320910145
-2.739121955182963,5.591528373357,-1.4459369928223142,165,125.53200203427978,3.8566846446402425
-2.3108428657434024,5.318941325672948,-0.26275198940415934,166,125.57764889196676,3.8985803461868644
-2.1081516980011235,6.346565967213482,-0.7573908378814552,167,125.583075441482,3.9923464404886446
0.8942133725820567,5.120407825807846,0.43091416479955114,168,125.61384933344875,4.018490349306089
1.2055302514488917,4.364389866077351,0.36086341177879727,169,125.61380064058172,4.028739405327946
-0.1903037392686635,2.2727228862709974,0.424228832605299,170,125.61842646295014,4.031263931526964
1.6545664460874678,2.9695169523386116,-0.8260750090076495,171,125.64448796745152,4.0966703043623545
1.3136341160499534,2.357497832956277,-1.084376894906248,172,125.6471660751385,4.155740900728828
-0.4573575993444233,2.0515541449321164,-0.9917854906433604,173,125.76747532894737,4.2286700273484765
1.799104946685722,3.2107315682835194,0.09446242055949769,174,125.87306851627424,4.2114562682256045
5.111404703607224,3.1968884287695745,-0.018217976145520884,175,126.0232102666205,4.193953873684126
0.4619780989031136,2.484860928028495,-0.28505707996772495,176,126.03897593490305,4.197917421657789
-1.283854782431392,1.817535960229599,-1.060048292681088,177,126.17077129501385,4.109987568327215
-0.9054837610624816,1.9821940616698084,0.31704429741006696,178,126.30410318559557,4.019369545409622
-3.457225768017309,1.837229923088545,-1.0194678488394986,179,126.45454791378117,3.9593487978616615
-2.7157542614632804,1.4578846319726468,-1.4737604795236225,180,126.48834617382272,4.0073145417393325
-2.6998261515754685,2.2645711344004504,-2.1852056965146462,181,126.51326610110803,4.096183458691812
-3.766868097131849,1.9425811113183225,-1.2305712781601275,182,126.49317217797784,4.097767597917782
-3.446317204766503,1.9848552149279368,-1.1294157514324008,183,126.49560682132964,4.237595532932081
-0.8172058153311811,3.316924212107469,-0.9585926112927348,184,126.50277008310249,4.058667062435934
-2.9189775923800987,4.103158408053604,-1.0152424950495291,185,126.49111625692521,4.017667804262816
-2.4382001686788755,2.0440427188174626,-1.2255058956694111,186,126.46891230955679,3.491039062823992
-4.050887509299202,3.4132101185441863,-0.9110783038442941,187,126.50410643178671,3.0718254731951853
-4.604321574711198,1.6753292331608043,-0.33068356761159373,188,126.48610630193906,3.0752489306161066
-4.759236046142687,2.4235082995461044,-1.0275817258651594,189,126.50583773372576,3.1093793507108423
-2.323458321641202,3.090274944181613,-0.5006050099063327,190,126.5023156163435,3.524833334671009
-3.7934946368005504,2.726714997050247,-1.0778564396495152,191,126.47327843663435,3.582433354599264
-3.1311026293666013,3.6224447801606883,-0.47810836266398077,192,126.43451350415512,3.9987564384660224
-2.9269554402097766,5.507584416325849,-0.5564112553020278,193,126.50265646641274,3.9942114949794933
-3.8632714472273335,3.0171044142774193,0.1285207959693696,194,126.51198385560942,3.999099530990816
-0.6080658828737787,5.4318951672146705,-0.7103970856384579,195,126.50525882963989,3.8290224319559267
5.315070501683809,8.145889455752977,-0.557871502345308,196,126.47960850934903,4.179183380790897
-0.9138078040874741,5.840551209415775,0.26784563644887904,197,126.48630648372576,4.178520390583787
-0.4629231540539593,3.8381309678106788,0.4772384468197621,198,126.48770234591413,4.253835945273491
3.0208758479564546,4.30118410680629,-0.7874338099854563,199,126.51132379674515,4.264904968080842
-0.6888938521517594,1.3512802149003647,-0.31096291716260316,200,126.51651229224376,4.262277059423803
-2.549034458012677,1.7197080491811674,-0.040516690825347985,201,126.51627423822714,4.525575989631062
-0.03971944413188056,1.6612378203710747,-0.10052253991964785,202,126.52449792243767,4.527727885150491
-3.4910397767758727,0.30353802658829443,0.25084478061318327,203,126.5027430315097,4.57504977891612
-2.5816742139958526,-0.47887322948643885,-0.8661193118415479,204,126.49034799168975,4.74571987306046
-2.2815159549292283,1.335086048286888,0.48669158592501044,205,126.51746450831025,4.814200175761294
-1.0848110556616628,1.6424386487989744,-0.6116875406818966,206,126.49823623614958,4.823211129618314
-1.841822272761063,1.5011594590146964,0.08498314453499553,207,126.49118118074792,4.774493601612333
-3.252258659647526,0.572955008266777,-1.3101578125278137,208,126.54222212603878,4.755212592609891
-3.3409632028992218,0.8004952008073675,-0.728135487948813,209,126.5480923216759,4.683865537103138
-3.7406618728192873,0.6315763482822636,-0.4311205878111841,210,126.5197584833795,4.6342122795164205
-3.478009949420571,1.408325052993037,0.29897845052446054,211,126.5285069684903,4.575916596732041
-4.083270999690805,1.509986620170512,-0.5277187058229488,212,126.49785751385042,4.596104906631318
-3.6280749483095316,1.8614170008381794,-0.7953480460253288,213,126.51207042070637,4.540806179194239
-3.152313294629011,1.3457130057099222,-0.7611350760038418,214,126.50683864265928,4.439726439212318
-3.443451918836762,1.9177006226029292,-0.6615571503540478,215,126.50840222472299,4.341666274669062
-3.768875580810141,1.3816060623033783,0.07543227730778265,216,126.49296117555402,4.248241839711014
-3.540451747844165,1.9296577434644597,-0.31143928421306977,217,126.56449099722991,4.17963123612311
-3.853755480186836,1.5992878899354686,-0.11029648332531128,218,126.53410664819944,4.190348769214006
-4.257520183310889,1.877312780232882,0.35232768423461747,219,126.50449597472299,4.0991377433467555
-2.3421976341699238,2.8810082570022497,0.07699976461935679,220,126.49988097299169,4.026642241695276
-2.2676472550938467,3.8675732372853635,-0.41767805298052635,221,126.47337582236842,4.037171890277028
-2.9482899665479394,2.1529186761509758,0.43298948456344544,222,126.49719204466759,4.018557027438832
-4.1130451485462896,2.4453041136722637,0.7080176165456208,223,126.47338664300554,4.042861832102492
-3.8851971033302775,2.607432517131847,-0.06621131333384676,224,126.4531520515928,4.048267813873501
-3.8364067230730687,1.7457123751770114,-0.23074107513818617,225,126.50127683518005,4.027998903408006
-2.791923974713454,2.1434507849824915,-0.6760743433328541,226,126.48558150103878,4.068884813719492
-2.4547966284020473,2.0847566251500123,0.23024028931056567,227,126.4577941049169,4.080380083190815
-3.11389792988579,2.4174381009992536,0.003171761643907265,228,126.47192585699446,4.122534378804512
-0.980227711591235,2.3745056312771045,0.043629442419861324,229,126.47738486842105,4.201947143781508
-1.674747474039443,3.7028470853560034,-0.8485415917330238,230,126.46294472818559,4.213604816565984
-1.305424707514863,3.7107112934247817,-0.4598207649704657,231,126.49052112188366,4.178654767126797
0.18722627120886356,3.2634699470651944,-0.49256305717651155,232,126.47987361495845,4.211194743097731
-2.9166512239985423,2.4681560089998533,-0.3469108597391321,233,126.45766966759003,4.2387297137103825
-1.0907037564317108,3.5599616627029014,-0.28108135789646427,234,126.47271035318559,4.246701622367791
-0.5891970070828613,2.9867979102985247,-0.16602847501862183,235,126.44650818040166,4.1593041129033175
-1.034669654395039,3.5964705690257652,-0.9646518229763089,236,126.4487372316482,4.166411874642092
-0.07637610416790655,3.463018777155833,-0.28797429554533704,237,126.47859136945983,4.127912615112059
-0.7331011889793503,2.881272543902346,-0.899744550138083,238,126.47008093836565,4.034291658588577
-1.8990654235226063,2.1341653646073553,-0.25986484398331794,239,126.40952324272853,4.0163017093815165
-1.8207335066871835,2.107640034733255,0.15794280681249193,240,126.54289841585873,4.070710824005969
-1.9489297609883316,1.8100761132114405,-0.050879167217166545,241,126.47451198926593,4.031552158237189
-0.5016700733814623,2.872074815905426,-1.5309795857675887,242,126.47836413608033,4.035095306398365
-0.5325910731099152,3.2993311244994286,-0.6080471008933287,243,126.44790945290859,4.010892824084388
-2.8118276081706974,1.4798841664119036,-1.435480839297903,244,126.44721693213296,3.9165510063820657
-1.2169232685630373,2.9091624957157465,-1.6107108502182652,245,126.42922762292244,3.817484638547124
-0.8099639384808042,2.8729180676428854,-1.0310949998412426,246,126.3896078601108,3.7613805534990883
-0.8656136562226739,1.7146542260340214,-0.5487149586143558,247,126.37175921918282,3.7163524204283975
-0.38809961468136367,3.2727482527795337,-1.8684560118869793,248,126.33088967278394,3.718736681316926
-2.5414315231322835,1.5115377209251988,-1.0975699339237361,249,126.42976324445983,3.6642050127858594
-0.9612837466561069,2.551098578346177,-1.1206074726542032,250,126.42434210526316,3.587683951450596
-2.385680167597882,3.1104072614826324,-1.2214122666370777,251,126.44162266274238,3.4995315664682627
1.170565180246153,4.652772734592693,-0.18456953091510964,252,126.41602644563712,3.4695314826525037
-1.3338509846163955,1.3255884862773097,-1.5436826578947545,253,126.43271186807479,3.4760344032156367
-0.5544934886983303,2.4748336612044275,-2.4877077742591953,254,126.44186071675901,3.4816038039872854
-2.874305058325661,1.8019677328340744,-0.6801602609642676,255,126.41954856301939,3.47448019538518
-1.166720774857079,2.5705106243158267,-1.2644659041368234,256,126.43522225588643,3.532816828012151
-2.9327291105776876,1.4021154501897182,-1.3962380349235781,257,126.44306721779779,3.541602898992844
-2.5218810902959703,1.2769547416910254,-0.9545726062271341,258,126.40550337603878,3.5898301991623054
-1.2569864009785903,1.6820314952553284,-0.4557702573007888,259,126.39601367728532,3.647238443329011
-1.72261861756953,1.592445262308832,-0.7198517401381228,260,126.403252683518,3.6576292470438614
-3.1741354019324963,1.0919755153332964,-0.27401281531576355,261,126.41297502596953,3.698550462425054
-0.05662351500976105,1.4021737770792184,-1.8619553103595785,262,126.39890819771468,3.7630931916084656
0.4504642774956717,2.985050610615345,-1.5241987468946252,263,126.4072671398892,3.769823083083133
-0.2023315866772121,1.1474634828820975,-1.604076044012434,264,126.42395256232687,3.7821901398447397
-0.677802040980828,1.018761598029817,-0.8989546379742411,265,126.4001363400277,3.8311800682075163
-1.6967356896158565,1.7012214513645019,-0.775984807338753,266,126.3882444598338,3.8416994428906315
-1.2928604054585926,1.0304491316300055,-0.2548114554790188,267,126.40398307652355,3.773826174556466
0.5665099706590172,1.8914816653962883,-0.6926049703363347,268,126.38837430747922,3.7363936057211466
-1.1523794976697606,1.327190674494025,-0.274170001364253,269,126.39629501385042,3.6520973058242756
-0.2946878786583716,1.4632750878734286,0.3086543567506454,270,126.37518936114958,3.6574083911413755
0.0015586862772483253,1.732162441663082,-0.28956644381510965,271,126.38759522160665,3.6170606260695757
0.35440830387274697,1.2839670815920667,-0.5963920440532898,272,126.39428778566482,3.621916771633466
-1.3821674879457517,1.480360906538719,-1.8889190385133157,273,126.42963339681441,3.593179493580898
-0.9880100680211207,1.7011827254374332,-2.061889648975383,274,126.4208578601108,3.557079959443454
-1.4174112301575408,1.4709774813547025,-1.7299440601318572,275,126.38079986149584,3.5429415436192526
0.7416570098787696,2.2568386699009815,-1.317817134482349,276,126.40419407894737,3.553628755794989
0.2106676827320382,1.918554965894572,-1.523957588583436,277,126.39383331890582,3.585269282112359
-0.8979725840068922,1.948685036263858,-1.3775011022353723,278,126.38990542763158,3.595410329262517
0.29811170506191664,1.6747494639860738,-2.3110477009672095,279,126.41103813192521,3.623790675742868
2.014222490488654,2.4109570231878235,-1.2906953563782988,280,126.3799233898892,3.6250740043937038
-1.3787811036995001,0.1327037084607253,-1.6142995223655552,281,126.41150341932133,3.6219259726020057
-0.20521093646184083,1.6752504629546126,-2.063081026750022,282,126.41447909452909,3.65303265071258
-0.08154039328242639,0.136088174175856,-1.7867310577763709,283,126.38998117209141,3.6944921305258576
-0.4700633106649268,0.9841932974898073,-1.9618707738500754,284,126.40732665339335,3.693068584364539
0.4503021999135272,0.4836914323461637,-1.536347513684701,285,126.36582409972299,3.7397618804649353
0.8344463214690171,0.5021875125671693,-1.7801753796700421,286,126.38871515754848,3.767055262146974
-0.5599915266668041,0.16195188467540217,-1.1518335902578882,287,126.3811948147507,3.778584018096568
1.0889915244778494,-0.5823100745291103,-2.4324134777672226,288,126.35794126558172,3.794830454468214
1.6106052672488802,-0.5983022657178602,-2.5240551060414447,289,126.37163478185596,3.8849767450316888
-1.2985584792452527,-0.05110090043391656,-1.410382653115104,290,126.3570864352493,3.8929692190287373
2.0405129086331453,-0.19463920674036472,-2.210049837689169,291,126.37902527700831,3.9276903009145268
0.3274116425482134,-0.0866956607296362,-2.2681878902196178,292,126.34766166031856,3.9545710031094337
-0.3405434161134987,-0.7822965763606075,-1.7313706739281376,293,126.36030016447368,4.005854191709746
1.9512282500912392,-1.274832831706925,-1.9166587869153762,294,126.35523069598338,4.039204645583337
1.7778265400913902,-1.9436530418659652,-2.098363589132946,295,126.35345611149584,4.043751945862945
0.16804646533032966,-1.4006666806014005,-2.098005148073709,296,126.34720719355956,4.046598936614409
-1.374828892253387,-1.7316902630365953,-1.6845724808880682,297,126.31921420533241,4.010084296505335
-1.0131071765588366,-0.9630267560851232,-2.4104422306425866,298,126.29126449965374,3.9869063938374247
-1.2084617431138318,0.5465856405367366,-1.6779415617532851,299,126.33932976973684,3.9658617625253476
1.683914796903374,0.4722918080027606,-3.409394246600143,300,126.32640992901662,3.990501365716066
0.8451768954523731,-1.8454666155212722,-3.6819121890891533,301,126.31436114958449,3.9798168358830277
-0.39731201830561386,-0.05947127894981054,-2.7173375396988284,302,126.32868226281164,3.9799908762195773
-0.607038495351199,-0.057851335753330096,-4.244832278075082,303,126.34028198580333,3.943844250544965
1.1552874700930322,-0.989839478662313,-3.1122858189175315,304,126.32261729570637,3.9115564866856536
0.6033965126188257,0.48990536822391884,-4.649795187042629,305,126.33067326004155,3.8669668329374938
2.811401709336468,0.9916749085457236,-3.3090595735563717,306,126.2993366949446,3.8566815150864997
-0.18002041131745378,-0.441405018667984,-2.6357582106063817,307,126.27160881232687,3.8734858267689383
-0.3088654954330917,-0.25467353609817545,-3.303432269621545,308,126.30599679709141,3.8661886846283346
-0.006617414325578132,-0.048562430055085704,-2.4856466490532103,309,126.29032851454294,3.8620309054810567
2.130453208795303,-0.08632841474629885,-3.2687981810024955,310,126.26792979570637,3.8787564045392067
-1.145063439829752,0.0534015267720352,-2.762905926734065,311,126.24282591759003,3.9334704410955315
-0.18021180391985797,-0.49844325651375904,-1.798762538555056,312,126.2932500865651,3.954124956417991
-0.5600940305547518,0.5169947894507659,-2.213162807441983,313,126.25652484418282,3.9710752447732656
1.1009171020797306,-0.9569296366264485,-4.4333150557491665,314,126.26176744286704,3.979258922288206
0.5774105001235907,-0.8726105595202294,-4.871375013223962,315,126.24350220740997,3.9747795666794117
2.0801109929963824,-1.2281950065994716,-4.594938277923465,316,126.23489439058172,4.00923175036908
0.6695904325919708,0.1251078096462432,-3.072142974989193,317,126.22211521814404,4.014764325075746
1.7776835751072275,1.852588825721553,-2.021615341966706,318,126.21308539646814,4.009279398673312
2.138437068659642,-0.4352643190303799,-2.9136275072787217,319,126.21038023718836,4.037507743916591
2.2246026100735437,-0.34188068775132796,-2.69147728604277,320,126.1988562586565,4.043342371357478
1.510120765062711,0.22636604369915464,-3.394565816058221,321,126.18738097299169,4.009126612303261
4.850195001398521,0.17322785004625016,-3.5705254364722494,322,126.18789495325485,4.0345274697936855
1.9827723757191285,-0.7503429623796586,-2.2935685607227048,323,126.13817412569252,4.092054452882133
1.2635408025619583,-0.2356916254203356,-2.077884063613531,324,126.18673173476455,4.065060752853029
1.0900978393076002,-0.6105113225101928,-2.930216021482089,325,126.1357557132964,4.007469865279435
2.230623195104832,0.3996288346216478,-4.159213225534165,326,126.18534128289474,3.9986209794329666
4.418821798363257,0.6827285642980707,-4.280946414735594,327,126.2044234764543,3.969330886596583
4.643602767129071,-0.3636858685181932,-4.950530567242894,328,126.15257639369806,3.9288884915196687
0.270610222305089,-0.7721700702871892,-1.91676388542088,329,126.13788737880887,3.8322345801159505
0.6143479078231482,-0.9947223320905387,-3.255784841969078,330,126.19608617555402,4.026776202442188
3.033725785089208,-0.6915355202612352,-2.5159374296937127,331,126.10558236668975,3.9669712399627928
4.54621549364953,0.521361661667988,-4.798552814306182,332,126.12699099722991,3.9660400547552084
2.462980933074806,-1.0700641392264727,-2.8603794774980194,333,126.0995011686288,3.9181023022511874
2.088918690673286,-1.9941367112917572,-2.349891730401431,334,125.91704899584488,3.793151813285949
3.0981275023005526,-2.2912053824921745,-2.185100517457982,335,126.13275298649584,3.8593428216256918
3.7573778236019115,-2.5039908085888194,-1.80489469114095,336,126.17768568213296,3.849336799262535
4.273440100452793,-1.7494934683659997,-1.6504885182485922,337,126.26777289646814,3.8505258213312525
3.4567770201779986,-2.9053020130266,-2.199052951494314,338,126.27358898891967,3.85686802840347
2.900563221072724,-1.9900573881670056,-1.5294907392287467,339,126.32002034279779,3.884216296885105
4.903869183928739,-1.5304992955808518,-2.37869247120967,340,126.3523253549169,3.8655517847286758
5.407495928810299,-2.7499463131223774,-1.1552252626619874,341,126.37704510041551,3.849310473212208
4.945234709173958,-1.5629075278012485,-0.12968836368483297,342,126.37269520429363,3.8418553411730723
4.000399510697646,-0.3273156387096221,-0.3052451822331124,343,126.36199359418282,3.8264155408140588
5.353458120381428,0.7317441131540058,-0.4460915158475995,344,126.40984245152355,3.8304497788250496
6.297262241438298,-0.06764689214515295,-0.39252262242417707,345,126.34679059903047,3.8144577994467284
5.958024939808684,-1.0930695198031706,0.30658842986221607,346,126.3733011599723,3.7974868472955983
5.414799524748972,-3.0239458597491535,-0.05477147209650549,347,126.33826934729917,3.777861673497688
3.3490615318680623,1.0011134775360877,0.02285870979730543,348,126.37541659452909,3.762670055165498
4.383521745770024,-0.21650259339668987,-0.3549764965758823,349,126.32673995844875,3.754655727040702
5.441853620701787,-1.1129602537991157,-0.40550399419629624,350,126.34158587257618,3.767981799207716
4.439330065506405,-1.0122536280213585,0.9336473322962038,351,126.33042979570637,3.755806765194427
4.4029185452915796,-0.1788843473097252,0.3245714861717675,352,126.39256189404432,3.7282843203613187
2.4513076281321853,-0.5896992908284214,0.5040564136096382,353,126.43018524930748,3.720119238904932
3.4145841269403827,0.436431468154026,0.39389379546778985,354,126.38528501558172,3.7142288051151016
4.62278651898669,0.7311200919897449,1.1815820038244575,355,126.3462116949446,3.7207439466133625
6.278856621829132,2.1549235683091967,2.2046749856445977,356,126.33917828081718,3.7197927798991888
5.388460593129026,2.4212259736042188,0.8691147012411747,357,126.3455949186288,3.7321975980729345
4.069062313427033,-0.02171128944586137,-0.06346452347400225,358,126.30779302285319,3.7285819301833283
3.567781718810457,0.9178043026043535,0.7671799068744125,359,126.30734396641274,3.7089209681881563
4.121820517443332,1.7017660350869566,0.35274855660659565,360,126.34686093317174,3.674706886560077
2.956238264818763,2.449990396657267,-0.17786263388738907,361,126.30730609418282,3.6836364564441886
0.2393122360792964,2.867834055635553,0.16841879492986547,362,126.29091282894737,3.688367985436134
1.29459520285424,2.675442356268807,-0.10615794880016621,363,126.25231020602493,3.697232016759461
2.546958948634673,3.129058153783546,-0.21267396104599498,364,126.2794429536011,3.707893563002716
1.8242040153754302,2.453762698802378,-0.15944821166389475,365,126.24196567693906,3.718500813057847
0.9038340022776549,1.5526235675451012,-0.5084228631148281,366,126.24081327908587,3.746059502347743
0.07053520818939799,0.8852082345856706,-0.09880294150228366,367,126.32765430228532,3.740788989410211
-0.22458467395312107,0.8497744035269279,-0.9355577859561637,368,126.30596974549861,3.738940532856368
-0.6530765009504935,1.537669559428398,0.11773582524485457,369,126.29332583102493,3.7851808012163697
2.359904468580029,2.141888572693816,-1.2560036456310437,370,126.25102255020775,3.8065905982568773
3.686844669919465,0.9384505028623427,-0.5860191400512411,371,126.22346238746537,3.8292742452210615
2.5435835227763035,1.4458309956910869,0.054367183498136455,372,126.19603207236842,3.8651800469807664
2.589401604075644,0.13364424425998447,0.9607004130074365,373,126.20449922091413,3.8665472261754967
2.742108213744287,-0.5796904402363376,1.2650840461308523,374,126.20710699445983,3.863903251573546
1.4001367427220623,1.003145694175025,1.903831214455458,375,126.17089573234072,3.850902649195463
0.4245489979036485,0.5841644378811462,-0.0024366574556713436,376,126.30704639889197,3.8649827084452677
1.9465765377527018,0.16279108526258862,1.5841624614169727,377,126.18811136599723,3.891292808300123
0.9474338011449366,-0.13305576612372397,0.6997958591052779,378,126.42939534279779,3.881540049743219
0.5255399472274517,-0.34959951992051375,2.0479794467940775,379,126.09830548822714,3.9083238819778487
-0.6160377659392213,0.13848770363598606,1.8529016403404466,380,126.08955159279779,3.9176650225012426
0.7458425412572869,-0.2236291542690378,1.1223191204481127,381,126.21920987707756,3.894010652466391
1.9293753412029815,-0.7112412377671903,1.6360842476941524,382,126.19880756578948,3.8911007593068043
1.6763499042293455,0.4015619154595152,1.713468627757041,383,126.14947087084488,3.902855240361493
-0.325072282565845,0.42448868166635323,1.6672642775440603,384,126.1085850934903,3.9275962399184703
-0.9393061410363287,2.1714704903865765,0.6948643687346807,385,126.15864677112188,3.9217218026196528
0.8359844405892194,1.2847748748029706,0.914151335397497,386,126.17218879847645,3.923948782771767
1.3531989131612514,1.8637012124720522,1.0158728536655952,387,126.07524671052632,3.9517582346432527
0.8102766240318809,0.833101148425346,0.5810216373813827,388,126.12831111495845,3.94620490916289
1.037106449835233,1.333388980231091,1.027583121195917,389,126.14155557479225,3.9955669362601096
-0.9688912822086656,1.1301490618298484,1.1088849306823108,390,126.03642226454294,4.215824089636434
-3.9000594028330227,0.48852973436263586,0.6007617895903454,391,126.01514889196676,4.255797472525184
-4.060352931270881,0.6626439705069335,-0.06774878949428192,392,126.02665663954294,4.251951127766208
-3.230944526596961,0.7008688075952665,-0.4650297509886392,393,126.04148091239612,4.192990376222162
-1.1423064509025216,-1.1457691126259941,0.5363949846580873,394,125.85078882444598,4.174730513466759
-1.4009903624694715,-0.12483835520114644,0.2168049988336018,395,125.85701069078948,4.117146251510606
-1.5938629397021316,-1.5294580969743699,0.04048430061013326,396,125.73942823753463,4.077681189458525
-2.171638921764002,-1.8623611578616888,-0.29946442513068,397,125.77440594702216,4.06755523094605
-3.0875667020188056,-0.325165977688632,0.17476919057056126,398,125.7729559816482,4.0714754891193925
1.5688386566334398,-1.0810899688746016,-0.014597230250277525,399,125.76896316655125,4.092634582146255
3.2871506069621628,-1.1896720291288247,-0.7219895471698652,400,125.70931440443213,4.079186395749006
3.2050865312138854,-1.8708344999737312,0.17845591844356015,401,125.70943884175901,4.073239003183593
2.282464419033513,-2.268855151842323,1.4572171173324762,402,125.70000324619113,4.075316971462328
-0.11806266156264286,-2.28402634734886,0.6411606969153345,403,125.71431894909972,4.039849906803112
-0.38484932163566155,-1.7591092294708006,-0.3194583317027515,404,125.70334682306094,4.040509692828752
-3.0696970128679135,-1.3767050551726894,0.3332130490234988,405,125.66332128635734,3.9721539380884
-2.019443323041066,-2.514682177942622,-0.4156309569402942,406,125.60761664646814,3.964754828636037
0.180853127919018,-1.262363194566969,0.27088534812741943,407,125.59792135560942,3.939704237925762
-0.5953032882600026,-2.159944748796827,1.4129568032118474,408,125.54581998788089,3.9566355029680507
-0.7816753327657638,-1.534939770528602,0.3605824718249974,409,125.48952021295014,3.918138454759965
-0.010392022983908806,-0.9610063054614093,0.7830204690575613,410,125.50328406336565,3.9210719644410017
-0.9464140323315811,-0.7310139101485061,0.7331119246797928,411,125.3414614352493,3.7861834030742476
-0.4741882537846216,-0.8692087260365027,-0.45110140261220605,412,125.25296485457064,3.7934541154957873
-0.8961768170589695,-1.5797149780226867,0.5358975315003089,413,125.29707518178671,3.753328025393083
-1.4010837232713653,0.6609951709992762,0.1584150367877648,414,125.17586781509695,3.7417105257878527
2.377116439234863,1.3064353289004946,0.5662731873534758,415,125.19268308518005,3.594223290186101
1.6125871997029813,0.4037260287237103,0.4548144016267962,416,125.18787331198061,3.5912074211807505
0.05269760293332691,-0.34398070855593066,-0.3106916565250381,417,125.08852904259003,3.391596230526912
1.669054583031538,-1.2566076822252268,-0.07047153139571317,418,125.11855090027701,3.3216747240939344
2.5381169665559837,-2.092601364892815,0.8686046912098657,419,125.26314166378117,3.3852598127277016
1.9722791361577536,-0.3881206985932614,3.141325283477747,420,125.19170922783934,3.3816261961835483
-1.8171653055805401,-0.43604820069991046,1.0015240934977587,421,125.25258072195291,3.3230159851738823
-1.7270947270549486,-0.20933115837582367,1.0210770260107707,422,125.25146078601108,3.3280300234185143
2.989216356003442,-0.14373305812761333,0.8867012327952489,423,125.21669407894737,3.2785354625653236
4.353374749048863,-1.7590538605452026,-0.27790608079004525,424,125.21783024584488,3.253063916896735
3.3548792116600645,-1.3252835647984462,1.562702640175305,425,125.20755605090028,3.2493557626695893
2.926552242558532,-1.2461323979312005,1.1573719281362715,426,125.18385344529086,3.2551913646858135
4.326705361261868,0.21753945839758462,1.676222446904782,427,125.16744394909972,3.278685376849103
4.978078415590205,0.9522694360655853,1.5233477203329668,428,125.17059275450139,3.291801799500585
3.0069700387208362,1.0585287651523638,0.9950723447882701,429,125.32882293109418,3.2678952056695105
4.555043288908314,-1.9171812001188553,1.2113019871912132,430,125.2668423216759,3.3182936651206196
4.190278999097244,-1.4204386073410857,2.040409246129755,431,125.19466326177286,3.3274845455947277
4.019554722613977,0.37281383037895177,0.8964925977454696,432,125.19490131578948,3.3445134618566725
1.5699473449071082,-1.9631768986631366,2.004486277202034,433,125.18863616689751,3.3691106630142245
1.2248463457327337,-2.0981894911287293,0.9498052134921712,434,125.1801690183518,3.3751477267031706
2.3530828988061487,-2.814641237950123,1.4456489233761713,435,125.0701393698061,3.3578187908073964
2.9469286774249195,-3.8708345967703144,1.921636482293533,436,125.07503029778394,3.361998639370837
3.3737131294804708,-2.7868345504548895,0.8879638090354532,437,125.0705397333795,3.404892656199711
2.4735995337348498,-2.099119921027266,0.14607052384670466,438,125.04173519736842,3.4232100813269817
1.8163364179036419,-2.3722815454534074,1.8615915031661068,439,125.39459076350416,3.381567142512439
1.11743193216395,-2.969458625483,0.6992197893114084,440,125.40106150450139,3.3870204313340393
1.692740660395486,-1.3559676038946977,0.9347056312600157,441,125.16360262292244,3.3670195090031325
0.7174272472481359,-2.191454385678214,-0.7518508049885199,442,125.15294970567867,3.3856178141775257
2.401750793602149,-1.9961816095510003,0.2269012783332113,443,125.03615174861496,3.424207975412318
3.367103883345332,-1.962129679133063,1.604668191902298,444,124.88835266620498,3.471183507099337
-0.5530877399304089,-2.0270408012148264,-0.03827103211005251,445,125.43072087084488,3.4574001720278726
1.2631002040823116,-2.6489252987005076,0.6561889055524892,446,125.40606604916897,3.4567221248125746
-0.735343800528381,-2.5477416072458254,0.11539970080051988,447,125.4243096433518,3.4851597958860814
-0.210432921508334,-1.8403639559938876,-0.38682708482130684,448,125.20562456717451,3.476108343165479
0.3098434381541719,-0.9975478067765958,-1.1802515207438184,449,125.05525017313019,3.453507953073006
-0.9726817461715263,-1.0037977820291273,-1.2847640577451809,450,125.23847061114958,3.518115577670698
-1.9665855898137403,-1.001498977339394,-0.26885225033854193,451,125.16466304536011,3.495833766096931
-2.0076248427502343,-1.0313828143828423,-1.0124308612461337,452,125.1827659712604,3.4966632656277294
-1.6191118988293651,-2.1871497252312584,-0.731923109129281,453,125.1544429536011,3.4575256731356987
-0.9462455061574007,-0.6875707849247511,-1.3341674851057668,454,125.1709390148892,3.4106305865744386
-1.589532225781537,-0.7906244827846831,-0.8596745969888395,455,125.15953406336565,3.38563326597585
-0.8906035947091385,0.8511728458698647,-0.970796463647052,456,125.17434210526316,3.370874636189138
-0.16038532719560122,-0.652208553213132,-0.8302063169352422,457,125.1839562413435,3.3734422970294067
1.2319902758594024,-1.2925127501742006,-1.4308871488228154,458,125.19667048995845,3.373158606587784
-0.2755783199088196,-0.8340335035315453,-0.922251128850661,459,125.19537201350416,3.375221137912297
-0.11029475054553488,-0.6140250072415399,-1.0601890931129465,460,125.20876255193906,3.372927175941452
0.3248431118820921,-1.1689109975046243,-0.40242926783367433,461,125.20393654778394,3.3984331990784584
1.2252715837272825,-0.5159806371905198,-0.5363754124645834,462,125.20728012465374,3.4017188834972623
2.2429276390308046,-0.9360146274195525,-0.2301636458149241,463,125.21029908240997,3.427577081863435
0.417113947633883,-0.8192092448326679,-0.2604258888149601,464,125.22506384175901,3.4205207260990775
-0.7276119389351328,-1.5544290023445089,-0.5519414295300491,465,125.22415490824099,3.42027911956491
0.4367423760057138,-2.4481586974993452,0.42919269232423524,466,125.2300413348338,3.43893803425775
1.8264929055561063,-2.397971861923964,-0.32682761305737995,467,125.2366906163435,3.4423146649066467
3.272690431632175,-2.8679112521752934,0.8948291556693805,468,125.26623095567867,3.4540974345913344
2.824710847825523,-3.702957116532709,0.11418100728588389,469,125.28921939923822,3.473661374975108
1.2634819520712075,-1.6752607837027582,-0.7040686686738723,470,125.28493983725762,3.4819038648995573
0.9863928159627595,-2.68083383712322,-0.9407003651025904,471,125.3067217797784,3.482124342821238
1.2433452913554732,-2.0908365616937443,-0.42904146869208704,472,125.33765257098338,3.4979493060807516
2.6736712638422335,-3.4786010028843477,0.04849144258710885,473,125.34851108033241,3.4940963968221745
4.612223437431169,-4.547070529583236,0.6521988518796766,474,125.32015560076178,3.5421509217277247
4.868548364862992,-4.276434199674473,1.3033681582896965,475,125.34008180401662,3.5325291136798738
2.730638132943689,-2.895411090604906,0.2683698755073669,476,125.33031076869806,3.5364054719834717
2.2246340279590306,-2.2832640846842907,0.4575262466866354,477,125.30418975069252,3.568378046518777
3.0869265497154896,-3.0963488760323026,0.5407127480768109,478,125.3084476713989,3.572368200567696
4.933182286939623,-3.2033386077106507,0.6453736220384383,479,125.29728077389197,3.579110657322381
2.940760620919433,-1.4884609167586504,0.08097030509499649,480,125.26553843490305,3.6131612397586186
3.0264201461047997,-3.0429009281931174,0.3732585540170925,481,125.29624740304709,3.6220668268093963
1.311003136073702,-3.571430323301749,0.9633873105309448,482,125.28867295706371,3.6214715798384205
1.1988997126924907,-3.2890931201345848,2.332777769654775,483,125.28323558691136,3.6293171242343907
2.934892691244404,-3.531841946916408,0.4901149708396029,484,125.28519953254848,3.664889489137473
0.9169496958516873,-2.9475162822069882,0.4399075201141186,485,125.2756178583795,3.6814620793786963
1.0748601777834539,-2.8077594466574847,-0.08067808832772516,486,125.2977460612881,3.696903020291195
0.8303031054377231,-1.9046569815871912,0.13051481394354056,487,125.29659907375347,3.6987515919949616
2.006346537621541,-0.937771256182688,-0.5790954320144428,488,125.2844745498615,3.709061883752406
0.7568839901321891,-1.8007042158069253,0.29852115357331366,489,125.27459530817174,3.699287693809273
1.6598488146042123,-2.785656743833288,-1.1781355543473324,490,125.27572065443213,3.705092751511347
3.352033957175789,-3.800146722972506,-0.33891916381801007,491,125.27294516101108,3.7152068798993785
1.85649090817529,-4.349489908099981,-0.3816521652160379,492,125.2230187413435,3.738474766005989
2.4035319587573074,-3.3669054126885554,-0.49637407027383396,493,125.22832626385042,3.7247067067461326
1.5993503229476447,-2.6668686624980427,0.9308335483010187,494,125.26297394390582,3.722546414133444
1.448187626729311,-1.9616279893269846,0.21756058400317513,495,125.17815637984765,3.7375103922663415
0.3815700752929637,-2.3910447132646064,-1.5584391734421223,496,125.19261816135734,3.7379262649830043
0.5250062733468361,-3.5280239768720194,0.011043947620959444,497,125.18078579466759,3.7592961848748123
2.6648016167643784,-4.427212033645383,0.49849119567202643,498,125.16657829813019,3.7578521230927966
1.397759767492341,-3.8686377746834935,-1.3698350380173803,499,125.20802674861496,3.7399041277215708
0.792530375361137,-2.5027801853081897,-0.028644574006423815,500,125.19298606301939,3.746394194985026
0.35826672318986996,-3.327400766360229,-0.4795392373756889,501,125.13569078947368,3.7551389848551087
0.08264910231587154,-2.732109979454678,-0.6018875211525083,502,125.14852947541551,3.7606076171780694
0.8537140576855595,-2.4613517852012543,-1.0036000581440199,503,125.1623636599723,3.7574755410687537
2.651458664095209,-2.666620582544902,-0.5475661592049865,504,125.07504111842105,3.784435122669914
1.2939131921496645,-3.2567322483829813,-0.21870924464236252,505,125.07737296572022,3.7859572385054014
0.5606760034591461,-2.636267072990763,-1.8783038486212518,506,125.06706630886427,3.794017007808271
1.1612375429517936,-2.47856037216339,0.05375564036578315,507,125.0316503635734,3.7943462925959883
0.5971845738095796,-3.0482150976410938,-2.1743087163123596,508,125.00064382790859,3.796270964139189
1.1014216043187361,-2.1148936897395876,-2.5272388902820344,509,125.01372056786704,3.7749373560516895
2.7136818295992584,-2.8759093652119434,-3.4052920309929853,510,125.15653674688366,3.777844199352386
-1.3494259152979473,-0.9305448308295472,-1.6423733939880478,511,125.20657137292244,3.75478047303837
0.08177564825785683,-0.9188425913321446,-1.9845257471780477,512,125.21508721433518,3.7563443120602216
0.9155560587734028,-1.4224702958462903,-3.276515100919939,513,125.32722688711911,3.7707274493486675
1.786936331861053,-1.18128894963421,-2.206597903680602,514,125.1653068732687,3.754600574460296
0.2736602850612298,-1.5163303376767783,-2.5706785400302237,515,125.16481453427978,3.7601274610996795
2.2340579980757727,-1.862978402849384,-2.589221054200806,516,125.1053875952216,3.770118319480184
2.047204803511649,-2.845875010342362,-3.417939956207881,517,125.11375735803324,3.7707996696402186
1.916906325193795,-2.386034597834323,-3.6904320262649613,518,125.12067715547091,3.76825371424644
1.7251798855600602,-2.938381587639003,-2.3510910049162015,519,125.04437543282549,3.770818369916274
1.1732040116266955,-2.8846341007634675,-2.218408863478372,520,125.00811547783934,3.780650875841599
0.17342270835955775,-2.0445344758537947,-2.6248574705376626,521,125.03234829466759,3.778805356794398
1.8463931217799794,-3.5222462416736247,-2.89218225230395,522,125.00025969529086,3.803788705913577
1.0786325146561793,-2.320699490011902,-2.175541477516546,523,125.00959790512465,3.826080856438797
2.100099748286066,-2.823229711846478,-1.6854070598934219,524,124.98583578601108,3.8243258350727096
2.0695644391276495,-3.7502334445558327,-1.7904142946591173,525,124.87971238746537,3.838040994074911
-0.11307075888917156,-3.019446425683376,-2.5936591823162427,526,124.91226627423822,3.8393194118515614
0.005435390984633374,-2.319943959515181,-1.9496785158207663,527,124.91222299168975,3.827653150743434
1.9334611651464668,-1.6210500949283715,-2.2470968790090518,528,124.9066774151662,3.8367682900614923
1.200197676484977,-2.0199670374655447,-1.699194450389527,529,124.93595264889197,3.8231554935902667
1.4222608431543171,-2.424115632354772,-1.3415464019414949,530,124.92812932825485,3.8219626834051805
1.115416503598746,-2.47387471306406,-2.0144484728354928,531,124.91441417070637,3.8191196881443057
-0.2360030438219791,-2.6801324247525313,-2.4780781471730617,532,124.8911065183518,3.8212109765372606
-0.2043482978545699,-1.3296583901998598,-2.392296739442179,533,124.88454921225762,3.8309237891797685
0.5031648389505019,-1.4734002379970907,-2.7268114599014095,534,124.90377207409972,3.812530088915913
2.779829716415752,-0.9295178153084188,-2.9643280188083216,535,124.95062002250693,3.797448832063421
3.9050538570355955,-0.25749952789020764,-2.9741839003411084,536,124.94806635214681,3.7973253487692404
1.9960121665768467,-2.0877556804260724,-3.1588662708801305,537,124.95935227666205,3.77493887750912
2.3161226033075777,-2.367292890446658,-3.0302417288882832,538,124.92574337777009,3.7634438738301075
-0.7074620108267776,-0.8194375088197823,-3.5201469675891692,539,124.88568537915512,3.7396084736215407
2.5476776590617325,-0.12081440834480243,-4.137650558168945,540,124.83505020775624,3.7536504471656778
1.9065310022027482,-1.637436359845763,-3.5471833229016583,541,124.83784193213296,3.768217965034071
-0.12106985183923849,-1.5261457430503125,-3.277456259063626,542,124.83791226627424,3.7712132724073504
1.1044878572288168,-2.6368284362909424,-2.961057991445989,543,124.8570593836565,3.755472318498745
1.7623731011410164,-2.239077190794632,-3.137049839758661,544,124.87715871710526,3.7592049559994516
1.9433433002765959,-2.939968821840714,-3.2452024285532826,545,124.85059405297784,3.7393543203640234
0.9126600863272262,-3.0671741941812853,-2.7190198295787678,546,124.84371753808864,3.7426834442071915
1.2427893325919142,-3.082209396141921,-2.4872062686004606,547,124.81936569425208,3.744386039392465
3.424811515721578,-4.025173359365733,-2.0022449774829516,548,124.85414863227147,3.7522443615177576
0.3533139734072937,-2.4088265061524057,-1.9913722146930903,549,124.81380929709141,3.7496201150025663
-0.46037344276081127,-2.2654880277769025,-2.203714435663091,550,124.86465006059557,3.750770870166663
1.3749446015723057,-2.287935016566856,-1.5984807842357847,551,124.82616646468144,3.7411144719577965
-1.1096520847739306,-2.490779323753458,-2.015367446859513,552,124.85035599896122,3.7432296083154517
0.1854511130728704,-2.033757272045833,-3.089111367129295,553,124.83065161876732,3.7580808965706995
1.1665958833557857,-1.0887833020067648,-1.5190910063001595,554,124.8495282202216,3.7589923666329277
0.33584363370664055,-0.5470041152997501,-2.768833996291169,555,124.89074402700831,3.7729977037162663
0.6841841757344614,-1.1023389305541338,-2.105705941805451,556,124.92412028220221,3.755367386458207
1.361925888879734,-0.6464874062943504,-2.711355351681435,557,124.89760431094183,3.7318923056264546
1.9222636736333114,-1.3202772041417936,-2.8724186305884074,558,124.94096260387812,3.7224086744191416
2.7571892115060948,-1.6632295310473386,-2.293669704535073,559,124.97663824445983,3.7257588822874084
3.001315536068707,-0.390055464286171,-1.7572894311281941,560,124.9904075051939,3.729288456063911
1.9292496728405153,-1.0471403136936386,-1.2080414697372959,561,125.00008656509695,3.718870906036151
1.1478173264492053,-2.3697635549772595,-1.6209144452063367,562,125.11057068040166,3.7148359358597465
0.7124626279463062,-1.6995864503478129,-1.5826447441551146,563,125.15050424168975,3.723894271632778
1.6291068194789193,-0.7193767680538519,-0.8007229694302073,564,125.13078363054017,3.729077152625755
1.598527929529112,0.38235105588695845,-0.017692424258472485,565,125.08400060595568,3.72655396034027
1.6261785652117664,-1.1934358722906475,-0.06666951912102155,566,125.08691135734072,3.730226060857963
1.9776238280018454,-1.8698023770976184,-1.091291747329836,567,125.12146165166205,3.7105972099015534
2.6753140751674263,-1.1251389623882033,-0.828119074815563,568,125.20993659106648,3.704172954071555
1.2776620753870356,-1.920228911602262,-1.5189312009850007,569,125.26956912222991,3.706868163726035
2.249392929316247,-2.204056058021024,-1.1218423647123514,570,125.25779626904432,3.742279426960816
1.6686154811494593,-1.2700322470167922,-0.5423407853213926,571,125.32736755540166,3.7243358168686473
1.026808099988202,0.5127887725216465,-1.6126666027071763,572,125.32244957583103,3.7196973459772167
2.190779447683823,-1.9214080715089954,-1.079245497905819,573,125.40725631925208,3.708992021988217
1.4750395295312402,-2.1061361986423806,-0.7783174833112924,574,125.4714659799169,3.693403615287091
2.113201514641441,-0.7339256557419298,-0.2936242210083384,575,125.53846736495845,3.6974446578157547
2.0019971453062824,-1.7423043665514248,0.3318425624985299,576,125.55937824619113,3.687114410360741
0.8741213625063946,-1.4851708409012672,-0.09067437358300925,577,125.73690161876732,3.6791641282514584
1.4566710827638338,-2.3406519427057044,-0.4058355476160872,578,125.76475934903047,3.6827163559511944
2.8373581772707657,-1.5442077294970475,-0.45574206976637816,579,125.38865564404432,3.715312255467963
1.3585254464644143,-1.0237812604081498,1.0401114325853926,580,125.37787828947368,3.719192608055789
1.5378729754828542,-1.4233275827164271,0.986033280762786,581,125.17592191828255,3.737501265938177
0.9382546285137306,-1.9110231423552415,0.9880173949899241,582,125.2436320550554,3.74202253342709
1.166297045449341,-2.5278752690660053,0.46688360728383455,583,125.30064058171745,3.7449307666182503
1.0825443442203002,-1.7530939460495565,1.6553452050039643,584,125.31288954293629,3.7470863815632955
1.1410150700251465,-1.1835787571890994,0.32828484083859055,585,125.30487686114958,3.751255644662378
-0.15875122563847138,-2.4511158463753477,0.37620187901252566,586,125.3718025017313,3.752716807602854
0.22658110036507237,-2.1714702788896174,0.7373235080676036,587,125.38463577735457,3.7338722317332573
0.6468802882751502,-0.8520703097073161,0.43766324841507165,588,125.38731388504155,3.71926178607966
1.4092251164143677,-0.9507303304384521,-0.3258847329042293,589,125.36284301419667,3.71011618249618
1.0741648133909976,-1.666503935847024,1.172458139027179,590,125.35610175727147,3.7113939565713867
0.8527214796001161,-1.855882384106472,-0.5168049439139759,591,125.39915166204986,3.702501582102705
-0.3885822424445143,-0.48828030315423937,0.925146165690585,592,125.59980955678671,3.7214778520537943
-0.5665636455743915,-1.760637844067739,0.47789036202312946,593,125.64502899930748,3.7239233297537786
0.9802993785862946,-1.1130875651606704,0.5672746745570459,594,125.61778263504155,3.727578435794403
1.1809688009286692,-1.8298652516546454,0.3198030557550117,595,125.73128029778394,3.749162185479834
-0.4348690062160446,-1.5158562292648565,0.9506356540875515,596,125.70059297091413,3.748244025940331
-0.06696277546056728,-1.3489979381922723,1.3053648914082272,597,125.7843663434903,3.749503225346598
0.7603550988031357,-1.7315799891839219,0.8478226421338928,598,125.80858292936288,3.7465764248509985
2.3077004068605502,-1.344964890979476,-0.1142150931989951,599,125.76804882271468,3.744591202187058
1.001997061092698,-0.9047510529328308,0.0329213238547437,600,125.71586630020775,3.736816982513011
2.579290220237558,-1.0367062303664998,0.7488801061769969,601,125.75595135041551,3.7375799957494817
2.8829624327311003,-1.8241777993337887,1.3962243067271987,602,125.76507314750693,3.7395982182477505
1.2386085945529317,-1.276195208869447,1.5440992090050176,603,125.8346390235457,3.7551451322165015
1.013063778632279,-2.587182386347824,1.0834984782614987,604,125.83436850761773,3.761998784810951
1.442977841440376,-0.976417343134567,1.714194886240573,605,125.8678962517313,3.7544688019683035
1.8779531115844939,-0.616407031653443,1.631831265568659,606,125.79411573753463,3.7790636077446718
1.6560487889599853,-2.0463199716825007,2.0968084492189782,607,125.85384024411357,3.7776037686925346
0.7218223988465231,-1.6771953987742638,1.6478954618763944,608,125.86662482686981,3.7740897515378196
1.4142981672677217,-0.776463778768371,1.1583289025638208,609,125.5452573147507,3.8158338966938428
1.112499880200647,-1.866693999490574,1.7584669173514227,610,125.53786140927978,3.8418671690141726
0.6749103194815558,-1.2551644796799577,1.2237818294680902,611,125.48376904432133,3.8574825504123935
2.6270966570067333,-0.46737680973970464,2.1870531715394113,612,125.42910859591413,3.8454950400983217
2.130160858209148,-1.3482689000385475,2.4745787434242708,613,125.46900969529086,3.8575502568374858
-0.6096371202025653,-1.2332439739744376,1.928556429131495,614,125.44701675034626,3.8584532679144865
0.5182492387313163,-1.1141608215176428,2.694126642129248,615,125.38755193905817,3.8520978561659724
0.9467834411148358,-1.2363568058656051,3.3851562953252747,616,125.54692910318559,3.8858184207710176
2.4273899884328682,-0.19341942332906786,1.4572671743747996,617,125.60046420533241,3.9054446445676696
0.6063962919360802,-0.9869333709018475,1.4666307002837558,618,125.62509738573407,3.9249862794064163
3.4767692736584963,-0.3835626886190914,1.602744407005663,619,125.67547827216066,3.9387441067684836
2.231123269414447,-0.8265735165100031,2.354943994042415,620,125.6767172351108,3.941063564992364
-0.9230467554644692,-2.3402243288847715,2.3637613974891005,621,125.72837495671745,3.9381053101545525
-0.6729727734427897,-2.6653077442184205,1.4788775468413138,622,125.79356388504155,3.951554981524357
-0.1866346939644678,-1.943028855218206,1.5760102288537603,623,125.82587971779779,3.941396171688946
-0.0686859274632755,-0.9889713450927032,2.104663456012121,624,125.79167568386427,3.9316965756881044
0.42869821225922045,-1.5451261792739837,2.465793118512704,625,125.74124610457064,3.9352838486115918
0.09868780063207318,-0.018372158728645383,0.7715200242904249,626,125.74462755367036,3.9381360195337987
0.7436076198935886,-1.812596154811065,1.3776190744986458,627,125.70300056267313,3.929680328886587
-0.08529198854012003,-1.1648288044977821,0.8577081035912096,628,125.68033673822714,3.912329228762922
-0.4448422343579216,-1.2183481407704,2.01046350871376,629,125.62777549342105,3.9069425141995326
-0.30855218060956446,-0.6318794781406879,1.392645708839781,630,125.56665512465374,3.9052677455556113
-2.1610295602771705,0.24954509731724447,1.0151178071054598,631,125.69125476108033,3.8997179471606844
0.0383377440582024,0.39683111799100584,0.5837330139385685,632,125.69171463815789,3.900408186393238
1.1922944700364217,0.5155995849050101,1.4692879869352153,633,125.64048974203601,3.8987502245028196
0.413414048032111,-0.3380863615788005,-0.17946026102190818,634,125.67189123095568,3.884346557613693
0.5733388594096271,-0.23379431349407295,0.38924280485339596,635,125.71439469355956,3.891106138545373
1.0458773171010458,-0.2307277231644567,1.1956976435780646,636,125.70357946675901,3.894773915206816
1.8646267820323115,-0.494427164975389,0.01140509731199374,637,125.70766966759003,3.8991778558541537
0.4159846777776544,-1.7721874971795033,0.707654253793965,638,125.71714313538781,3.9050590540861045
0.19497229807434752,0.26874998874580514,-0.3949877945784115,639,125.61426592797784,3.885170938017707
-1.1630169362739189,-1.7673142016347054,0.359801187630753,640,125.64018135387812,3.873779458497328
-1.3216172005964697,-1.097740265903017,0.6357943562013193,641,125.59650926246537,3.870063770483622
1.2056627923365908,-1.7777605088710773,1.6017811938459035,642,125.52407591759003,3.8832826923304067
0.4952023083533624,0.45664015088930826,1.9566865919548515,643,125.51883872922437,3.8898992182752328
-0.4016644355092721,-0.597110176149879,2.00341775462309,644,125.56215914993075,3.885005129935604
0.42223187166065734,-0.6812111253017916,2.804896441246436,645,125.48667979570637,3.895618533899738
-1.0433359770881712,-1.1448009116176157,2.0227772717344514,646,125.5202400017313,3.9001813480644514
-0.41656670745440233,-1.0609593866131004,1.6572761445378403,647,125.53897052458449,3.8938975313708593
0.7069651348827171,-2.341223018345119,1.5023581745133974,648,125.59093663434903,3.903127844826924
1.0327385543295722,-1.0764471618735791,3.257057848406904,649,125.69206630886427,3.924674519333886
0.19005612281318354,-2.2646262377206647,2.8039780944582966,650,125.69243962084488,3.9304258437463147
0.11829792341452926,-1.39771069538365,1.7321167101318733,651,125.78625454466759,3.934196133703685
-0.08268105852158598,-0.3363567452065987,1.506604363205463,652,125.67621407548476,3.9327337416260777
-1.116363655648099,-1.4422294824209707,1.1566047004024211,653,125.64927068905817,3.956452617933052
1.2268741615593421,-2.4828431202497834,0.9221190540162796,654,125.5704207063712,3.9723350622315916
1.3644987574743743,-1.5720623016392619,0.5630255459356434,655,125.64282158933518,3.9991997146198752
2.134985391110217,-1.256383507983279,0.8034363886225855,656,125.63978640062327,3.999594948403958
0.6390224669209384,-0.4378866641816377,-0.214071130630599,657,125.69002661876732,4.022716559037531
1.3042241885830181,-0.25037569248001457,0.9619185286165748,658,125.75642745844875,4.0244613458638
1.3024962223745842,-0.1516381338197107,0.3318880077943348,659,125.7632715114266,4.038480056321764
1.258443798775709,0.7829643928500014,0.7837420137261011,660,125.78931137465374,4.056904937509713
2.323172374263983,-0.41571566688120853,0.1586847984755926,661,125.8130356215374,4.066527963631332
2.9874622242002222,-1.3619073238767405,0.825951610874556,662,125.81864612188366,4.069848753304458
1.1527405232598094,0.5131710869404257,0.6083657643375042,663,125.76239503981995,4.07517250082817
2.3177227896848813,0.6648204497528789,0.1872218653007843,664,125.68808972472299,4.095202837133883
1.9996779597270093,0.6562841892141457,1.4466423030086129,665,125.75062218663435,4.100567408319266
4.0290276290451486,1.270202543822241,0.6092942806782546,666,125.76762681786704,4.100704141206187
5.146775007405311,1.414083025936924,1.9469924359331636,667,125.78749350761773,4.1048756719694595
2.6428620602318484,0.1767579649531413,1.127503975129895,668,125.78604895256233,4.104713209432002
2.918457578369986,0.11174254099572284,1.1458817542086366,669,125.87147247229917,4.110026631114536
3.044591665056609,0.20487916114452576,1.8163386988568393,670,125.89680358379502,4.108892714465666
1.4144409141225385,0.36052629974094447,1.67282012960914,671,125.84119091932133,4.1132890390912005
4.800791640118608,1.894868175558752,1.5394105169970091,672,125.74448688538781,4.137153358111342
3.3082003443414916,0.1185439505399175,1.9993727882270131,673,125.77707864439058,4.142935104581322
3.24547444243074,0.11484582228736942,3.790347702381818,674,125.79092905990305,4.14377349725385
2.319749361329561,0.6120034832098659,2.216635909951842,675,125.87141295879502,4.167404534869438
2.705481948475497,-0.2065602526671629,3.020383467172026,676,125.90377207409972,4.178395366200748
3.1710317923234688,-0.9243335084416456,3.4610374977839373,677,125.93503289473684,4.191303999061088
3.435853406817379,-1.3909520484715883,3.4303118422762955,678,125.96263092970914,4.21368247186268
1.5935792567285167,0.026362431920991764,2.9828557654994854,679,125.91215806786704,4.229838461565874
4.450130660363965,0.23280132433229317,2.6379682721367415,680,125.94869935941828,4.230952104898345
2.7232233748194323,-0.9704410776730776,3.539648058535706,681,125.84459942001385,4.232368859139785
2.8032820800492044,-1.4556489956685472,3.2548496055120015,682,125.80010496018005,4.234533120878875
2.5986771904860406,-0.6501181613064798,3.209927984424912,683,125.80750627596953,4.242462072600823
1.704294133731587,-0.5664301423503079,3.9202324845636403,684,125.83009976627424,4.245380554632146
2.6094017929571423,0.10177598305417562,3.324508481761425,685,125.84973922264543,4.230624360094924
1.9077253157441674,0.8097628152025121,3.9062596887394676,686,125.83643524930748,4.229982640161038
1.6563987879860347,1.3926888588464548,3.249928474553163,687,125.88870974722991,4.225322091196877
2.1433411052789766,0.7344047698767527,3.5080498780291047,688,125.90777029951524,4.229233946231489
1.8366503973206625,0.03095512515488767,3.8280711634504505,689,125.93626103704986,4.215748025616414
2.5392766703666823,0.4540135246627626,4.599775205912721,690,125.85919645948753,4.228088723406999
5.2939584801021615,-0.24983074358163335,4.283266503011714,691,125.83158219355956,4.228973003453349
2.821332310163719,-0.1042046907614988,3.376920755929467,692,125.8402062413435,4.224065372514937
3.963917303480737,0.12073877979005228,2.884776255529917,693,125.8624913434903,4.2237877060723035
2.644113794699257,1.2401609887033178,3.0917485603726953,694,125.88767096606648,4.242655740256073
3.5643565021421226,1.7790725815142427,3.6964302385400636,695,125.89909755886427,4.237902859837086
3.5877378377976425,0.4936424981096423,4.596374499096804,696,125.94047567520775,4.243766491646435
1.7133871467765218,-0.7471680815181222,4.464897458432174,697,125.9038153566482,4.233673177600821
3.6616111064153705,-0.6245092224191559,4.860913080366465,698,125.89994156855956,4.236540132350517
3.10097355202505,1.0341891159941075,3.923616949867719,699,125.88231475069252,4.2148986717071555
4.793373484376067,-0.14134115043437687,4.509899692596703,700,125.8483920533241,4.205364481351474
4.432698026466396,0.07567985416273022,4.085455339276462,701,125.85899086738227,4.188304965668308
2.245429012910258,0.4470157249875629,3.6803160170428724,702,125.83904302285319,4.174020537991888
2.440383769796195,-0.45853735794051553,4.913103881080527,703,125.8176776748615,4.152512734015575
0.8010180271638411,-0.1257861705152741,4.165359926548991,704,125.82422416031856,4.160341488536994
1.295239780996949,-0.13461837251630457,3.3155701863150098,705,125.81375519390582,4.136102770358191
1.0319783095321917,0.4866242401488292,3.4928867108654154,706,125.87062846260388,4.131486753366265
1.6798699499821783,0.4987837155359032,3.25894693305065,707,125.85217386599723,4.127227989868584
0.7344606951650939,-0.28680067556717936,3.7983990572547413,708,125.83118724030471,4.126981314404516
1.4149463485742801,-0.2656408822065597,4.562379488387326,709,125.83723056613573,4.123737287388096
1.0899307402207083,-0.7895052508204561,3.8302583027542796,710,125.8148805401662,4.120894673553733
0.3498611550791854,-0.21893702844935337,2.659577557628841,711,125.83347039473684,4.129965701454029
-0.3847006346830723,-0.8062287037934946,3.697311670365491,712,125.83783111149584,4.150108708461602
-0.18318626651949352,0.6763817113214272,3.2188236144602804,713,125.82013395948753,4.166633758500823
0.6808189652876422,0.22276246979831468,2.912698711645727,714,125.82308258310249,4.147652727725757
-0.25554467583348167,0.3291653825707827,3.800889662491748,715,125.86147961391967,4.147426032493967
-0.8621562838886823,-0.8424208591107731,3.4320829041640257,716,125.84217018698061,4.153826060148854
1.071129515607334,-1.0712416405457372,3.7938559463216084,717,125.82893654778394,4.1362677513157955
-1.4528288898227557,-0.8556217778990316,2.780392721077647,718,125.82069663261773,4.127311536875669
-0.8621338722853017,-1.192244414712851,2.4891970220883297,719,125.83613227146814,4.097402567858777
-0.17605438552485367,-0.43789773300561846,2.750829489333313,720,125.80963253116343,4.097875571036718
-0.5231236592682776,-1.1003643411412365,3.9816175012929276,721,125.78925186114958,4.100992915725343
-0.07472557441333366,-0.7286126780681942,3.3863825184378604,722,125.79333665166205,4.102283340779298
0.015651688799737037,-1.1423861392699315,3.2549929691569766,723,125.84016295879502,4.10877821564
-1.2462740218887252,-0.39051331734171507,2.990180373552387,724,125.83212322541551,4.095093679473337
-0.9266226548806303,-0.10108859345482604,2.960013605193052,725,125.81126103704986,4.093197283659113
-0.10373905597531918,-1.3818146228446149,3.3268980678063307,726,125.80414646814404,4.097358914552143
-1.120659879573235,-0.6072960515078415,3.652211137317602,727,125.78258093836565,4.1057658465290725
-1.454515321887192,-0.10272490493686824,2.6562278380989732,728,125.81949013157895,4.109625684178455
-0.866033236184936,-0.28269992300250896,2.3926122286135305,729,125.87379890927978,4.100526420171679
-0.6508136675611152,-0.8548419539118285,2.5613103265030643,730,125.83278869459834,4.1115702412369215
-1.670611214393929,-1.8091847334658924,2.9499042224630725,731,125.83523956890582,4.128115000769726
-2.470234735943413,0.11080692137893684,3.025027030268402,732,125.81695810249307,4.128824282591199
-2.0656003849558804,-0.8127278277195671,3.1790551584175004,733,125.75971152181441,4.137906944341636
-0.5230946388254173,-0.6512763239628963,3.313696972909357,734,125.80471996191136,4.146939475789159
-1.0250603340796818,-0.7954801118940895,3.7024467151383114,735,125.82894736842105,4.150620200829
-1.3388040771870657,-2.0944244906946103,3.488103051254491,736,125.82173541378117,4.152315222544067
-2.1853159878842425,-1.0246868525884283,3.0932228691718304,737,125.83686807479225,4.161524483799705
-1.5962583229557288,-1.1563231309414859,3.200888484572749,738,125.84693667763158,4.166160085259582
0.5901835777149087,-0.07975236036365216,2.7841545198131192,739,125.85717300034626,4.165811463323492
0.10655642615961468,-2.15589305899593,3.6160903863821985,740,125.86066265581718,4.16750011490367
-0.8876997074792917,-0.36494950775304186,3.3930032669884436,741,125.85228207236842,4.188104136960172
-1.1957745318384898,-1.873485035191312,2.6190748024416273,742,125.86797199619113,4.187993242350426
-1.3027571955420039,-1.1402821751356471,1.9406033744774256,743,125.85773026315789,4.199093552927645
-2.2606951859766773,-1.6482946307796134,3.494078764501852,744,125.86728488573407,4.2085311515762
-1.6995973549678425,-2.4581460644892488,3.1308301210838945,745,125.86823710180056,4.220613268773298
-1.5085824599178144,-1.470344629320373,2.715441784823284,746,125.85915858725762,4.227355962495456
-2.4957536812065673,-0.843013581565178,2.6908458383107066,747,125.8670792936288,4.231509780412991
-1.832271264443799,-0.20362484823539614,2.0521098454016573,748,125.87812716412742,4.22716128806408
-1.6903244134572704,-0.9411026702885987,2.3207951592795366,749,125.87463209833795,4.220681853612332
-2.0980925596788764,-0.7638206294201177,1.6479380114107862,750,125.82275796398892,4.239825421659139
-2.3129429395496603,-0.7358372682072225,2.7901475494730392,751,125.86329207063712,4.24247033724342
-1.4811660982515733,-0.46241510633626964,2.288170866767921,752,125.83656509695291,4.241222285225945
-1.5278762220154767,-1.1462270767067801,3.554469092926003,753,125.8106550813712,4.24655829425061
-2.3008564670388205,-1.105283421089425,2.5855980176386972,754,125.85749761945983,4.242440326948409
-2.41683736230067,-0.8412241939089201,2.136597176430075,755,125.86133894563712,4.243487098709496
-1.723057733202393,-1.658434811612519,2.8204377636182825,756,125.85854181094183,4.23444752891438
-4.012358094969529,-1.0390316328800657,1.845683935935956,757,125.87830570463989,4.229829984260712
-3.8211105228072033,-0.9815725436870116,1.995245434392031,758,125.8632000952216,4.228255575663231
-3.16298846262356,-0.9668253354878997,2.083998264742167,759,125.85168152700831,4.235639194257124
-3.9454297058494254,-0.4082554282274218,2.230619264331309,760,125.85063192520775,4.2288248870210925
-2.8777081527785846,-1.5517640614467778,0.9518372707570754,761,125.85241733033241,4.2243630265124015
-4.084207807895196,-0.5020822395679024,1.327733824333801,762,125.8588934816482,4.216076419534805
-5.014174697612665,-0.4940737769109629,1.6048611304822518,763,125.85951566828255,4.224915961219931
-2.8270188788611823,-0.2843161547591149,1.4823164458806102,764,125.83631622229917,4.225188741160434
-3.1394073732502172,-0.8575752857398344,2.386712501690766,765,125.83456868940443,4.198442775640545
-1.877348843749807,0.4329545624357895,2.260914476721642,766,125.86602969182826,4.188838441669734
-2.795670539772432,-0.5016289089384472,1.4636869411190243,767,125.8492468836565,4.179737986999505
-2.544880633037036,-0.09820625869759546,1.9409616384176755,768,125.87089356821329,4.174267447478492
-2.519522801575453,-0.5143021870919658,2.2281966720903426,769,125.86535340200831,4.170957995514585
-3.143421751425785,-1.4188414375889353,2.2344906823038557,770,125.8671604484072,4.175906906893576
-2.34144956718614,-1.2556316511288814,1.9288645943673453,771,125.86022983033241,4.18321154740295
-2.768004277454795,-0.166417405142468,2.9419540876363444,772,125.8551333102493,4.1761608060412065
-4.094637029347081,-0.5375503187204896,2.0201118995768104,773,125.82148112880887,4.183225869511297
-3.0191628613963735,-0.9623107971760381,1.8351445462451716,774,125.82396987534626,4.181220054138529
-2.8027791422915547,-0.2484715430347169,2.6825474686334454,775,125.83652722472299,4.169709941220775
-2.667986166091364,-0.1396478132301753,1.759456413634696,776,125.84492944944598,4.1706848257444955
-3.0266087401864166,-1.2067887263952568,3.4021492339803703,777,125.84378246191136,4.165591427284872
-2.2495194527705307,-1.1021526294198782,2.814419687191375,778,125.83858855609418,4.153017221633958
-3.038178168597063,-0.9573537486999035,2.352201911969043,779,125.8430682998615,4.147803717815717
-4.565176020200446,-1.0243706553863852,1.6714712808957117,780,125.86136058691136,4.118174149704125
-3.4566865463119587,-0.7479619112264796,2.755957966048301,781,125.8504804362881,4.109698258264563
-4.019738468258368,-0.8626253911733178,1.400617099849721,782,125.84421528739612,4.109529376182945
-3.14428431829999,-0.40115015416154326,1.6647604386293002,783,125.83337841932133,4.117689296004714
-2.7010843069389727,-0.7023002985660295,1.895738176328072,784,125.83377878289474,4.114052625064344
-3.200665060827324,-0.38160945652975736,1.7177935760851792,785,125.84240824099723,4.1157861507633235
-2.5851051913463987,-0.7756006612472236,1.6029653936881434,786,125.82905557479225,4.124390936409396
-2.6212383986010335,-0.3450792774502477,1.3221737369152229,787,125.8706122316482,4.131370534060975
-3.3513046817796566,-0.2998790153658418,1.192839746817298,788,125.87431288954294,4.131799613357246
-2.5056368457159763,0.20493622955281243,0.7815456327083987,789,125.8449943732687,4.141499549703785
-2.7404564902376816,-0.5304803752795534,0.7383381103013917,790,125.86604592278394,4.136602925781853
-4.19996343069604,-0.20484107593647144,0.5590126181593233,791,125.84327930228532,4.126675536347681
-3.5173462746216675,0.25695150545780826,0.8079276057894264,792,125.87653653047091,4.132126049714192
-1.8652794332017795,1.0972720069442738,1.1009070184023877,793,125.89304882271468,4.128727039607138
-2.5976023909740564,1.8651391430320545,0.8159859090217443,794,125.90390733206371,4.135427631119454
-1.8620463295475242,1.0245432110256152,0.5381997272061163,795,125.89448255713296,4.118023879524748
-1.7420610195192672,1.1785679763616959,1.2778184492514693,796,125.9289516966759,4.094135542335879
-3.1081742676972177,0.8701765854604222,0.7410979000828088,797,125.89856193732687,4.062780403690902
-2.7145996473941216,-0.38172197848020395,0.8651325148990174,798,125.88613443559557,4.065282979929835
-2.327605331790019,0.44754020122432137,0.7472661815305057,799,125.90303086045706,4.061555082170678
-1.3910852356508103,0.44164349065797387,1.3140942748571356,800,125.90436179882272,4.062787679040983
-1.846407168390844,0.5968105021558767,0.46151663103730506,801,125.82022593490305,4.018858366590719
0.3064963615498165,2.067172902211992,-0.11159441384091266,802,125.81562175380887,3.9664973171879425
0.4468956635829288,0.9508480570811343,0.13575435709949102,803,125.87095308171745,3.9392303851139974
0.16312327225000045,0.8405070908850361,0.684936928026628,804,125.80761448234072,3.9018938144336124
0.3645177764731703,0.5065750671796311,0.9339533188775255,805,125.80286963296399,3.87428570564017
1.6913756543011464,0.9193402156432667,1.3343258426263616,806,125.80351887119113,3.877839986856087
1.5992823570268717,0.9600089369659441,0.3826299865511819,807,125.80448731821329,3.8375548350575803
0.47757251220409086,-0.1252119370534055,0.40896696302985236,808,125.7723554362881,3.774595516515736
1.1052164762302674,0.6536214382074116,1.7747419693666395,809,125.74381600588643,3.7227500823413715
1.0189304362706975,0.006851984003622819,0.49854060646961934,810,125.739190183518,3.6583622991846383
0.2753686076079947,0.4972792777236766,1.7085312058205542,811,125.71859851108033,3.635697651879466
-0.03615641433472214,1.656807406119654,1.0057097610249146,812,125.69189858898892,3.637556296976823
1.8389573889883004,1.4294908357617413,0.6319789910931651,813,125.68220870844875,3.6370795661702764
-0.46906591241159146,-0.3212055699553679,-0.16446397665150467,814,125.64499653739612,3.6185135949296034
-0.17978019583018315,1.1075722608034713,0.17391467458724313,815,125.65722385734072,3.598004645117807
0.7986040605083673,0.7924356458752656,-0.6559748270080601,816,125.6610273112881,3.572941118222166
2.583377257296881,1.9659552792400266,-0.8248121714174261,817,125.65854397506925,3.5606549860089687
2.309756147161015,0.2889616236041609,0.39031435872510395,818,125.65233833968144,3.5619251496677746
0.9630652158446189,0.4982023557019885,-0.6708612073415525,819,125.62555185249307,3.519716147502104
0.6127249167647731,0.580033509358674,0.4414424168352819,820,125.5408695463989,3.5025525260952817
1.3322969240109914,1.0021308999255008,-0.12952385442428843,821,125.57694555055402,3.4829664887301774
2.711822237541189,1.1010087413894607,-0.8699658678797884,822,125.60983487707756,3.4826736612859257
4.126369617290132,2.2126264306613326,-0.10948724872636902,823,125.56143416724376,3.473621269163896
3.6719173380018084,0.8576380658066176,0.12476756726486397,824,125.5679590114266,3.4745397353524288
3.8876472166134772,1.4960143319127543,-1.6689784813397155,825,125.52066741689751,3.4597581966881465
3.4975838757805358,-0.018597229612154886,-1.2934313883759785,826,125.47541551246537,3.4559272811630866
0.204989649149444,0.21273276957591689,-1.219179437864516,827,125.49221996191136,3.4180547592942627
1.8896291841950688,0.038123830120213684,-0.7677569235591345,828,125.52523913608033,3.4341775857216423
2.0101327739372032,-0.6578218974470096,-0.22590167937457886,829,125.45613313711911,3.428354386679616
2.9085941625015943,-1.1046652481677484,-1.2294360932684336,830,125.45342256752078,3.424540924649845
2.4966891262124813,-0.3809507323683099,-0.5078303022688367,831,125.4771792763158,3.4435547789765613
1.7261804572798964,-0.6314207689520076,-0.8475453255998423,832,125.37003332756233,3.451069682829258
3.702975280834138,0.2606311707433348,-1.4273384070728532,833,125.4002174948061,3.430125861609141
3.3129564005880776,0.40182037207820953,-1.502336500925151,834,125.46625043282549,3.437164980182413
5.086631161528454,1.0438301703618016,-1.1300568218014455,835,125.43418888504155,3.418929750065058
3.7342585927540677,0.1943324534025979,-0.9593431046906485,836,125.45240001731302,3.4152643119821673
1.2265703158719201,-0.3773570113557137,-1.561767931602839,837,125.23382855782549,3.421573500567412
1.5793602092736443,0.11347464731226826,-0.22063577614305024,838,125.47650298649584,3.3941363168172956
1.3142963777197627,-0.21447454886025327,-0.42760442184079667,839,125.43338815789474,3.393997964178295
2.7869924173112177,-0.7017825912025547,-0.5321823291421938,840,125.44063257444598,3.3651958929981642
3.6303854566095883,1.5904790085805052,0.914163522076636,841,125.49705137638504,3.3721244166238793
2.9166802158216423,0.4509250824942768,0.3476587895511143,842,125.48712885214681,3.3733438230133954
2.1604405303499354,2.4292974294787966,-0.42408587694404865,843,125.48673930921052,3.3759839841012633
1.53425224833883,0.758978811258854,-1.001771005897382,844,125.4680412482687,3.357813999054815
0.03852808685080842,0.1614345955352487,-1.4440000359255605,845,125.45409344702216,3.352693258987452
1.0024656302787742,-0.12448280396550453,0.15597596955186577,846,125.45172372749307,3.3532774956017737
2.416967221285941,1.215673606498475,1.0308919678924147,847,125.34454531682826,3.3635262322071586
1.6145594006104476,0.9114008837019513,0.14281455747546665,848,125.36412525969529,3.361806049750281
1.345455704634728,1.7314393514875495,-0.19762079079543007,849,125.3772074099723,3.3424849487996835
0.7265226289366515,-0.2581803186661637,-0.4940675064950499,850,125.37515148891967,3.349585126005972
1.7323189932659715,-0.3904527333447998,-0.033044027685711644,851,125.34884110976455,3.342930173882383
2.4457524747728807,1.062058529088405,0.7347505091475942,852,125.33179319598338,3.3325835131885375
4.416130448529671,-0.006913900490109765,-0.3770629653824309,853,125.397528566482,3.3527354722406946
3.475189898083145,-0.45908649190177986,0.1497048789029363,854,125.38914257271468,3.34871342429925
3.061414676991222,-0.4187250790694661,0.7540845507332818,855,125.35433799342105,3.3219049954433064
1.3645451519614364,1.509891383200331,-0.47194720170044435,856,125.37524887465374,3.336451950190525
1.3672284916918798,0.24848751941760724,1.6820337427137297,857,125.34920360110803,3.329599750479626
2.2424440096043283,0.5865652311414669,1.1926204560451992,858,125.31768849549861,3.318020204522834
1.5143140821074044,1.8730720542121402,0.5124199616328869,859,125.34554081544321,3.348413043234496
-0.1050883971184257,3.044547856141622,0.4329230796992025,860,125.34072022160665,3.354949177764313
-0.4252827429132414,2.192458314554974,0.40770069403171544,861,125.38693516274238,3.320198875771115
1.3075772340422873,4.219613801492496,-0.49255314975970815,862,125.36767442867036,3.3070154109962506
-0.1678097119882063,2.6853967336921802,0.20983094682901512,863,125.43334487534626,3.2774846422709154
0.3462437769922683,4.73109634352386,0.663141315595089,864,125.37335526315789,3.2711923505637936
0.6969758234175737,4.795972105800856,1.8245507010757713,865,125.41216888850416,3.244528858679425
-1.098583309710468,3.0224967572266266,0.7821429024964701,866,125.41730869113573,3.2481550543715345
1.018698930657579,4.5076917624238,0.7378858867345023,867,125.39268092105263,3.2174573742752335
2.564163371238935,5.789279157787466,0.8256689087639463,868,125.31360370498615,3.179000573491312
-0.84110405362563,3.3310513406745854,0.5318842139894856,869,125.3746375086565,3.136865371921006
2.3283701263608894,5.380775607101516,1.5611360061392083,870,125.40469182825485,3.1063292198878467
-0.5223302504200247,4.652945602559884,0.9951992014334803,871,125.36086824792244,3.1043062251297004
-1.0244677644918814,4.359129610824123,0.5071886486922359,872,125.35490066655125,3.1053076993431623
-1.1704068723493881,4.558240383258064,1.1930506256620026,873,125.38700549688366,3.1128974773033207
2.360843536667398,4.858277784780043,0.841320315383498,874,125.45963361322714,3.077326018867984
1.637010168155695,5.39739124302486,-0.09532847934904885,875,125.51817326004155,3.0656232852400094
-1.615255811899087,1.9127278648751722,0.28847467290648243,876,125.48796204120498,3.0582628437347688
-2.2819192135044077,2.112293781514325,0.7321918375675638,877,125.43304730782549,3.020931782410774
-3.0643651385030455,2.0318577673162417,0.5887867144822214,878,125.42798324965374,3.0268506467312193
-3.750448922219179,1.6388290470759352,0.15180728466404977,879,125.56177501731302,2.9993843834327962
-3.025958405575123,1.1303901602856832,0.1889971237982265,880,125.4655254501385,2.9798322633425056
-5.039537891685765,1.3650194565212517,1.3715454950594952,881,125.63927242036011,2.9349798595079766
-4.224594898246714,1.9058246486168995,0.46727684439067046,882,125.5966391101108,2.90576036410308
-4.713053623858708,0.837900247997882,0.18672479041593193,883,125.61575917590028,2.884375356910615
-4.483900261927768,1.9094091520420209,0.4561899557426576,884,125.75164473684211,2.8969541537863037
-4.181975186620975,1.5892376744970875,0.6670239137060437,885,125.71722970048476,2.842890454521855
-4.395625679611342,1.3422794107568627,-0.8176291058479487,886,125.76781617901662,2.824726448272004
-3.0616698434434455,2.6959987411389337,-1.270937312896897,887,125.83682479224376,2.7891623429568777
-2.6422569291108147,3.5491386770124356,0.36683276773915896,888,125.81568126731302,2.7785273047841326
-2.1862629118615953,4.123920310594827,0.9497142058734671,889,125.89134998268698,2.7801340467184703
0.015653737150515205,5.0981705637823795,0.5048979034271546,890,125.87254371537396,2.77901764841068
0.3736388803793637,5.735997512066878,0.8904024487195861,891,126.0034247316482,2.7444641383074564
2.8975213587324884,6.134551880190648,1.0661385138508008,892,125.92468295533241,2.710704268377453
0.7226520969241585,3.4680975805496677,1.9411694230961876,893,125.98052826350416,2.670209844723516
0.886088892209162,3.9598235165724596,2.500122179421891,894,125.94731972818559,2.6311601665250017
3.366665881740701,5.216578968871667,2.763024624777212,895,125.93220870844875,2.606719061753251
3.17767151982841,4.493390842018454,3.1662917993205384,896,125.90039603531856,2.611136666073497
0.4262127536112283,3.9103541211479227,2.845277162604139,897,125.86149043455679,2.6050657196250815
5.336738337104936,6.720078261637287,2.7773173431639298,898,125.97967343317174,2.5464499224491366
1.651201275284885,5.484208716312993,2.7123945889544507,899,125.90368550900277,2.498401262905007
