NodeID,X,Y,Frame
0,0.579402491239983,0.03430871158984723,0.0
1,0.5906021564089171,0.5789826343466797,1.0
2,0.2804750030430203,-0.319429432000163,2.0
3,-1.689284873695676,0.605278627123992,3.0
4,-1.5378208254876071,-0.03370021126770311,4.0
5,-1.269384210844482,-0.20092839188735404,5.0
6,0.5027272379341838,-0.518317202058935,6.0
7,1.0462502010477885,0.5929576882979205,7.0
8,0.21264943972494918,-0.9364223924732802,8.0
9,-1.6765052924344557,0.9108313635876215,9.0
10,0.5030774387635902,-0.5025562515508205,10.0
11,0.43462383096571117,-0.44004694951975704,11.0
12,0.6167797999190099,0.3740433189274554,12.0
13,1.0434196062637735,-0.13550931506995587,13.0
14,-1.6864809259282567,0.9249262723692026,14.0
15,0.5147570759315866,-0.5037273229751066,15.0
16,0.7008056728530461,0.10458465147511974,16.0
17,0.727165577591236,-0.332028181727059,17.0
18,-1.9704206578116032,0.28428303329113397,18.0
19,-1.6835930796579517,0.8847617782960523,19.0
20,-1.6073001691100226,0.6687497017184932,20.0
21,-2.0,0.2804025509542015,21.0
22,0.7120755947594882,-1.0506669522742593,22.0
23,0.24288000559961545,0.23862650867421953,23.0
24,-0.4892972537293057,-0.44639043328162686,24.0
25,-1.627029997604202,0.404876766286674,25.0
26,-0.5621683773193379,-0.5431522516036442,26.0
27,-0.4411366997399184,-0.492045250077283,27.0
28,-1.6527084318268117,0.9007135358742718,28.0
29,0.5294492495729675,-0.2067334004052746,29.0
30,0.7482685287077523,-0.4194933783721564,30.0
31,0.629268954935072,0.00812406364923888,31.0
32,-1.606921939554018,0.739896963446191,32.0
33,-1.6015296214967356,0.781665204045009,33.0
34,0.2276329197788249,-0.6391743872815727,34.0
35,0.7720619421829604,-0.4234184605742402,35.0
36,0.32257797491589163,0.05739563113493199,36.0
37,-0.4327230817045538,-0.4826066460255866,37.0
38,-1.4142643888555504,0.3473224529925775,38.0
39,0.42429398429690407,-0.8345466050195427,39.0
40,0.815715677859741,-0.06144857399199374,40.0
41,0.4367212843421922,-0.3669562082553071,41.0
42,1.6571013915839967,0.6197537097491366,42.0
43,0.19203190317639557,-0.918033266901335,43.0
44,0.6885469883850502,-0.35104805909027137,44.0
45,-1.4560956849273197,0.4253539394785605,45.0
46,0.5196274189176243,1.249605832503732,46.0
47,0.5794937369558384,1.3065205726396485,47.0
48,0.4057193205279722,-0.12142982359220442,48.0
49,0.6694974035603594,-0.33730351376935,49.0
50,0.42902969941021346,-0.0524405029442823,50.0
51,1.6225610014845602,0.6132865566442677,51.0
52,-1.7334565984133439,0.6943413033039295,52.0
53,1.5820503735717175,0.750671252898978,53.0
54,0.8815887108644609,-0.15337174930670797,54.0
55,0.2618401186746244,-0.25661701993326214,55.0
56,0.6578441347299084,0.26825130275797776,56.0
57,0.058417929916215174,-0.5827550713235952,57.0
58,0.7047114903009101,-0.2850814865028033,58.0
59,0.2911184306973128,-0.5662136701085414,59.0
60,0.6677937217267719,-0.3717132284434695,60.0
61,0.6979508274063932,-1.0028939542603392,61.0
62,-1.1301502690402956,0.12327084411851341,62.0
63,-1.5404400237171845,0.531411080831377,63.0
64,-0.5680879302209059,0.063458201567174,64.0
65,-1.0607799670052966,0.11926337931207733,65.0
66,0.8224101563900227,1.2819769676814396,66.0
67,0.859238475811779,0.4851488181674553,67.0
68,0.1849436583802341,-1.0409639281614922,68.0
69,-1.924719787309679,0.27670922811583304,69.0
70,0.9535704492014799,0.2697376548597564,70.0
71,0.9816431987348864,0.20179326399493328,71.0
72,0.6892214790194271,0.3200023890351636,72.0
73,0.7817495086419121,0.33648119031313595,73.0
74,0.6349038574309808,0.500241093432541,74.0
75,0.6254461620829606,0.5317113121873008,75.0
76,0.9378837899811852,0.26717191212158314,76.0
77,0.05839396117661474,-0.9865108748834236,77.0
78,0.5973601702446854,0.5320647158828029,78.0
79,0.629824166140629,0.3723416792821534,79.0
80,-0.09327284974896573,-0.7100487846684642,80.0
81,-1.1247463092258259,0.07498124386065536,81.0
82,0.8487410372318733,0.31721255018667016,82.0
83,0.6299541904968352,0.38499971279982725,83.0
84,1.41908386594103,0.3180445814341896,84.0
85,0.18094703577403348,-0.9617634085594047,85.0
86,0.6512486137548575,0.45219733515981286,86.0
87,0.6184742055625576,0.5654179724413454,87.0
88,0.8378826962093672,0.3279655206389743,88.0
89,0.2020537868347471,-0.31920728823131256,89.0
90,-0.2963073085212242,-0.16420932992567772,90.0
91,0.590001650400751,0.39946537701222795,91.0
92,0.578707198036957,0.7505535286855028,92.0
93,1.0943937378627457,0.44525195693352293,93.0
94,0.07399979076269837,-0.1657200402273823,94.0
95,0.6430342309431016,0.4756941320215735,95.0
96,0.623253984189006,0.5847505882561542,96.0
97,0.8477183191743438,0.3679773742678909,97.0
98,0.05295693158087514,-1.0148657865704294,98.0
99,0.6716296278027231,0.36170141081622,99.0
100,0.7968734289401137,-0.3391045828147592,100.0
101,0.6119066185690328,0.7174907179725777,101.0
102,1.0344368583818568,0.49775346899588535,102.0
103,0.17891560623321598,-0.9110417109124846,103.0
104,-1.7206519865856242,0.75927754546285,104.0
105,0.7511231579140157,0.3281575731161366,105.0
106,1.004538641374779,0.4242060902230538,106.0
107,1.2861668215988484,0.2952831841729755,107.0
108,-0.06971862063427792,-0.6728962177912777,108.0
109,-1.5800128644156457,0.6842536160669697,109.0
110,-0.7595965615680059,0.047165150290183755,110.0
111,-0.802291874778296,0.014091551767734065,111.0
112,-0.10470300608728592,-0.6207633620344766,112.0
113,-0.1160510482666854,-0.7104965893272908,113.0
114,-1.7952591766867314,0.6969729936304575,114.0
115,0.6714185374956753,0.4196536700023328,115.0
116,1.62866521070659,0.5731880695251447,116.0
117,-0.08516362916129051,-0.7120882895069808,117.0
118,-0.04379680126306005,-0.5741164062073877,118.0
119,1.5500434046553715,0.7004299742748226,119.0
120,1.1838214410530454,0.408777116408568,120.0
121,-0.011326770248138707,-0.623451188000089,121.0
122,-0.0860484978749897,-0.608761102886113,122.0
123,-0.05095877680622676,-0.6167934525832833,123.0
124,0.5672871779606705,-0.2343510469957793,124.0
125,0.67650435685716,0.3492283963730588,125.0
126,-0.092666966603032,-0.7457473769966553,126.0
127,-0.02099362277770139,-0.5885041641731364,127.0
128,0.1622953560223883,-0.6063859708744853,128.0
129,0.47956535587326227,-0.48048009279100456,129.0
130,0.17308096690849747,-0.2082773982731039,130.0
131,1.4658949247937592,0.5968434414782606,131.0
132,0.6350864931108132,0.420927193308571,132.0
133,0.5051372109133533,-0.1647521982572484,133.0
134,0.7333324083093381,0.32444701883888366,134.0
135,0.18723345797908006,-0.7124863765802385,135.0
136,1.3447020131451184,0.5484980779130493,136.0
137,0.8579996449728677,0.30982650628199565,137.0
138,-0.7164664815411848,0.02569755114425846,138.0
139,-1.6646558523841224,0.8910464034109233,139.0
140,0.18398814412364312,-0.6168820055336306,140.0
141,0.5984120327039725,-0.2714243996451898,141.0
142,0.9645349546404083,0.21301404488455,142.0
143,0.025881298135419162,-0.5296815636460683,143.0
144,-0.013975045109916893,-0.6606388481988912,144.0
145,0.6743727462000333,-0.41599848694111297,145.0
146,0.6081437203578731,-0.2617250958121024,146.0
147,0.18354939948412125,-0.985092715738888,147.0
148,-0.09777038345505651,-0.5983343831574104,148.0
149,1.543143866689145,0.6834997198512548,149.0
150,0.7400037912850855,-0.318545254966841,150.0
151,-1.239432118555753,-0.1552949544358254,151.0
152,-0.9330831847247338,-0.20561826789180876,152.0
153,0.5526436167731631,-0.547530202231648,153.0
154,0.6634898604079554,1.0783591143917708,154.0
155,0.824279882169116,0.3493488717246266,155.0
156,0.663107042517687,0.3973145892045219,156.0
157,1.0337203578789915,0.386759979059104,157.0
158,0.1999257191239885,-0.22500313021476925,158.0
159,-0.8705816697255455,-0.2221550840971965,159.0
160,-0.8624213579200477,-0.20735863665240084,160.0
161,1.4681689386499757,0.2934509666890554,161.0
162,-0.8572501524426868,-0.19744411860884883,162.0
163,0.9403387022687856,0.23880241705301705,163.0
164,-0.6761553859729567,0.05032976847367421,164.0
165,-0.8226672833901585,-0.09160321264661511,165.0
166,1.404881665513097,0.508218949909294,166.0
167,1.0880622287308312,0.21556416811715853,167.0
168,0.6599293093534012,0.40741510498853667,168.0
169,0.6672226873674685,0.3728239827059182,169.0
170,-1.0263948211796954,0.14072292262273428,170.0
171,-0.8930260997158528,-0.17057854761502447,171.0
172,0.6211808069728841,0.6084674499613292,172.0
173,0.8014267618400727,-0.3736481465052905,173.0
174,0.7221004414826108,-0.3145834828244598,174.0
175,1.4576359322964583,0.6291879733994051,175.0
176,0.5737812692263453,1.1310132184478965,176.0
177,-0.5287252800291843,-0.49462485571857784,177.0
178,0.33029789937906584,-0.6414339936100344,178.0
179,0.5780776943974292,1.1742277855290928,179.0
180,-0.8856573591930605,-0.11932715784195384,180.0
181,0.05952655384764296,-0.9407356768494681,181.0
182,-0.8566664689146298,-0.15465398974898809,182.0
183,0.7826581734695214,1.1421280213866392,183.0
184,1.0449358427405024,0.4765632201330856,184.0
185,1.138896050086347,0.44599847477653404,185.0
186,0.28128104820891603,0.22340789901860422,186.0
187,-0.7170692664772562,0.09717696304142379,187.0
188,1.1414534438245105,0.4965839309220929,188.0
189,-0.9915504840561116,0.14236077971676547,189.0
190,0.25662623880206925,-0.2932292153949911,190.0
191,0.862015214970936,0.44579306418543535,191.0
192,0.9943076051675919,0.244808275970737,192.0
193,1.1402584860003573,0.4817450151195417,193.0
194,0.6140764203034366,0.647402011923082,194.0
195,0.6104574296171231,0.43379200320719347,195.0
196,1.0170637203033106,0.26194013299459235,196.0
197,0.587825504253105,0.4485172511331906,197.0
198,0.37561049004108205,-0.31986604030503335,198.0
199,0.27390088657806183,-0.3121581486764849,199.0
200,0.7021117094426335,0.9412314564055669,200.0
201,-0.9010786430337586,-0.15718561282643584,201.0
202,1.01295743029916,0.22900444652311544,202.0
203,0.6266741089135056,1.0549726576648961,203.0
204,0.6239428277847573,-0.3078178268444251,204.0
205,0.6994858966721668,-0.40878324978016295,205.0
206,1.3053406097661366,0.2809360420369053,206.0
207,0.912404124057972,0.46135319130990515,207.0
208,0.46923300236519466,-0.16858574745012128,208.0
209,0.7422856299571623,-0.4004329525656979,209.0
210,0.9305054625439573,0.3979681031474779,210.0
211,1.297406014458347,0.41595087994715296,211.0
212,0.9837250754182953,0.267552874606661,212.0
213,0.6178178646932281,0.9795797085441028,213.0
214,0.00589314656406805,-0.5563111726540353,214.0
215,1.5313638804324312,0.6350255594905682,215.0
216,0.35427082612318317,-0.2962983708179795,216.0
217,0.6429706354430504,0.9727828648650695,217.0
218,-0.02245908626065783,-0.4989827929195357,218.0
219,1.6195497327689157,0.785115389346177,219.0
220,0.299583997665781,-0.33581502667441493,220.0
221,0.9823830370847353,0.26302449122193533,221.0
222,-0.8990161179931112,-0.18648989249852838,222.0
223,-0.905110920777807,-0.12114554573013699,223.0
224,-1.2223351374502134,0.09185103437199861,224.0
225,-0.8978376842791491,0.15713630975857407,225.0
226,-0.9412860166398014,0.14542419539994536,226.0
227,-0.9001761341022437,0.13869326713795624,227.0
228,1.455232193942923,0.6416573958027039,228.0
229,0.12951699427861513,-0.8469772273898009,229.0
230,-1.6307570820229664,0.5904981738945781,230.0
231,-0.9342885795112065,0.0847116969075049,231.0
232,0.8090823324264769,-0.3936456695172589,232.0
233,1.242633476894225,0.3346899528581042,233.0
234,-0.5509155592617497,-0.79000123891557,234.0
235,-0.9111118525482638,0.131578712569404,235.0
236,0.3033690665471856,0.04585077919022024,236.0
237,-0.9181775142458928,-0.12788934982724948,237.0
238,1.1123032086309175,0.31957916521816615,238.0
239,0.3811073746985591,-0.7211165195406487,239.0
240,0.8668929932958352,-0.08454283122853454,240.0
241,0.6281684013996766,0.9762803970364826,241.0
242,-0.9196227511766254,0.11278378843977391,242.0
243,-0.9573068336582351,0.04262572993195593,243.0
244,-0.448713415521448,-0.026800842205395154,244.0
245,0.5782053038496691,0.569959213549985,245.0
246,0.6590733295225998,1.0485463667678763,246.0
247,-0.11550353269360679,-0.8391486788148848,247.0
248,0.05614356266530531,-0.2595177144978693,248.0
249,-0.5118152705916953,-0.7187991330459189,249.0
250,0.6472068797210847,0.9375342988002388,250.0
251,0.6378868457291839,0.23859728617191103,251.0
252,0.9153285446546325,0.42001805011929744,252.0
253,1.2886739210552158,0.40769541848364654,253.0
254,0.5196585946659432,-0.7738014419185507,254.0
255,0.7766024095257819,-0.34827761368357674,255.0
256,0.9046315186148145,0.2830543890578281,256.0
257,-0.020157021398786817,-0.7001713425044477,257.0
258,0.34532188941786174,-0.3578172033351305,258.0
259,0.6363127524612564,0.9058216765471098,259.0
260,0.8039122290034425,1.1440509164495842,260.0
261,0.7883538643584449,1.3071630804667704,261.0
262,1.2145835042741349,0.45118286424672766,262.0
263,0.5655175485949115,-0.15090577727807022,263.0
264,0.8926370603872644,-0.05295689869354776,264.0
265,0.6539219531912034,1.004703160941275,265.0
266,-0.8328663977370644,-0.07667498282916194,266.0
267,-0.45779052426573075,-0.022687507362002785,267.0
268,0.47035176450056587,-1.0021100521470416,268.0
269,0.6370332584410856,0.8202515844430104,269.0
270,1.081586559405661,0.3388192220157104,270.0
271,-1.7051597488674861,0.29902986576878987,271.0
272,-0.513122710311777,0.0047161970360014615,272.0
273,-0.5486186315831897,-0.7434424727473558,273.0
274,-0.8657344869002807,-0.0812200358222827,274.0
275,-1.168368286926611,-0.049190795350821194,275.0
276,0.3774685755385212,-0.39656345184876296,276.0
277,-1.3815778422274587,0.15463725837974732,277.0
278,-1.315174398355139,-0.06727168014673342,278.0
279,-1.1631582994955032,-0.010037006402863842,279.0
280,-0.8088587664278791,0.059386689584774555,280.0
281,-0.26583480851336694,-0.07004258752598651,281.0
282,0.6202302078881524,0.8526131074967268,282.0
283,0.6237158417271614,1.109306956622768,283.0
284,0.7287186633642853,1.2146080851074446,284.0
285,0.11373746514528704,-0.264826457880461,285.0
286,0.4748080215029699,-0.9692985208309847,286.0
287,0.552209789528475,0.8420336894770477,287.0
288,-1.5650996389853833,1.0092450633213654,288.0
289,1.0250497321388825,0.42820638159531527,289.0
290,0.6332460151856975,-1.023564009191683,290.0
291,0.5649511026558498,0.07018391035510432,291.0
292,-0.41380043610661066,-0.7248381896161221,292.0
293,0.5362103596091514,0.8499193900376378,293.0
294,-0.39910878160686813,-0.65718778388993,294.0
295,-0.3560356194686405,-0.5525439888416704,295.0
296,-0.48860988514593084,-0.8882767710763899,296.0
297,-0.4356454342015516,-0.7829003814051575,297.0
298,0.6407227766458844,-1.0746058596033734,298.0
299,0.733951583211936,-0.03920637344206755,299.0
300,0.5473186900489342,1.225512330587378,300.0
301,-1.6470316253943131,0.3930488252155414,301.0
302,-0.5805780130018496,0.019559920530026205,302.0
303,0.6400116923105209,-0.29099459948875644,303.0
304,0.5800026619091565,0.8323611590113051,304.0
305,0.5541828576810687,0.1187844546853605,305.0
306,-1.176425449837633,-0.03501085815484857,306.0
307,-0.3274824690899024,-0.5009018546314988,307.0
308,0.6326313939863313,-0.9906999662114494,308.0
309,0.5723421853983554,0.09856815092638115,309.0
310,0.7914749785212912,1.2656178580334467,310.0
311,-0.11610636926451535,-0.7557980692832051,311.0
312,-0.4660405682351572,-0.8473555313500832,312.0
313,0.7864552379835698,-0.04256284535189827,313.0
314,-1.7026067455593425,0.31709667950436593,314.0
315,-1.1953354282653716,-0.05646360532356613,315.0
316,-0.40775789410144314,-0.7060715253269995,316.0
317,-1.3608802969103257,-0.13287158074344943,317.0
318,0.9011166391391808,-0.10780706421554735,318.0
319,0.6930644802984252,1.1207683710316285,319.0
320,0.6938900227719026,0.09739237029876016,320.0
321,-1.1687271661119674,-0.06645839612381517,321.0
322,-1.1714390331947482,0.13273140283190382,322.0
323,-1.4858897355982963,0.6274955278085099,323.0
324,0.18484859063875983,-1.007281387318801,324.0
325,-1.476643739994966,0.012072604540754052,325.0
326,-1.5369279551760464,-0.057356094439511084,326.0
327,-1.1501099322348574,0.12964948753856168,327.0
328,1.0766605919111185,-0.14997302248556726,328.0
329,0.7566129494261894,0.07061064023654708,329.0
330,-1.2660410869466885,0.05921810031481837,330.0
331,-1.0612883193531482,0.1286178723153531,331.0
332,-0.8964992019818371,0.16318821176925485,332.0
333,-1.6168398280896044,0.8302209290543857,333.0
334,-1.3716305135945988,-0.1508077595515553,334.0
335,-1.311312561189396,-0.1134506873842937,335.0
336,-1.217684000505722,0.15341252969279673,336.0
337,-1.4989362753133932,0.6075259857788173,337.0
338,-0.38187299393949486,-0.5964020324602016,338.0
339,0.3450963738561282,-0.13851160796806342,339.0
340,-0.909965225828167,-0.17014638679215768,340.0
341,-1.6720900694575098,0.582677796550414,341.0
342,0.23632854819876964,-0.4420757158300156,342.0
343,0.6189060882885202,0.20652280142298063,343.0
344,0.5209246939517482,0.017291031521366546,344.0
345,0.7090027724655303,1.1004725601272125,345.0
346,-1.6472001934546436,0.6098994198989522,346.0
347,-1.5635410880979854,0.4955509175627671,347.0
348,1.386505235097957,0.3112336912333254,348.0
349,-1.2124927328254278,-0.10408847051154728,349.0
350,-1.4263056478248923,0.08311131653188765,350.0
351,-0.7962045740957379,0.15089954319191437,351.0
352,-1.2515534465890243,0.16442956948963597,352.0
353,0.17037029900380105,-0.3816691589474222,353.0
354,-1.1433493665993613,0.0402008877460206,354.0
355,0.711144624530146,-1.0245463027663975,355.0
356,1.1488637581954217,-0.18053348873930586,356.0
357,-0.507230673309297,-0.4666683944738804,357.0
358,0.6777345179079659,0.9374587300455524,358.0
359,-1.6655986637189826,0.30083488731002733,359.0
360,-1.486832668632545,0.0844748642161042,360.0
361,0.785094344839103,1.2075882807463503,361.0
362,-1.332558859256151,-0.0855205363202202,362.0
363,-1.0804929421762137,0.14584732340656922,363.0
364,-1.2909216041371345,0.2039036527622873,364.0
365,-1.497720263939688,-0.011039404260788898,365.0
366,1.0426665637645347,0.5550435596748005,366.0
367,0.679947064427446,0.07212699283833492,367.0
368,0.6806922917202086,1.1515400239738915,368.0
369,-1.9589662603242786,0.23128656104871195,369.0
370,-1.5933974267764837,0.4239508475384092,370.0
371,-1.6653391805501456,0.414738481097481,371.0
372,0.7309180311123229,-1.0279319022023818,372.0
373,0.7739871375961872,1.1830335186860879,373.0
374,-1.2612159652532329,0.019895014198389276,374.0
375,-1.2924531262801102,-0.030700998561784033,375.0
376,-1.5125892205108076,-0.027978220495133686,376.0
377,-1.7230856454664192,0.6010368150108523,377.0
378,-1.3338676390624258,0.2889385788238586,378.0
379,1.1362051302340221,0.3043555649316518,379.0
380,0.4989188605819554,0.000974917757749551,380.0
381,1.4060530613258762,0.3517664836755243,381.0
382,1.2035013259704868,0.37822774564232536,382.0
383,-1.8238205686424482,0.32892392295661493,383.0
384,0.3144017558538045,-0.8384540361164498,384.0
385,-1.4194243454378987,0.07929882694476047,385.0
386,-1.674966875414021,0.37122082094624514,386.0
387,-1.0662474733126335,0.21449618189395067,387.0
388,-1.453184578008222,0.037868895414625264,388.0
389,0.33769734625134956,-0.4225544380929086,389.0
390,-1.0717117385471935,0.19211260853283835,390.0
391,-0.10920159145387055,-0.7968660121455654,391.0
392,0.7029361615623442,0.02422921317434404,392.0
393,0.6070628892159345,0.8285408210271417,393.0
394,0.8127268359549807,1.2167969915461982,394.0
395,0.038625023395725315,-0.8821441708410128,395.0
396,0.6783936945563483,-0.39400397930791053,396.0
397,0.34413922658667045,-0.46072866720888456,397.0
398,0.8252681224726747,-0.09330911300365882,398.0
399,0.7328801365762193,1.1175976327274095,399.0
400,0.2147377898552103,0.08676224261072489,400.0
401,-0.24851680932146697,-0.04751265409369086,401.0
402,1.0532797435807872,-0.27754382893108936,402.0
403,-1.4151282977850121,0.05622317919828341,403.0
404,1.6033412084972545,0.5929698259640225,404.0
405,-0.5328945754998095,-0.7630864762511339,405.0
406,1.03460270255337,-0.24679426970952234,406.0
407,0.8299299816285503,1.2250826522398717,407.0
408,-0.3816347753741812,-0.06238489910133142,408.0
409,0.5981990503441729,1.1372616255141037,409.0
410,-1.8735920613126567,0.30495927924908445,410.0
411,-1.5878749090237894,0.620240693339559,411.0
412,0.18740483652299575,-0.31357119101257336,412.0
413,1.1283640939052124,-0.16639164007144328,413.0
414,0.7417822218752919,1.172648782552866,414.0
415,0.8490448797047885,1.1646811434558189,415.0
416,-1.5662546211567643,0.5709764889453744,416.0
417,-0.4570424415273396,-0.8298098322795223,417.0
418,0.5596837311938593,1.22228220761515,418.0
419,1.1075026643363917,-0.1541107939554338,419.0
420,-0.27987649082835836,-0.39139897954211483,420.0
421,-1.212559344332192,0.17998773365401718,421.0
422,0.3091410710885548,-0.02294419933354798,422.0
423,0.5729234267565446,1.242227950329015,423.0
424,-1.375689090876693,-0.1572256927767611,424.0
425,0.20158330965394516,0.20625470585229075,425.0
426,0.11033660816986435,-0.5226507833699422,426.0
427,1.5053984222281858,0.5953751457674666,427.0
428,0.5793854331833782,1.2787756441154017,428.0
429,0.34746651537791823,-0.7615593461658341,429.0
430,0.5828493169393663,0.18357027358373956,430.0
431,0.25189194409152244,0.07116083818722527,431.0
432,-1.601057642803623,0.37288428433796456,432.0
433,1.0019599237828707,-0.22580557708806304,433.0
434,-0.701263730018093,0.05087737220401918,434.0
435,0.6225329842816054,0.8727305354490404,435.0
436,1.384218123960482,0.3373622764288561,436.0
437,1.5265957569423312,0.5996464925443241,437.0
438,0.30481328111566286,-0.33902871330972684,438.0
439,0.6455961502790759,0.8507744962770292,439.0
440,-1.197984103152084,0.13359276709970241,440.0
441,-0.7934765084899997,0.0415388058350483,441.0
442,-0.1669076406036594,-0.22365000647609848,442.0
443,-0.19060787472122134,-0.2584672628990256,443.0
444,1.0809624677680272,-0.28091779258769295,444.0
445,0.5283796075558033,1.2389000755547537,445.0
446,1.6362003493676673,0.6178739041093135,446.0
447,1.0394847321883478,0.24925463681887447,447.0
448,1.1792786015555266,0.4205853700115691,448.0
449,1.420203471503178,0.5802913935382609,449.0
450,0.498336140180986,-0.18947580259790875,450.0
451,1.0515895490609626,-0.23876435517044242,451.0
452,0.6099131266569305,0.7909816749552832,452.0
453,0.91764808241941,0.3967242478024853,453.0
454,-1.1860721782404877,0.13350597812999937,454.0
455,0.534938799222446,-0.8185692083826543,455.0
456,1.051209785366893,-0.2669668334440945,456.0
457,0.8665078221047497,0.424404054958871,457.0
458,-1.066732537512896,0.142723265774981,458.0
459,0.7290108620088616,-0.06735088606935184,459.0
460,-1.70364575716035,0.35809427138784933,460.0
461,-1.5377279394911814,0.5830501533233615,461.0
462,-1.4588219300266252,0.09166070926020312,462.0
463,-1.2384157682396315,0.0590058439677269,463.0
464,-1.33470408693052,0.22346133100641263,464.0
465,-1.3001787650352037,0.18032237741817458,465.0
466,1.0837658241439987,-0.18068549587343286,466.0
467,0.3408469879162622,-0.3879999719508143,467.0
468,0.3780449089152486,-0.41384356243636555,468.0
469,-1.624841533009324,-0.10663442902573539,469.0
470,0.7775003305714973,0.04753018381406202,470.0
471,-1.6590295245650197,0.3354324078342768,471.0
472,0.7519270946525909,0.05256649031619758,472.0
473,-1.638252669263477,-0.17145325931719302,473.0
474,0.3875301130428727,-0.3252627369516725,474.0
475,0.530405002577122,0.024716965005950456,475.0
476,-1.5516278175912095,-0.07177478699976522,476.0
477,-0.8487190216225631,-0.05439804726937672,477.0
478,-1.4658656986278509,0.35053038660644786,478.0
479,-1.576430542270186,-0.09725686309488561,479.0
480,0.1301328846199073,-0.810733633726344,480.0
481,-1.5208073744390602,0.6084619700098299,481.0
482,-1.5258718235997544,0.5900114350284085,482.0
483,-1.7469488903923096,0.34871476345148766,483.0
484,-1.3522563632446658,0.2662861495206709,484.0
485,0.8595890275676487,0.4713051506460624,485.0
486,-0.8579235056740032,0.10328562872390856,486.0
487,-0.252993038564781,-0.13426597276010172,487.0
488,0.28195756886245393,-0.19160923558116277,488.0
489,0.5308504700307383,0.8529599523505067,489.0
490,0.3879952730164146,-0.47706642251786785,490.0
491,-0.25032593384184226,-0.07474189724619351,491.0
492,0.12675134430483795,-0.6968746312479484,492.0
493,0.944989848138647,-0.15786527574642006,493.0
494,0.6696980019787224,-0.9692336184903195,494.0
495,0.5388132095823145,0.09185110097679781,495.0
496,0.37500786737640296,-0.024912329727844865,496.0
497,0.11442346344816891,-0.9077178986593684,497.0
498,-1.3352549145903592,0.1685790530971146,498.0
499,-0.7241307241023758,0.07479557203114753,499.0
500,-1.2076046630233999,0.2038853918165133,500.0
501,0.18663316763657395,-0.39544037653439973,501.0
502,1.0491532406854944,0.4492955512446826,502.0
503,-1.5754158851468971,0.7485097004920596,503.0
504,0.094277235247655,-0.2069688518918636,504.0
505,0.5582679153591542,0.07459349746202568,505.0
506,0.22183859694289457,-0.2875149006148416,506.0
507,0.13553491705453263,-0.6349412039331903,507.0
508,0.9922522088099257,-0.2546369820119286,508.0
509,-0.2662757117089286,-0.3151520976269131,509.0
510,0.4661779856308254,-0.3629974822249455,510.0
511,0.20844511356580353,-0.6476234131218839,511.0
512,0.15145824993850845,-0.6765339563247089,512.0
513,-1.5506146737244124,0.9700442144567899,513.0
514,0.8831659016764499,1.1934805362337146,514.0
515,-1.7164812005900263,0.965379436782762,515.0
516,-0.8512910268114386,-0.06159064626929805,516.0
517,0.6690680675516575,0.01574623899064087,517.0
518,-0.45613693042816367,-0.4154644314043945,518.0
519,-0.3928340341125925,-0.4033468839886674,519.0
520,-1.5688004885189286,0.8361718838444301,520.0
521,0.6551435377285431,-0.002208010731327647,521.0
522,0.15648516652576244,-0.4216051419141225,522.0
523,0.3820495821876059,-0.1085943791080633,523.0
524,-1.6008038535076923,0.8183319705113896,524.0
525,-0.4689952000106606,-0.5208729234772748,525.0
526,-1.5819378640939559,0.8341343867242096,526.0
527,-1.320437189296454,0.18276404326361703,527.0
528,0.41163414649700975,-0.5165153841630126,528.0
529,-1.7877141323580774,0.6740745322724135,529.0
530,-0.8076882774985048,-0.03775578874073634,530.0
531,-1.5650819587959588,0.5349277205137091,531.0
532,-1.5190203938930325,0.5363161965078485,532.0
533,-1.4446821387912416,0.43629481709584567,533.0
534,1.2864579014755282,0.5341821687450349,534.0
535,-1.555996370033021,0.923923384695821,535.0
536,-0.30085350084619905,-0.11793248268811746,536.0
537,-0.10919619869794883,-0.17793850920194088,537.0
538,-1.3775057802212816,0.30193480303379955,538.0
539,-0.22306501024690126,-0.14410808186713256,539.0
540,-1.625315314364397,0.6963647348946828,540.0
541,-0.25329113410544657,-0.02608375436685048,541.0
542,-1.3922845539538249,0.3228522555091941,542.0
543,-0.14855411504491378,-0.25375091426101587,543.0
544,0.3862559395110187,-0.04722837484327305,544.0
545,0.2116105533007873,-0.28992119865416244,545.0
546,-1.5857487567165265,0.6063643911062099,546.0
547,-1.5610981199744567,0.8760403238945378,547.0
548,0.7962410790973015,-0.08686251610618047,548.0
549,0.6084429404350115,0.7494949226837765,549.0
550,1.540120700961178,0.5918158315879612,550.0
551,-0.20315263222866498,-0.18230340407462814,551.0
552,0.10366581491120173,-0.22824881526662014,552.0
553,0.3271275499577432,-0.15328358674796608,553.0
554,-1.2118580350742763,0.1107373295171309,554.0
555,0.16416405033874776,-0.6882765003888336,555.0
556,0.13041803524987824,-0.503051041686559,556.0
557,-0.7267946369912448,-0.04354171250593393,557.0
558,-0.9428487108898708,0.08195225072689324,558.0
559,0.1935109879322568,-0.6264638104091382,559.0
560,-1.059435591110929,0.24464339678289512,560.0
561,0.43395784004791965,-0.14417251955221286,561.0
562,0.5976962941607927,0.8860504857974569,562.0
563,1.6211341058871562,0.5773061599084349,563.0
564,0.2460079034202105,-0.4594214005186186,564.0
565,0.30186286091343967,-0.9248179312944625,565.0
566,0.29382074599376445,-0.9936221150625507,566.0
567,0.29992847796330147,-0.9690577622827199,567.0
568,0.03032165380675133,-0.9510938404058867,568.0
569,-0.7315415489180974,0.05182556611614769,569.0
570,-1.0622042115855526,0.23209110955923412,570.0
571,-1.1358306960686904,0.0788486043421629,571.0
572,-1.6466385763392564,0.8657746478830222,572.0
573,-1.7084980555337599,0.95423303114822,573.0
574,-0.500774670188823,-0.9102058483018868,574.0
575,0.06233200906761002,-0.9631751398713972,575.0
576,0.07354657895745773,-0.865017841073628,576.0
577,0.14240407545855635,-0.580017534905041,577.0
578,0.8984779484978295,-0.16756416670183022,578.0
579,0.3330081503141417,-0.9926446743544477,579.0
580,-0.00560206215405912,-0.24370852405838092,580.0
581,-0.47393634445516974,-0.6659745620874803,581.0
582,1.5660304823754418,0.5522796084951179,582.0
583,0.2771883835805677,-0.5093175680931191,583.0
584,1.1717225977848709,0.44065702843691856,584.0
585,-0.10867550275785622,-0.18815627800836168,585.0
586,1.6544011681436617,0.5141929683486126,586.0
587,0.23016903397884278,-0.25652362570324044,587.0
588,0.3158467564253615,-0.36094112380218696,588.0
589,-0.1422030968498815,-0.23660400410241528,589.0
590,0.1790353708390919,-0.2704839860900322,590.0
591,-0.004830297264823117,-0.5082405792514352,591.0
592,1.562301885364081,0.5815823464306402,592.0
593,0.11086566033584921,-0.8916765985226157,593.0
594,0.14097006467798687,-0.6032711895324028,594.0
595,0.016727650832769822,-0.5229893225903964,595.0
596,1.0756839391667037,0.3799330353704901,596.0
597,-0.12164281715894404,-0.8547206182996053,597.0
598,0.21535029504568828,0.18685620872030528,598.0
599,1.604269413209042,0.5325532579749868,599.0
600,1.2593227522587054,0.44893423519639714,600.0
601,0.031475744368780596,-0.47738858062064765,601.0
602,0.24745930952247222,-0.6017706396213993,602.0
603,0.4452434146867419,-0.8163340416811857,603.0
604,0.664103749400118,0.27775583701738166,604.0
605,1.0482758944130968,0.37217973070881594,605.0
606,0.10782564333342337,-0.882920061722945,606.0
607,-0.25123962483813334,-0.10413858197759504,607.0
608,0.6767388906275174,0.297501091233638,608.0
609,0.869166993574517,0.4159336032184774,609.0
610,-0.13398112619459743,-0.8056385346240011,610.0
611,0.24824530250934215,-0.2226018932771946,611.0
612,0.7116687974681076,-0.43789299431402684,612.0
613,0.13565900674204823,-0.3937781575106469,613.0
614,0.9696383387980793,0.4125717428240468,614.0
615,0.6522012945494338,-0.021046195403089846,615.0
616,0.13007184797258559,-0.7604188800168731,616.0
617,0.45036884065449956,-0.7822282734043109,617.0
618,-0.40314976634185623,-0.6313554929789306,618.0
619,0.40490270635644987,-0.06737293508391608,619.0
620,0.34050916401581316,-0.020790593466057324,620.0
621,1.3177545855724528,0.3777479835680593,621.0
622,-0.44297247805417783,-0.6398474187902551,622.0
623,-1.4823007118194036,0.39894575294143336,623.0
624,0.17315062292001365,-0.8955099104817676,624.0
625,0.3073929645898368,-0.8725582933496424,625.0
626,0.282079382140191,0.20165594401421733,626.0
627,-0.39962073209901194,-0.6654434503130653,627.0
628,0.605032332609623,-0.891736719051364,628.0
629,0.4365057061423271,-0.6414925740175405,629.0
630,0.5075450467489696,1.2747213356423786,630.0
631,-0.29257846126276055,-0.4281380814864134,631.0
632,-0.881197683598475,0.1234193928619191,632.0
633,0.5391149199189886,-0.24171298834983232,633.0
634,0.5670324846255267,-0.8455792376669513,634.0
635,1.3792332327946952,0.5739458632337007,635.0
636,-1.5767557767594869,0.9630244949848594,636.0
637,0.12068379327974536,-0.5358822559997001,637.0
638,0.4880531573244157,-1.0497129303509245,638.0
639,-0.41121010091381904,-0.7439642164557262,639.0
640,-0.7207668150807479,-0.019023438567245175,640.0
641,0.13475881680467555,-0.5371953484290345,641.0
642,0.08323426717910277,-0.5585867837888008,642.0
643,0.5801369526868415,-0.8596918613614422,643.0
644,0.7597127192558808,1.1480678170549428,644.0
645,1.572824164116693,0.7390471787163898,645.0
646,0.3155633056943693,-0.6537253454550666,646.0
647,0.46749435455165417,-1.0708120122996145,647.0
648,-0.39917430700915446,-0.6511776454397368,648.0
649,1.5056426527468187,0.27772870977110214,649.0
650,0.19398335878943943,-0.19833105767177855,650.0
651,0.3477058866893796,-0.635718324420376,651.0
652,0.4743696286657229,-1.037740853473665,652.0
653,0.6127518345058495,-0.903214984839403,653.0
654,0.38462820817161636,-0.6281028988857107,654.0
655,0.14999797279049432,-0.8612761368033455,655.0
656,0.6425430538670415,-0.9583410275866181,656.0
657,0.6584720731639996,-0.9626950509553498,657.0
658,0.35700625755668336,-0.030203535166261824,658.0
659,1.35600600001581,0.5405166746689228,659.0
660,0.06866224730451283,-0.5718799363857076,660.0
661,0.5332138447677668,-0.14690732322167888,661.0
662,0.6262551651170517,-0.9260460097959253,662.0
663,1.0221307284799634,0.4006487438268571,663.0
664,0.10952152252911034,-0.39110975266857256,664.0
665,-0.5304122444045376,-0.744680043012941,665.0
666,0.8661419347961595,-0.11944206049665933,666.0
667,-1.662473777485946,-0.19268140966650263,667.0
668,-0.7341418772238735,-0.06648787489656198,668.0
669,-1.7270475669918688,0.30954255012227233,669.0
670,-0.8092528036823405,0.10755171109277269,670.0
671,0.34337132912596563,-0.5935072296109014,671.0
672,0.3149231877918944,0.1788168939517257,672.0
673,0.7764377566750748,-0.09821247831375449,673.0
674,0.21683035829201958,0.12894409437377302,674.0
675,0.3332737867883048,-0.6095305714657892,675.0
676,1.3373053167589786,0.43288130881791415,676.0
677,0.27820507024988383,0.23651524639293947,677.0
678,-0.20690486031341743,-0.2811597229502432,678.0
679,1.044884884708381,0.5177705775787296,679.0
680,-1.565625534304811,0.4405674798816211,680.0
681,0.14157377896093074,-0.4675568017604879,681.0
682,0.5936234016022747,-0.8761826857430303,682.0
683,0.572903971414121,1.184399175340502,683.0
684,0.1636046155914689,-0.39676436334126564,684.0
685,-0.3221334687203754,-0.3811968738780128,685.0
686,-0.9256271858670857,0.07435116945845684,686.0
687,-0.4147443652274158,-0.39749675069484636,687.0
688,0.4012562747616583,-0.6135755482010026,688.0
689,0.11637620943616223,-0.9228587844101662,689.0
690,-0.5493785317633144,0.023194524828289473,690.0
691,0.412626211490816,-0.6114349483111622,691.0
692,0.08472045031435917,-0.3887651451760706,692.0
693,-0.3737340886879344,-0.39340902251707216,693.0
694,0.2665140591925149,-0.5813216942802041,694.0
695,0.3123973252562878,-0.5642449959352995,695.0
696,-0.5746624029810363,0.03709083252877716,696.0
697,0.009365268312721397,-0.24542707041281261,697.0
698,0.6865532122018663,-0.01965036571886179,698.0
699,1.0960413977472354,0.37823087737135136,699.0
700,0.07955369499787457,-0.5036830489507957,700.0
701,-0.2907896943628319,-0.3874625345127032,701.0
702,-0.24407726690737994,-0.3326119338912458,702.0
703,0.3540628816538493,-0.6533776646390088,703.0
704,-1.209492435993394,0.19474008138125046,704.0
705,0.20855324482475243,-0.3864930663686274,705.0
706,0.8828721033763647,0.3884844880457549,706.0
707,0.2814560305563094,0.07956524853169987,707.0
708,0.1796079414500982,-0.34082231489210607,708.0
709,0.3597113188166285,-0.6804057978450534,709.0
710,1.3712085635763482,0.5282975330988187,710.0
711,-0.5032687028230751,-0.6993348448453792,711.0
712,-1.5167041910891548,0.4154226111140734,712.0
713,0.3029009556468272,0.1659315389406481,713.0
714,0.11123075120162346,-0.2744116085121273,714.0
715,-0.03638182884670833,-0.23548851072964724,715.0
716,0.8472923625234979,-0.16212324739629017,716.0
717,-0.34004511712964847,-0.09147713071873247,717.0
718,0.4503450677697889,-0.6438628828558339,718.0
719,0.934433554776919,-0.13235631665208986,719.0
720,0.04990706313817022,-0.5001278890036149,720.0
721,0.08659376474431509,-0.1905702543326461,721.0
722,0.3630280897324579,0.000867793618605997,722.0
723,0.9576637023816185,-0.12305152089290834,723.0
724,1.0978183966971944,-0.1506010025247754,724.0
725,-0.6418671882806654,0.046572593924018565,725.0
726,-0.14508191544921115,-0.22171787597287254,726.0
727,-0.23461756903709755,-0.3216699098678972,727.0
728,-1.1546397253891252,0.00901045812808148,728.0
729,-0.3433311679639471,-0.3825405883210572,729.0
730,-1.3619658098878724,0.1388104772014343,730.0
731,0.08572893899780039,-0.2694940792190913,731.0
732,-0.419115270367757,-0.03549442973931141,732.0
733,1.0444709501211091,0.48766507970052936,733.0
734,-1.6130139947982611,0.39494569551796627,734.0
735,-0.6214489239970534,0.043111494460999045,735.0
736,0.01220779370650824,-0.2304455295883632,736.0
737,0.692489828464346,-0.3098190646814565,737.0
738,-1.390923229175501,0.10994819890637969,738.0
739,-1.4502912270779544,0.3760262911745985,739.0
740,0.24570913957866394,-0.2859437122586088,740.0
741,0.09961380485131305,-0.8669116219589287,741.0
742,-0.26096479512806814,-0.16278507736275857,742.0
743,1.331123875039907,0.5417876369610403,743.0
744,0.45100233485186275,-0.013627892905702108,744.0
745,1.5870932020150805,0.5470356174979527,745.0
746,0.3006316485456885,-1.0545552077998888,746.0
747,1.627346369348779,0.7912527178137527,747.0
748,1.2026727099422816,0.40907788221972485,748.0
749,1.3465253809869926,0.4032116845094262,749.0
750,0.22687276895862019,0.08012485191107313,750.0
751,0.3079148811709309,-0.6627694261667187,751.0
752,-0.48874708296576747,-0.006997945007534495,752.0
753,0.5169756628449268,-0.15140576170851633,753.0
754,0.3553966953766665,-0.31191559548081355,754.0
755,1.3538313210083792,0.35436565456944424,755.0
756,0.18280761650565086,-0.3573865893110079,756.0
757,0.30173557006145746,-1.0795405317406024,757.0
758,0.3019689037290852,-1.0892437343231618,758.0
759,0.29269544567259576,-1.0306302722622838,759.0
760,0.21836766566777194,-0.25175700972098464,760.0
761,0.2726832116582179,-1.040291068691023,761.0
762,0.15898649380882693,-0.2890204985879868,762.0
763,0.27393814928273624,0.09591207353097234,763.0
764,-0.8267823809664973,-0.0177136189902475,764.0
765,0.0739028478792793,-0.9026535493941343,765.0
766,0.14171184387623667,-0.5234676644552979,766.0
767,0.5099366720157081,-0.988552600221388,767.0
768,1.2942686017551654,0.5178468277767772,768.0
769,0.05366648982540744,-0.512997718436851,769.0
770,0.05130986578304877,-0.9405616397102551,770.0
771,0.4200501299682693,-0.7517428815595381,771.0
772,0.48281419381994856,-0.7874723430775744,772.0
773,0.8308450929046036,-0.38464358333460846,773.0
774,0.8864862277687678,0.292173586172827,774.0
775,0.39251117363143856,-0.7295086090850552,775.0
776,0.4091316727468882,-0.8779563481926228,776.0
777,-0.30563643003948626,-0.4573528441321525,777.0
778,1.4324550041641133,0.31078952358840223,778.0
779,-1.577716176762352,0.5892173880752242,779.0
780,-0.18103056022020708,-0.2074428955542053,780.0
781,0.4607735046827992,-0.8409903887100766,781.0
782,0.6677054539368142,-0.316624455089989,782.0
783,1.2793033256239565,0.5710906273044585,783.0
784,-0.40565360068871137,0.0035869299561289178,784.0
785,0.46994920201696233,-0.8851383167329366,785.0
786,0.4733474922889243,-0.9580843183393,786.0
787,0.5999066401903805,0.16892351910623735,787.0
788,0.34527084230036037,0.02751786889566972,788.0
789,0.2581732398716254,-0.5890486420241443,789.0
790,0.44960354763787175,-0.17280675965837325,790.0
791,0.4718637129563521,-0.9058753205631596,791.0
792,0.5369078044509628,0.1385109052661711,792.0
793,0.42138478362220255,-0.3476311602194061,793.0
794,0.2237013948581136,-0.30390663802868606,794.0
795,0.13283943078077448,-0.6635902512732834,795.0
796,0.4637009724666911,-0.8497877854248674,796.0
797,0.7805431635106513,-0.05981684524415227,797.0
798,1.3226571678029575,0.4172098590923245,798.0
799,1.4428565198045178,0.584923609092373,799.0
800,0.30671074482661137,-0.3726273886512694,800.0
801,-0.2698148942618662,-0.3733674868046603,801.0
802,-0.11293086305962029,-0.2239428256714661,802.0
803,-0.21345069040386583,-0.10564673028315641,803.0
804,-0.08088126902140777,-0.22981207190632355,804.0
805,0.327041537301276,0.10848381446463623,805.0
806,-0.7253414727627974,-0.038341050255850925,806.0
807,-0.8487893266545369,-0.19678179457938536,807.0
808,0.5107274712586553,-0.19684999691372765,808.0
809,0.421252421735763,-0.6403412380198743,809.0
810,0.5037905163650448,-0.22336237625884894,810.0
811,0.36222461087026986,-0.674606021928923,811.0
812,0.7120635491067606,-0.3707180637990269,812.0
813,0.39614210220719986,-0.13128593611621997,813.0
814,0.8143227817499256,1.3520678903706884,814.0
815,-1.623721038226019,0.6022176875415958,815.0
816,0.5046632853738879,-0.7850707609700962,816.0
817,0.8431343368037829,-0.12572542983240861,817.0
818,0.8394174490403462,-0.07532196758250544,818.0
819,-1.889770379417669,0.3005928760009496,819.0
820,0.6696117115840242,0.04044517267434809,820.0
821,-0.5344661670877773,-0.6867277697548004,821.0
822,-1.7057871101242204,0.33370245450208297,822.0
823,-1.809589503834114,0.33308767341828494,823.0
824,-1.9121834902583201,0.31767719904015457,824.0
825,0.32976337277682644,-0.7945657086746005,825.0
826,0.3527017731093861,-0.4456239819291269,826.0
827,0.8407284226480326,-0.13277495536556935,827.0
828,0.4986901768603668,-0.23111327748615978,828.0
829,0.4050552591572063,-0.9085854710542642,829.0
830,0.4133708149272616,-0.8603424827299454,830.0
831,0.8549650333031904,-0.05875508759194788,831.0
832,-1.5911719527930408,-0.12677288324350267,832.0
833,0.599946273413815,0.023277738798649358,833.0
834,0.661929770221744,-0.04033689242406186,834.0
835,0.31300112485676335,0.032600217189143556,835.0
836,0.7404928016602402,0.046076199861196064,836.0
837,-1.7803751772213783,0.3148554486687984,837.0
838,-1.663126235605933,0.35154663214189935,838.0
839,-1.762561008892778,0.3697465104006043,839.0
840,-1.780858686741103,0.3300417578951616,840.0
841,-1.7834570492958444,0.28957170989698133,841.0
842,-1.526211198239292,-0.04039426636830399,842.0
843,-1.3570650587346964,-0.06909647666560355,843.0
844,-1.790934574230048,0.30625484215522736,844.0
845,-1.8485623594585965,0.3168750708308584,845.0
846,0.46285225702970284,-0.029884436012077676,846.0
847,0.5592908825879358,0.04643648558423015,847.0
848,-1.6852295927345764,0.42886014097306985,848.0
849,-1.6798943109198672,0.4416922604848313,849.0
850,0.3039686033151165,-0.1724802138011359,850.0
851,0.48127814281906334,0.017286035728144373,851.0
852,-1.308568961762,-0.10402855775042197,852.0
853,-1.280798943360783,-0.011462850522208886,853.0
854,-1.721094474378415,0.44167300591682673,854.0
855,-1.779483592759764,0.754508088115634,855.0
856,-1.7519606525736837,0.4494481769340613,856.0
857,0.2754789027768904,0.01552983695207753,857.0
858,-1.7147314018410011,0.4393548438442117,858.0
859,-0.4107980148037124,-0.4546825862373679,859.0
860,0.40683378207305415,-0.8919998271067181,860.0
861,-1.8180315020849325,0.7657978657202955,861.0
862,0.11269420054254303,-0.25473864700882143,862.0
863,-1.7346423794627972,0.44558382091960147,863.0
864,0.31916869389536157,0.1324991419140568,864.0
865,-0.40124388516830645,-0.43928827747900984,865.0
866,-1.7645481600086423,0.6880293896238292,866.0
867,-1.8322750007514332,0.7794004169624982,867.0
868,-1.7644089800956186,0.7479822591886655,868.0
869,0.13003103361101395,-0.7505509118924347,869.0
870,-1.7104944154800126,0.7100990704341543,870.0
871,0.9741693046275693,-0.19671828823339274,871.0
872,-0.579381766120464,-0.5664373504480901,872.0
873,0.20630376347617807,0.1992174609126205,873.0
874,-0.8218441990510821,0.0763731179865833,874.0
875,-1.8271009833993295,0.755926595271808,875.0
876,-1.8604494150812132,0.7863763164529479,876.0
877,-1.7263949832618426,0.7295664230933983,877.0
878,-1.7235108185326062,0.7375104799535517,878.0
879,-1.8759497100759663,0.7905718617263138,879.0
880,-1.664105458493444,0.7023784856564934,880.0
881,0.48001290708927363,-0.40542730132706445,881.0
882,0.6119057572532038,0.6719396162416056,882.0
883,1.0203386320671632,-0.236545010598762,883.0
884,0.24320024831491027,0.13391153037697384,884.0
885,-1.0763673305174721,0.17407035022290138,885.0
886,0.23239526082592385,0.1633622251313691,886.0
887,0.19452267637845289,0.13604696253312365,887.0
888,0.5853238323297365,0.12990589045442827,888.0
889,0.4223325717915716,-0.48892401813337566,889.0
890,1.2782139316801548,0.4921319222292879,890.0
891,0.32986782757761923,0.08678485300956737,891.0
892,0.40862331775207905,-0.4182388420548868,892.0
893,0.22167966576301876,0.17843673340319327,893.0
894,-0.22304952318107568,-0.16419280831470157,894.0
895,0.5274385610463431,0.03157002645416078,895.0
896,-1.5589687684544453,0.9500768035925328,896.0
897,0.31619976851305914,0.006755961959353533,897.0
898,0.3271093656508835,-0.3189470968529209,898.0
899,0.9884586018907988,-0.12225331412638499,899.0
