frame,UMAP_1,UMAP_2,UMAP_3,region,n_units
0.0,6.8067865,11.473191,2.3919694,PO,30
1.0,6.3997874,11.04043,2.712403,PO,30
2.0,6.356818,12.67368,3.7944605,PO,30
3.0,4.555518,13.222643,3.9013631,PO,30
4.0,5.878836,10.116101,4.542888,PO,30
5.0,5.1874547,13.410852,3.8473318,PO,30
6.0,6.0488763,12.931514,3.0358973,PO,30
7.0,5.1644626,13.068395,4.521144,PO,30
8.0,7.106565,12.121557,4.8823586,PO,30
9.0,4.584991,11.049715,3.4016373,PO,30
10.0,5.571873,11.714499,4.75344,PO,30
11.0,6.969052,11.264786,4.865729,PO,30
12.0,7.58775,11.669423,3.4332435,PO,30
13.0,5.8842726,11.639318,4.610235,PO,30
14.0,7.3936944,11.456392,3.9920275,PO,30
15.0,7.1540627,11.81706,4.497081,PO,30
16.0,7.24725,11.097465,4.6331005,PO,30
17.0,7.2541394,10.964268,4.529609,PO,30
18.0,5.781902,11.881519,4.4664183,PO,30
19.0,5.218463,11.146456,4.3118806,PO,30
20.0,4.925338,11.025332,4.1079683,PO,30
21.0,7.65537,11.321841,3.8621802,PO,30
22.0,5.699626,13.609973,4.304146,PO,30
23.0,5.2352624,12.146065,5.53556,PO,30
24.0,7.4372587,12.126888,4.4898167,PO,30
25.0,7.324983,11.894219,3.954787,PO,30
26.0,6.895477,10.8477,4.5535803,PO,30
27.0,5.287338,10.91374,4.6653414,PO,30
28.0,6.483275,11.008214,5.065692,PO,30
29.0,6.874527,10.66036,4.063721,PO,30
30.0,5.8009915,9.934657,4.2553053,PO,30
31.0,5.18661,13.331488,3.5593991,PO,30
32.0,4.5832357,11.460744,2.8790264,PO,30
33.0,7.239943,11.699949,4.056957,PO,30
34.0,7.6172805,11.227581,3.4400816,PO,30
35.0,7.612239,11.015464,3.3882947,PO,30
36.0,5.998272,10.930877,4.7268934,PO,30
37.0,6.6568084,11.688321,4.524668,PO,30
38.0,5.438208,12.137408,3.1031337,PO,30
39.0,6.000242,11.92418,3.248136,PO,30
40.0,4.6827974,10.957594,2.83813,PO,30
41.0,7.0874567,10.812565,3.271032,PO,30
42.0,7.0850034,12.596512,3.4344268,PO,30
43.0,7.2956467,11.663212,3.6558468,PO,30
44.0,7.379478,10.128926,3.7460546,PO,30
45.0,6.9576697,12.75822,4.5265484,PO,30
46.0,5.8116717,11.733964,5.38266,PO,30
47.0,5.125654,11.622957,4.429019,PO,30
48.0,4.605416,11.753346,3.991794,PO,30
49.0,4.7073765,11.574566,2.8022404,PO,30
50.0,7.306322,11.118647,4.249376,PO,30
51.0,7.2785897,11.7639065,3.964747,PO,30
52.0,5.8732634,12.724374,2.5971162,PO,30
53.0,4.945615,11.565521,3.0312672,PO,30
54.0,7.236051,12.37244,3.4374692,PO,30
55.0,6.9796305,12.136159,4.2104917,PO,30
56.0,7.5159774,11.88178,3.3513505,PO,30
57.0,5.554187,12.868092,3.0869014,PO,30
58.0,4.865894,11.75158,2.506894,PO,30
59.0,4.950434,10.253447,5.0562186,PO,30
60.0,6.2130785,10.888628,4.8808236,PO,30
61.0,4.8091526,10.100811,4.9008994,PO,30
62.0,6.724886,10.072516,3.645361,PO,30
63.0,5.698498,10.7463665,3.4618695,PO,30
64.0,5.625481,10.240008,2.8839772,PO,30
65.0,4.226165,13.778223,4.8694205,PO,30
66.0,4.1856623,13.738844,4.799081,PO,30
67.0,4.091205,13.812572,4.800036,PO,30
68.0,4.105787,13.786016,4.8418326,PO,30
69.0,4.23579,13.938946,4.695708,PO,30
70.0,4.157616,13.813937,4.836678,PO,30
71.0,4.40869,13.600166,4.679216,PO,30
72.0,4.199891,13.785541,4.844261,PO,30
73.0,4.2080936,13.725665,4.840443,PO,30
74.0,4.1977544,13.443585,4.710625,PO,30
75.0,5.0415354,11.421003,2.880097,PO,30
76.0,6.710429,11.210008,5.0467362,PO,30
77.0,6.328146,12.0416565,4.063688,PO,30
78.0,7.133865,12.605467,3.524544,PO,30
79.0,7.5586348,12.253499,3.9500656,PO,30
80.0,5.1149745,13.401657,4.881672,PO,30
81.0,6.2236457,11.452231,5.1640716,PO,30
82.0,4.8722057,11.68086,4.2149544,PO,30
83.0,5.309419,11.792064,5.0682144,PO,30
84.0,5.171804,12.750733,4.6383862,PO,30
85.0,5.5945444,11.903863,4.655587,PO,30
86.0,5.17181,12.743905,5.1582766,PO,30
87.0,4.7972736,11.736559,4.350384,PO,30
88.0,6.299458,12.464698,5.228502,PO,30
89.0,6.4363117,12.058664,4.9568725,PO,30
90.0,5.0010858,13.445016,4.443583,PO,30
91.0,4.8384995,11.627024,4.0617957,PO,30
92.0,4.470098,12.599346,4.0754876,PO,30
93.0,4.4882812,12.568997,4.145373,PO,30
94.0,4.5669723,12.45688,4.138948,PO,30
95.0,5.479049,12.607206,2.8365476,PO,30
96.0,5.5324044,12.477549,4.294723,PO,30
97.0,5.8587475,13.00556,4.152543,PO,30
98.0,6.701312,12.730853,4.322921,PO,30
99.0,4.7102723,12.510791,4.407611,PO,30
100.0,5.149182,13.2885065,4.2255716,PO,30
101.0,5.811783,13.069222,4.0240197,PO,30
102.0,5.5069118,13.353571,3.8434913,PO,30
103.0,7.718913,11.541102,3.7243738,PO,30
104.0,7.6643524,11.768243,3.596982,PO,30
105.0,5.4136457,12.756538,5.139051,PO,30
106.0,5.118519,12.21034,5.435145,PO,30
107.0,5.1161857,12.353551,5.0122266,PO,30
108.0,5.178672,11.902163,4.2329683,PO,30
109.0,7.012632,12.7994795,4.878296,PO,30
110.0,5.257081,12.231285,5.4693384,PO,30
111.0,5.247774,11.846412,5.033217,PO,30
112.0,5.3745923,11.736881,5.077455,PO,30
113.0,6.6584144,12.677348,4.026014,PO,30
114.0,7.0493884,12.785671,4.7534323,PO,30
115.0,5.8742356,11.929299,5.3419356,PO,30
116.0,5.555109,12.854587,3.9049127,PO,30
117.0,6.1264524,13.131506,3.5789905,PO,30
118.0,6.656723,13.12486,3.8819542,PO,30
119.0,7.027103,11.233674,4.8978524,PO,30
120.0,6.247983,12.641095,5.2711825,PO,30
121.0,6.3478117,12.680176,5.1918297,PO,30
122.0,5.4659367,12.686992,2.871826,PO,30
123.0,4.4760523,12.653568,4.2379303,PO,30
124.0,5.475847,12.060557,5.351041,PO,30
125.0,4.910124,11.571954,5.145449,PO,30
126.0,5.264361,11.717578,5.3013997,PO,30
127.0,6.155929,11.702836,5.092885,PO,30
128.0,5.235825,12.487453,3.960057,PO,30
129.0,5.4756403,13.274689,4.367303,PO,30
130.0,4.99953,11.677939,2.5323071,PO,30
131.0,6.051192,10.433657,3.370528,PO,30
132.0,6.1174,10.519743,3.11685,PO,30
133.0,7.639885,11.613847,3.3846593,PO,30
134.0,5.3002453,11.23952,2.714177,PO,30
135.0,5.260047,12.4974575,4.9929395,PO,30
136.0,4.9465656,12.5043745,3.1362886,PO,30
137.0,4.978885,11.879602,2.4505138,PO,30
138.0,5.045981,11.645341,2.604364,PO,30
139.0,5.157385,11.633598,2.4447827,PO,30
140.0,4.6176515,12.59193,3.1507235,PO,30
141.0,4.347225,12.42103,4.4892063,PO,30
142.0,6.1426873,12.678715,4.656847,PO,30
143.0,5.8350224,11.395795,4.08485,PO,30
144.0,4.68773,13.832213,4.6714163,PO,30
145.0,4.2566032,13.839084,4.9201407,PO,30
146.0,4.2827334,13.706172,4.7947907,PO,30
147.0,5.055947,13.173866,4.4067044,PO,30
148.0,4.8898096,13.449267,4.070099,PO,30
149.0,4.170379,13.636695,4.795067,PO,30
150.0,4.32603,13.571369,4.691858,PO,30
151.0,4.973517,13.433511,4.451025,PO,30
152.0,5.687927,13.49415,4.3797197,PO,30
153.0,4.4104166,12.511829,4.8197026,PO,30
154.0,4.574971,13.224131,4.6083136,PO,30
155.0,5.1691732,13.403152,4.914396,PO,30
156.0,4.2486696,13.428542,4.6908355,PO,30
157.0,4.3249507,13.085286,4.629807,PO,30
158.0,5.7318044,12.917825,4.428938,PO,30
159.0,4.7929645,12.919176,3.7419786,PO,30
160.0,6.50777,12.053189,5.1243143,PO,30
161.0,4.481761,12.880268,4.5927787,PO,30
162.0,5.1711764,13.152299,5.1368823,PO,30
163.0,5.2551227,13.257722,4.9578876,PO,30
164.0,5.0156302,11.861173,3.7106209,PO,30
165.0,5.001631,12.988561,4.1515136,PO,30
166.0,5.6390553,12.140101,5.2333794,PO,30
167.0,5.9953656,11.460841,2.4359102,PO,30
168.0,5.076428,13.028324,3.2652586,PO,30
169.0,4.896823,12.990664,3.4746997,PO,30
170.0,5.385847,12.5585575,4.9831605,PO,30
171.0,6.3529215,11.82483,5.317531,PO,30
172.0,6.4219866,12.747469,4.106224,PO,30
173.0,5.204292,12.199838,5.206905,PO,30
174.0,5.582509,12.720629,5.2874765,PO,30
175.0,5.256873,12.519975,5.265109,PO,30
176.0,4.89602,12.632389,5.121833,PO,30
177.0,6.4535728,12.210247,5.443691,PO,30
178.0,7.097885,10.861171,4.1450214,PO,30
179.0,7.150691,12.346125,4.5625486,PO,30
180.0,6.333603,12.089398,5.167349,PO,30
181.0,6.3396177,12.092831,5.2459836,PO,30
182.0,7.1638017,10.005789,3.6119819,PO,30
183.0,6.567364,9.766152,3.7215846,PO,30
184.0,5.805202,11.439647,5.2604284,PO,30
185.0,5.4594407,12.873429,5.064999,PO,30
186.0,4.400229,11.769992,4.8349705,PO,30
187.0,4.719456,12.302748,3.37432,PO,30
188.0,5.8523707,10.779411,4.7469482,PO,30
189.0,5.2276063,10.47126,3.957694,PO,30
190.0,4.8225403,11.474753,4.310417,PO,30
191.0,4.4733286,11.905504,4.660516,PO,30
192.0,4.9961166,12.156993,5.237014,PO,30
193.0,4.8868656,10.012026,5.110916,PO,30
194.0,4.209583,13.575351,4.8603773,PO,30
195.0,4.3017592,13.652777,4.7783675,PO,30
196.0,4.4562593,12.716802,4.8543787,PO,30
197.0,4.421159,13.635046,4.774895,PO,30
198.0,4.574854,13.511129,4.7934165,PO,30
199.0,4.494465,13.630799,4.819112,PO,30
200.0,6.64273,12.633646,5.0698733,PO,30
201.0,4.3853526,13.049202,4.643678,PO,30
202.0,5.9309955,10.653119,4.418491,PO,30
203.0,6.5695744,13.198085,4.419182,PO,30
204.0,6.725022,12.2287445,4.7063937,PO,30
205.0,4.6060934,11.306005,4.5189886,PO,30
206.0,4.488805,12.586736,4.8381243,PO,30
207.0,4.591805,10.918622,4.907697,PO,30
208.0,4.9073668,10.724444,4.9480224,PO,30
209.0,4.542387,11.772787,3.311601,PO,30
210.0,4.6486115,10.212686,4.7671895,PO,30
211.0,6.2279196,12.122711,2.4585903,PO,30
212.0,4.897363,11.369054,3.5975575,PO,30
213.0,5.581867,10.70656,3.151342,PO,30
214.0,4.6955085,10.16594,4.7597466,PO,30
215.0,4.7476106,9.982188,4.593336,PO,30
216.0,4.803622,10.261444,4.304094,PO,30
217.0,4.744054,10.469144,4.288118,PO,30
218.0,4.912253,10.001153,4.6047683,PO,30
219.0,4.4203367,11.406766,3.6424603,PO,30
220.0,4.998058,9.51901,4.9030905,PO,30
221.0,5.2530146,9.9413805,4.628748,PO,30
222.0,4.786467,10.05665,4.560982,PO,30
223.0,4.9749722,10.368917,2.683446,PO,30
224.0,4.7289867,10.329062,4.2557673,PO,30
225.0,4.734483,10.382828,4.285175,PO,30
226.0,4.906318,11.93573,2.6679726,PO,30
227.0,5.0119443,10.509776,3.0468917,PO,30
228.0,7.486049,10.37807,3.5828602,PO,30
229.0,7.3887105,10.609831,3.7744386,PO,30
230.0,7.5714107,11.096836,3.6227927,PO,30
231.0,4.805304,9.899595,4.8328156,PO,30
232.0,6.310423,10.870167,2.198671,PO,30
233.0,6.529172,11.0163765,2.1505802,PO,30
234.0,5.2763376,10.344953,3.1523721,PO,30
235.0,4.9897842,10.190623,2.74411,PO,30
236.0,5.781721,9.497435,3.9809444,PO,30
237.0,5.9746857,9.620868,4.5788307,PO,30
238.0,4.910863,10.048112,3.293875,PO,30
239.0,4.7267094,10.344087,3.2625017,PO,30
240.0,5.0429187,10.205639,3.5220096,PO,30
241.0,5.0106177,9.533953,4.1088758,PO,30
242.0,5.1700397,9.703473,4.336488,PO,30
243.0,5.577122,9.421574,4.5719247,PO,30
244.0,6.1682706,11.191679,2.2956886,PO,30
245.0,4.837801,10.174105,3.3955739,PO,30
246.0,4.5379543,11.333086,4.168645,PO,30
247.0,4.843372,9.992413,3.912235,PO,30
248.0,4.930676,9.440025,4.8978024,PO,30
249.0,4.547499,11.241125,3.5600564,PO,30
250.0,4.6183014,11.453826,3.7242174,PO,30
251.0,5.1581025,13.050357,3.6457553,PO,30
252.0,4.7656817,11.286931,4.4808974,PO,30
253.0,4.812184,11.532692,2.6788292,PO,30
254.0,5.4900594,9.715251,3.4413676,PO,30
255.0,7.5416765,11.257233,3.9428895,PO,30
256.0,7.452851,10.820968,3.345405,PO,30
257.0,4.7817335,9.768663,4.051722,PO,30
258.0,5.4407797,9.282517,4.2947717,PO,30
259.0,4.9417048,9.818706,3.6749969,PO,30
260.0,7.076406,11.111485,2.6234787,PO,30
261.0,5.03914,9.497324,4.840686,PO,30
262.0,7.3932247,10.800854,3.9221046,PO,30
263.0,6.1482263,10.120588,2.8274333,PO,30
264.0,5.4491873,10.669972,2.7247732,PO,30
265.0,4.7933536,9.881847,3.7020926,PO,30
266.0,6.5329328,11.168922,2.3293562,PO,30
267.0,6.6792436,11.176839,2.2895558,PO,30
268.0,5.3730803,10.53174,2.6752934,PO,30
269.0,6.1210885,12.292068,4.862699,PO,30
270.0,7.200101,12.391191,3.550569,PO,30
271.0,6.057217,11.13875,2.8984075,PO,30
272.0,5.572614,11.58663,2.2352355,PO,30
273.0,4.4696727,11.584341,3.2271245,PO,30
274.0,5.662722,10.667043,2.5775082,PO,30
275.0,5.653773,11.024175,2.7010272,PO,30
276.0,5.489518,10.984303,4.0251203,PO,30
277.0,5.7729096,9.292502,4.3310986,PO,30
278.0,4.471644,11.369466,4.7370067,PO,30
279.0,4.619162,11.898119,3.4550412,PO,30
280.0,6.1953597,10.126324,3.0937998,PO,30
281.0,4.8697357,10.529712,2.8038015,PO,30
282.0,6.2612467,10.36429,3.4269335,PO,30
283.0,6.6281557,10.00054,2.9977615,PO,30
284.0,7.024535,10.436924,4.5362024,PO,30
285.0,6.8136253,10.478856,2.639269,PO,30
286.0,4.5455604,10.998833,3.2065914,PO,30
287.0,7.55422,10.810852,3.5363371,PO,30
288.0,6.043441,10.186865,2.8018353,PO,30
289.0,5.0050035,10.208447,2.5890243,PO,30
290.0,6.8569593,10.136716,3.300944,PO,30
291.0,5.0579853,11.314512,2.7561347,PO,30
292.0,5.073313,10.241882,2.574835,PO,30
293.0,5.0295687,9.903091,4.104464,PO,30
294.0,5.138987,10.021264,2.6942556,PO,30
295.0,5.138931,10.069023,2.7467544,PO,30
296.0,5.160324,9.994883,2.7000604,PO,30
297.0,4.9971633,10.084488,3.1154146,PO,30
298.0,5.4121027,10.170795,2.7927744,PO,30
299.0,5.259591,10.009627,2.8061726,PO,30
300.0,5.9559145,9.655179,3.5976326,PO,30
301.0,6.3098054,9.685545,3.492894,PO,30
302.0,5.731624,10.328974,2.7498918,PO,30
303.0,5.2635884,11.729336,2.9669793,PO,30
304.0,5.507745,9.650571,3.5319812,PO,30
305.0,5.4693294,9.6578245,3.4892378,PO,30
306.0,5.940725,12.24688,3.0160558,PO,30
307.0,6.3705688,10.591872,4.384989,PO,30
308.0,4.794432,10.635044,3.6108093,PO,30
309.0,5.1710367,10.237296,3.0147731,PO,30
310.0,7.0294805,12.817219,3.760149,PO,30
311.0,4.9492126,11.78302,2.4621484,PO,30
312.0,4.8648005,11.706535,2.5290582,PO,30
313.0,6.407577,10.542663,3.9781535,PO,30
314.0,5.114148,11.164502,2.7728755,PO,30
315.0,5.736547,12.769489,4.309861,PO,30
316.0,5.4944506,12.645333,3.4657645,PO,30
317.0,5.991534,11.243332,5.089081,PO,30
318.0,4.8457537,12.097352,3.77356,PO,30
319.0,5.1977654,13.292814,3.8460305,PO,30
320.0,4.768236,10.992146,4.0503883,PO,30
321.0,7.5760827,11.363712,3.970512,PO,30
322.0,5.874784,10.284761,4.098059,PO,30
323.0,5.562203,10.716193,3.5846038,PO,30
324.0,4.86081,10.239598,3.3502462,PO,30
325.0,4.5501122,12.599195,4.7458577,PO,30
326.0,5.2664127,13.102131,4.9634557,PO,30
327.0,5.101478,12.925733,3.3100772,PO,30
328.0,4.7319674,12.355112,4.235891,PO,30
329.0,6.7323966,12.19134,3.8907943,PO,30
330.0,7.0401554,12.407531,4.4495826,PO,30
331.0,6.574132,12.424953,3.420672,PO,30
332.0,7.3487735,11.640201,3.3370833,PO,30
333.0,5.9808974,11.406579,3.7412095,PO,30
334.0,6.0598073,10.853452,4.342863,PO,30
335.0,6.6499424,11.296119,5.0309815,PO,30
336.0,5.7023964,12.437197,2.9976125,PO,30
337.0,5.2630434,12.2007475,3.0627458,PO,30
338.0,5.963632,13.062657,3.5440297,PO,30
339.0,6.614365,12.55237,2.9304552,PO,30
340.0,5.093975,11.814678,4.3928585,PO,30
341.0,5.2988625,11.296626,4.2095656,PO,30
342.0,5.795946,13.057411,4.406135,PO,30
343.0,5.088173,10.976603,4.210082,PO,30
344.0,5.4439096,13.13855,3.8407063,PO,30
345.0,5.2820787,11.469418,5.2187448,PO,30
346.0,6.6068764,12.43574,3.8102498,PO,30
347.0,6.7392035,12.550794,5.079215,PO,30
348.0,6.5200047,12.00369,3.8766654,PO,30
349.0,6.9711375,12.263526,3.8949702,PO,30
350.0,5.4646235,13.642586,4.4545226,PO,30
351.0,4.4838843,11.078081,3.2869518,PO,30
352.0,6.7725987,12.466792,5.0683694,PO,30
353.0,5.8370495,12.858681,2.7407467,PO,30
354.0,6.82548,12.5150175,5.0945992,PO,30
355.0,6.166321,12.69043,5.2219534,PO,30
356.0,6.067989,13.046887,4.9995127,PO,30
357.0,6.4417443,12.42895,5.102658,PO,30
358.0,5.452281,12.822416,4.1470375,PO,30
359.0,6.4429,13.146278,4.5389743,PO,30
360.0,6.9806027,12.810485,3.7850358,PO,30
361.0,5.9113827,13.084073,4.552228,PO,30
362.0,5.6165085,12.587021,5.1746716,PO,30
363.0,6.4028945,10.493254,3.0125237,PO,30
364.0,5.649033,12.368543,3.1973457,PO,30
365.0,5.58363,11.072922,4.148676,PO,30
366.0,5.997667,12.587301,4.328265,PO,30
367.0,4.6408796,12.619657,4.7967715,PO,30
368.0,5.6011477,12.561079,5.361763,PO,30
369.0,5.0938373,12.534795,3.8322659,PO,30
370.0,5.7071395,12.608271,5.3404546,PO,30
371.0,6.725302,13.21749,3.9376223,PO,30
372.0,7.111888,12.412795,4.9503975,PO,30
373.0,5.576839,10.609408,4.5158653,PO,30
374.0,6.3192863,13.149162,4.20434,PO,30
375.0,6.176295,13.115323,4.092491,PO,30
376.0,5.8180113,12.421785,4.404181,PO,30
377.0,6.1139817,13.167329,4.51512,PO,30
378.0,5.6946125,12.489142,4.5531573,PO,30
379.0,5.9124546,12.460777,2.8959928,PO,30
380.0,6.030255,13.105669,4.4637046,PO,30
381.0,6.1376877,11.695283,5.128519,PO,30
382.0,6.9567604,12.651847,4.3240657,PO,30
383.0,6.4284024,11.74485,3.6699712,PO,30
384.0,5.4965544,12.863655,4.419888,PO,30
385.0,5.734329,12.088286,5.155172,PO,30
386.0,5.7155633,13.554773,4.366958,PO,30
387.0,5.6552773,13.270215,3.6238585,PO,30
388.0,6.4725165,13.046473,4.139481,PO,30
389.0,6.665491,13.126098,3.9186897,PO,30
390.0,5.796798,12.976535,5.134136,PO,30
391.0,6.257117,13.052547,3.5036564,PO,30
392.0,5.213639,12.580537,3.2114592,PO,30
393.0,7.238316,11.424069,4.201274,PO,30
394.0,5.1466618,12.110718,4.770234,PO,30
395.0,5.0718665,12.120589,3.4714186,PO,30
396.0,6.2635202,11.797841,5.0277314,PO,30
397.0,6.0120163,12.105811,3.1363592,PO,30
398.0,6.934052,12.066446,2.9388754,PO,30
399.0,5.1282144,11.055932,3.2960927,PO,30
400.0,6.6956544,12.429356,3.7668915,PO,30
401.0,5.555617,12.051233,3.4927194,PO,30
402.0,5.9126687,12.353887,3.8187377,PO,30
403.0,6.741307,13.012314,3.4083447,PO,30
404.0,6.8201084,12.77898,3.3994098,PO,30
405.0,6.5390043,12.031419,4.1725206,PO,30
406.0,5.7552395,12.671318,3.559327,PO,30
407.0,5.2847457,11.752788,2.9476485,PO,30
408.0,5.2920427,12.103475,4.7309856,PO,30
409.0,6.1558027,12.690426,3.1447558,PO,30
410.0,4.9793386,10.3685665,5.0518293,PO,30
411.0,5.6127715,11.109877,4.6663337,PO,30
412.0,6.198667,12.197409,5.1750836,PO,30
413.0,5.73196,10.614358,4.6145334,PO,30
414.0,6.569517,12.553504,5.0510983,PO,30
415.0,5.006487,11.16459,3.60812,PO,30
416.0,5.8993397,10.974858,4.780161,PO,30
417.0,4.895124,11.580509,4.0645857,PO,30
418.0,5.8084064,13.514703,4.16022,PO,30
419.0,6.138037,12.563352,4.8218393,PO,30
420.0,6.1287923,12.513259,5.144501,PO,30
421.0,5.4760356,10.251939,5.0982823,PO,30
422.0,6.6817565,11.769341,4.768374,PO,30
423.0,5.182791,11.213744,4.632855,PO,30
424.0,6.0494165,11.615294,4.222024,PO,30
425.0,6.3349323,11.27672,4.626245,PO,30
426.0,5.8284755,11.486169,5.260824,PO,30
427.0,6.7465625,10.411341,3.9304063,PO,30
428.0,6.3780637,11.688969,4.9479737,PO,30
429.0,7.104413,12.457249,4.8375373,PO,30
430.0,5.063195,11.238988,3.905263,PO,30
431.0,5.7980533,11.132532,4.635823,PO,30
432.0,5.5256953,11.462667,5.1286798,PO,30
433.0,6.8538895,12.141403,3.1129277,PO,30
434.0,5.3112197,13.049221,3.6330616,PO,30
435.0,5.048899,11.956184,2.5783665,PO,30
436.0,6.9782195,12.413768,4.980252,PO,30
437.0,4.681614,11.021287,3.6858447,PO,30
438.0,6.9477444,12.284782,5.063507,PO,30
439.0,7.1952434,12.45512,4.381954,PO,30
440.0,4.803971,10.696411,2.791912,PO,30
441.0,5.6999235,11.833998,5.312455,PO,30
442.0,6.625786,10.36548,4.644151,PO,30
443.0,7.179963,11.311419,2.9643648,PO,30
444.0,7.078113,10.475312,4.0858064,PO,30
445.0,7.4812107,10.297303,3.9114978,PO,30
446.0,7.0606337,10.467828,4.4918776,PO,30
447.0,7.541218,10.453607,3.4959693,PO,30
448.0,5.7280583,11.113724,2.3201,PO,30
449.0,4.9760675,9.562691,4.7668595,PO,30
450.0,5.112758,9.53017,4.773723,PO,30
451.0,5.7233224,9.46633,4.4215517,PO,30
452.0,4.926457,10.303069,5.177492,PO,30
453.0,5.452422,9.374211,4.683847,PO,30
454.0,5.4298124,9.414382,4.7018976,PO,30
455.0,5.0385137,9.557257,4.656292,PO,30
456.0,5.2424803,9.511946,4.5671606,PO,30
457.0,5.3154435,10.649108,2.4928236,PO,30
458.0,5.535107,9.602633,4.6424923,PO,30
459.0,5.7960014,10.599256,3.0131488,PO,30
460.0,5.390533,9.53477,4.4211397,PO,30
461.0,5.17558,9.784999,4.005085,PO,30
462.0,5.685395,9.315251,4.3883066,PO,30
463.0,4.9534707,10.371558,2.907831,PO,30
464.0,6.270117,9.922071,3.8930001,PO,30
465.0,6.5282474,11.55581,2.5373607,PO,30
466.0,7.3891177,10.872273,3.33822,PO,30
467.0,6.371119,12.48917,2.7086766,PO,30
468.0,5.748998,11.681304,3.4175901,PO,30
469.0,4.9281616,11.759806,3.9072428,PO,30
470.0,5.2327967,12.687629,3.474405,PO,30
471.0,5.103226,12.764265,3.4152122,PO,30
472.0,5.0820236,10.005493,3.4354913,PO,30
473.0,7.206866,12.280087,4.502345,PO,30
474.0,7.2930884,11.51879,4.02243,PO,30
475.0,6.2273803,12.321778,2.5213716,PO,30
476.0,5.172492,12.47246,4.2006674,PO,30
477.0,5.394229,12.685844,3.18737,PO,30
478.0,6.806483,12.841434,3.4241953,PO,30
479.0,5.349112,13.3209095,3.9881737,PO,30
480.0,5.4118853,12.200411,3.7074268,PO,30
481.0,5.5297527,12.17548,4.29759,PO,30
482.0,5.1649885,13.15357,3.8677862,PO,30
483.0,6.4326367,11.787797,4.3757114,PO,30
484.0,6.02767,12.816352,3.050834,PO,30
485.0,6.199134,12.523376,3.7318242,PO,30
486.0,5.703389,11.137582,4.5152254,PO,30
487.0,6.029346,11.150406,3.3052669,PO,30
488.0,6.06913,10.900122,2.8997529,PO,30
489.0,5.1945534,12.121936,4.615791,PO,30
490.0,6.12309,12.213108,4.3534694,PO,30
491.0,4.985397,11.492079,4.3951654,PO,30
492.0,6.4229555,12.031488,5.040827,PO,30
493.0,6.497769,11.641367,4.903523,PO,30
494.0,6.8051963,11.066064,4.018027,PO,30
495.0,6.8258824,10.895516,4.7314706,PO,30
496.0,5.9560633,12.625551,2.541337,PO,30
497.0,5.8431826,13.01154,3.6699257,PO,30
498.0,6.420049,12.324051,3.2641215,PO,30
499.0,6.2528434,11.62462,3.693222,PO,30
500.0,6.681245,10.81846,4.3554797,PO,30
501.0,6.2516985,12.128276,2.3969066,PO,30
502.0,6.3290477,12.714973,4.266019,PO,30
503.0,5.6472034,12.103582,3.264121,PO,30
504.0,5.632818,12.636907,3.7105172,PO,30
505.0,5.265451,12.539415,5.0818095,PO,30
506.0,6.6443853,10.829579,4.2011795,PO,30
507.0,6.9532566,10.773029,4.460453,PO,30
508.0,6.3649316,11.690994,3.5415292,PO,30
509.0,6.3357325,12.41829,4.591641,PO,30
510.0,6.5858464,11.120077,4.8911653,PO,30
511.0,7.0647736,12.186659,3.4100442,PO,30
512.0,4.822514,12.297931,3.7180276,PO,30
513.0,5.9537473,12.658951,4.9479623,PO,30
514.0,6.7251687,10.810731,4.0801916,PO,30
515.0,5.8015075,12.160234,5.170087,PO,30
516.0,6.5005336,9.773474,3.4644048,PO,30
517.0,5.721674,11.554416,4.865203,PO,30
518.0,4.9135,12.090742,3.632636,PO,30
519.0,6.3423,12.240127,2.5784724,PO,30
520.0,6.639798,11.360242,3.4880335,PO,30
521.0,6.9876046,12.118033,4.8369946,PO,30
522.0,7.117467,11.032298,3.9607651,PO,30
523.0,5.929664,12.978898,4.0450096,PO,30
524.0,5.7116685,12.049684,5.325251,PO,30
525.0,6.460778,12.060968,2.8817072,PO,30
526.0,5.044203,12.159478,4.5563574,PO,30
527.0,4.7680283,11.046015,4.8637543,PO,30
528.0,5.7197304,11.815123,5.170767,PO,30
529.0,6.710728,11.576503,4.488407,PO,30
530.0,5.7299643,11.521717,2.9353223,PO,30
531.0,6.72948,12.991442,3.7560153,PO,30
532.0,7.034978,12.602529,4.910517,PO,30
533.0,6.1224446,13.169901,3.7058308,PO,30
534.0,6.0498343,12.4740715,2.511375,PO,30
535.0,6.050985,12.526468,2.5277443,PO,30
536.0,6.855107,12.87216,3.314553,PO,30
537.0,6.2949758,12.516726,3.2216556,PO,30
538.0,6.8021917,10.85991,4.1421623,PO,30
539.0,5.280552,11.9677515,4.109213,PO,30
540.0,5.8623114,12.77281,4.1320157,PO,30
541.0,5.074597,12.849676,4.2901106,PO,30
542.0,5.8615847,12.994359,4.5601892,PO,30
543.0,5.7293763,11.932774,4.540963,PO,30
544.0,5.6885886,12.07252,4.4597583,PO,30
545.0,6.623753,9.881879,3.4922206,PO,30
546.0,6.516692,11.286194,3.7233522,PO,30
547.0,6.816914,11.228868,3.8837118,PO,30
548.0,6.6477194,11.444948,4.640661,PO,30
549.0,7.075248,11.971764,4.2445374,PO,30
550.0,6.5278077,13.068819,4.0668163,PO,30
551.0,5.7799807,11.573363,2.9748948,PO,30
552.0,4.905514,9.714469,4.76553,PO,30
553.0,5.1871157,12.501595,3.4145536,PO,30
554.0,4.8774395,12.466813,3.774471,PO,30
555.0,5.3704205,12.912996,4.780451,PO,30
556.0,5.2136316,11.15233,5.235596,PO,30
557.0,7.006306,12.034554,4.2247586,PO,30
558.0,6.817339,11.619062,4.177384,PO,30
559.0,6.241123,10.958627,4.3664308,PO,30
560.0,5.803399,12.8012,4.7367206,PO,30
561.0,5.018383,11.444125,3.9954507,PO,30
562.0,7.129503,12.396509,4.668155,PO,30
563.0,7.1582294,12.208654,4.4879236,PO,30
564.0,5.825133,13.152208,4.8681087,PO,30
565.0,5.684876,12.983335,5.0840197,PO,30
566.0,6.3485317,12.441784,4.808151,PO,30
567.0,6.434861,12.273673,3.863036,PO,30
568.0,5.892677,10.486654,5.035865,PO,30
569.0,5.4693875,12.631254,4.1713634,PO,30
570.0,5.7178617,12.976167,4.9584146,PO,30
571.0,6.199587,12.866706,4.220559,PO,30
572.0,6.562472,12.174689,4.218893,PO,30
573.0,5.3272943,12.619753,4.0975924,PO,30
574.0,4.871117,12.740176,4.5251617,PO,30
575.0,5.5947967,12.454669,4.205699,PO,30
576.0,4.500361,12.158943,4.1760106,PO,30
577.0,6.0825725,12.920314,4.904137,PO,30
578.0,5.4029965,12.620807,4.4114766,PO,30
579.0,5.1087446,12.668607,3.4240048,PO,30
580.0,5.6799803,12.411695,4.4422174,PO,30
581.0,6.2212744,11.611499,3.5954652,PO,30
582.0,5.779913,12.223343,3.253656,PO,30
583.0,4.738551,11.222688,4.8774557,PO,30
584.0,5.04717,9.873833,5.0723777,PO,30
585.0,6.2348967,10.388799,3.9635842,PO,30
586.0,6.563377,12.886352,3.6370206,PO,30
587.0,4.856337,11.047648,4.696335,PO,30
588.0,4.740618,10.322453,4.461526,PO,30
589.0,4.8092813,11.772965,3.8067172,PO,30
590.0,5.3727694,10.566198,4.4057274,PO,30
591.0,5.091481,9.677636,4.9155264,PO,30
592.0,7.469002,12.039705,3.645888,PO,30
593.0,4.993703,11.352845,5.0033474,PO,30
594.0,5.832379,11.96519,4.456088,PO,30
595.0,6.066666,11.89232,2.327837,PO,30
596.0,5.4066286,10.082037,4.008579,PO,30
597.0,7.0324154,10.987875,4.1709027,PO,30
598.0,6.8807635,12.039802,4.0487947,PO,30
599.0,7.067724,10.940795,4.3644934,PO,30
600.0,5.056737,10.812,4.344313,PO,30
601.0,5.138339,12.16663,4.0175023,PO,30
602.0,5.067413,12.160614,4.203311,PO,30
603.0,5.0040812,10.717319,5.2346625,PO,30
604.0,5.1554446,13.007459,3.4146795,PO,30
605.0,6.6822934,10.812247,3.539584,PO,30
606.0,6.0503383,11.040472,4.7660766,PO,30
607.0,6.9046702,10.871903,3.7143502,PO,30
608.0,7.0489535,11.228438,4.529616,PO,30
609.0,6.1952395,12.534319,2.7803836,PO,30
610.0,5.163313,11.28667,3.577454,PO,30
611.0,5.384872,12.02141,3.427755,PO,30
612.0,6.5522676,13.038,3.5872586,PO,30
613.0,6.5780993,11.053453,4.1376224,PO,30
614.0,5.319873,11.3898115,2.6562417,PO,30
615.0,5.9636307,10.550462,3.7755172,PO,30
616.0,4.8790865,11.803638,3.9212625,PO,30
617.0,5.292183,11.825013,4.658378,PO,30
618.0,5.0073237,12.601717,3.684759,PO,30
619.0,6.7542934,12.317717,3.056817,PO,30
620.0,5.923441,10.512834,2.779356,PO,30
621.0,7.4043627,10.650997,3.0696688,PO,30
622.0,6.33914,11.757925,2.7677708,PO,30
623.0,5.9829435,9.600635,3.805595,PO,30
624.0,5.4332776,11.347039,3.2817597,PO,30
625.0,4.8951406,10.796158,3.2629342,PO,30
626.0,4.5054154,11.410826,4.7725916,PO,30
627.0,4.958294,11.130544,3.4553025,PO,30
628.0,5.990756,10.620451,3.3722403,PO,30
629.0,7.04602,12.34329,5.04304,PO,30
630.0,5.7767386,10.916032,2.422256,PO,30
631.0,4.8282957,11.212983,3.703084,PO,30
632.0,5.567421,9.810314,3.7739305,PO,30
633.0,6.9087234,10.30811,4.362892,PO,30
634.0,6.9079475,11.574735,4.9914284,PO,30
635.0,6.5342636,10.530058,3.0115144,PO,30
636.0,5.687445,9.779979,4.552919,PO,30
637.0,5.81228,10.272087,4.0649734,PO,30
638.0,4.8903766,11.310597,3.9902987,PO,30
639.0,5.0709825,11.309859,3.8210084,PO,30
640.0,4.873677,10.457918,4.117459,PO,30
641.0,7.4448214,11.72885,2.973282,PO,30
642.0,5.3802853,11.408928,3.1553273,PO,30
643.0,5.864564,10.77986,3.7458215,PO,30
644.0,6.775944,10.268505,3.5630236,PO,30
645.0,6.0202165,10.061292,3.3881633,PO,30
646.0,5.723296,9.719346,4.410943,PO,30
647.0,5.7001348,10.516003,2.8489327,PO,30
648.0,5.0604057,11.416053,3.3156157,PO,30
649.0,6.182527,10.526423,3.7633374,PO,30
650.0,6.0150194,10.966503,3.870223,PO,30
651.0,6.1578994,11.16803,3.8894746,PO,30
652.0,5.5742655,10.745505,2.4672787,PO,30
653.0,5.6185074,9.795853,4.4828405,PO,30
654.0,5.653345,10.204271,4.881166,PO,30
655.0,5.7526135,10.005117,4.8711686,PO,30
656.0,6.932444,10.771377,4.5368896,PO,30
657.0,5.717224,9.455763,4.419657,PO,30
658.0,5.5728655,9.483873,4.448151,PO,30
659.0,5.8259125,9.818902,3.3841953,PO,30
660.0,5.5733776,9.825815,3.7298996,PO,30
661.0,5.166803,9.979194,3.960944,PO,30
662.0,6.813359,11.581187,3.0352674,PO,30
663.0,6.7235503,10.452735,3.5821085,PO,30
664.0,6.14144,11.344816,3.289793,PO,30
665.0,6.554605,9.980135,3.1187642,PO,30
666.0,6.3381987,11.606608,2.4405096,PO,30
667.0,6.6718316,12.327079,4.730634,PO,30
668.0,7.0767736,12.271996,3.2408118,PO,30
669.0,6.820881,11.561745,4.0833473,PO,30
670.0,5.5254707,12.690451,5.1912293,PO,30
671.0,6.3862333,11.418937,4.86471,PO,30
672.0,4.956377,12.277033,3.7174356,PO,30
673.0,5.668497,11.890858,2.979208,PO,30
674.0,5.33105,12.012427,4.2808266,PO,30
675.0,5.42166,11.9960375,4.1868377,PO,30
676.0,5.1426144,11.936525,3.7831552,PO,30
677.0,5.1061687,11.567118,2.723167,PO,30
678.0,4.8944764,11.528307,3.8104093,PO,30
679.0,4.9661765,10.431016,5.069013,PO,30
680.0,5.5917797,12.539764,3.381744,PO,30
681.0,5.0168657,11.779729,4.466228,PO,30
682.0,6.5752892,11.489923,2.5679584,PO,30
683.0,5.844281,12.428273,3.294235,PO,30
684.0,7.061355,11.204151,4.804822,PO,30
685.0,7.059557,11.974529,3.2622445,PO,30
686.0,4.84859,12.170866,3.4173427,PO,30
687.0,5.2171073,11.975123,3.0670135,PO,30
688.0,6.273758,12.692087,3.638145,PO,30
689.0,5.371603,12.563102,2.844874,PO,30
690.0,5.877186,11.657681,3.4736412,PO,30
691.0,5.956052,11.41839,3.905291,PO,30
692.0,6.472596,12.945067,3.5993004,PO,30
693.0,6.328852,12.858811,3.3841567,PO,30
694.0,5.765482,12.525519,3.3337057,PO,30
695.0,6.5683365,10.973666,3.7884758,PO,30
696.0,6.0141387,12.181439,3.344178,PO,30
697.0,5.248973,11.965862,3.1616416,PO,30
698.0,5.3859997,12.595564,3.3826957,PO,30
699.0,5.106136,12.491889,4.513795,PO,30
700.0,5.5892525,9.82414,4.6351156,PO,30
701.0,6.0186243,12.140552,4.1416078,PO,30
702.0,6.629422,10.760068,4.573814,PO,30
703.0,5.5645094,11.232365,2.9576125,PO,30
704.0,4.878055,12.421559,3.3293574,PO,30
705.0,5.233186,12.123122,3.8989074,PO,30
706.0,6.597605,12.303995,3.311525,PO,30
707.0,4.7355886,10.845126,4.7078156,PO,30
708.0,6.6438694,12.583679,3.7952986,PO,30
709.0,6.109464,11.180756,2.4313695,PO,30
710.0,6.975461,11.881827,2.7636936,PO,30
711.0,6.5949974,10.616578,3.6892045,PO,30
712.0,6.717257,12.805572,3.81316,PO,30
713.0,6.561066,10.259884,4.6142235,PO,30
714.0,7.179468,10.400439,2.588128,PO,30
715.0,6.594474,10.052495,3.1651797,PO,30
716.0,5.9566755,11.334451,2.3667614,PO,30
717.0,6.171837,11.545497,3.3401716,PO,30
718.0,7.061196,12.2994585,3.334208,PO,30
719.0,6.790414,10.4164915,3.8922567,PO,30
720.0,6.769734,10.797573,3.623001,PO,30
721.0,6.1177406,10.623431,4.4711337,PO,30
722.0,5.5615993,9.751134,3.434458,PO,30
723.0,4.740897,11.809873,4.0569367,PO,30
724.0,5.6569505,11.622649,2.9588444,PO,30
725.0,5.0078607,12.232037,3.8784897,PO,30
726.0,6.4986553,11.978127,3.1269422,PO,30
727.0,6.44164,11.402054,2.476302,PO,30
728.0,7.259435,12.28335,4.242978,PO,30
729.0,5.6578383,11.81999,2.73907,PO,30
730.0,5.8106585,12.150299,3.0695794,PO,30
731.0,5.1317515,12.239055,4.0650415,PO,30
732.0,6.8149724,12.283833,3.2301507,PO,30
733.0,7.182071,10.974636,4.0769567,PO,30
734.0,7.3931136,11.972652,3.6259673,PO,30
735.0,6.3708563,11.587604,3.660655,PO,30
736.0,4.8276877,11.61981,3.505301,PO,30
737.0,5.0737004,12.301474,3.2842138,PO,30
738.0,4.4693995,11.930173,4.530559,PO,30
739.0,6.185585,11.776118,2.3407588,PO,30
740.0,5.4910316,11.574894,3.79445,PO,30
741.0,5.8597713,11.948251,3.7652848,PO,30
742.0,6.0359044,11.333131,3.0151339,PO,30
743.0,6.339114,11.394355,3.207914,PO,30
744.0,7.200562,12.518741,3.8409238,PO,30
745.0,7.390363,11.737044,3.0248952,PO,30
746.0,7.227147,11.880351,4.0887127,PO,30
747.0,4.9686728,12.133745,2.6686835,PO,30
748.0,5.130152,12.91422,3.8466814,PO,30
749.0,6.0614624,13.020736,3.7873611,PO,30
750.0,5.3694215,10.70773,5.1751237,PO,30
751.0,5.478089,12.374394,3.1818802,PO,30
752.0,5.615304,10.152943,4.9777226,PO,30
753.0,5.4194555,11.994084,4.057442,PO,30
754.0,5.7020345,12.508099,3.798895,PO,30
755.0,5.9528246,11.901539,3.3936746,PO,30
756.0,5.340567,11.498352,2.3161874,PO,30
757.0,6.38276,10.665897,3.2750893,PO,30
758.0,7.0149746,10.005255,3.7460604,PO,30
759.0,5.412164,13.2565565,3.544326,PO,30
760.0,4.6873536,11.476293,2.8503892,PO,30
761.0,6.9665685,10.699314,4.0272703,PO,30
762.0,5.7232265,10.117299,4.952294,PO,30
763.0,7.1234355,10.7894335,3.5567267,PO,30
764.0,6.921917,11.944097,3.1357913,PO,30
765.0,6.287191,10.479809,4.3405137,PO,30
766.0,6.73009,10.972027,2.9052181,PO,30
767.0,6.8874145,10.478592,2.5643766,PO,30
768.0,7.345985,12.029389,3.3491282,PO,30
769.0,4.828878,11.523751,4.1465955,PO,30
770.0,5.1568456,12.283937,5.414618,PO,30
771.0,6.7969713,11.551802,3.00777,PO,30
772.0,6.273326,11.509601,2.4657695,PO,30
773.0,6.6766276,12.027811,3.5258152,PO,30
774.0,7.064553,11.107507,2.8573334,PO,30
775.0,7.437953,11.197396,3.737406,PO,30
776.0,5.2774878,10.577251,2.9953463,PO,30
777.0,5.014167,10.6956,4.19628,PO,30
778.0,6.6437654,11.0276375,3.0668805,PO,30
779.0,4.418999,11.701277,4.6418486,PO,30
780.0,5.9802675,11.280695,3.5095596,PO,30
781.0,6.349115,10.52759,2.926157,PO,30
782.0,6.677939,11.810433,3.1032054,PO,30
783.0,6.3737473,10.782815,2.5098724,PO,30
784.0,6.66768,10.095165,3.0178297,PO,30
785.0,5.989341,10.9018,2.3645513,PO,30
786.0,4.74827,10.714368,2.8102872,PO,30
787.0,6.818282,11.023148,3.3538504,PO,30
788.0,6.6416626,10.583822,3.754886,PO,30
789.0,5.1504374,9.913934,3.6448214,PO,30
790.0,5.111888,10.434817,2.6625843,PO,30
791.0,6.255675,10.569883,2.8029618,PO,30
792.0,6.938632,11.06346,2.62486,PO,30
793.0,6.6030235,10.691096,2.7311583,PO,30
794.0,6.2080235,10.494165,3.632485,PO,30
795.0,6.8654857,10.352723,3.7987058,PO,30
796.0,7.131313,10.337927,3.9788864,PO,30
797.0,7.28809,10.529247,2.9819784,PO,30
798.0,7.3734045,11.145933,3.0582147,PO,30
799.0,4.766397,10.406452,4.916114,PO,30
800.0,5.5376353,11.066339,2.4432068,PO,30
801.0,6.721117,12.563691,3.0061939,PO,30
802.0,4.8631783,9.796029,4.120427,PO,30
803.0,5.4006352,11.325984,3.3740199,PO,30
804.0,7.159905,11.682137,4.0840096,PO,30
805.0,7.261441,11.221031,3.0904346,PO,30
806.0,7.4218245,10.316724,3.8167017,PO,30
807.0,5.5748343,10.263434,3.4379764,PO,30
808.0,5.5191627,11.283782,2.5392082,PO,30
809.0,5.644805,11.912152,4.116127,PO,30
810.0,4.6994696,12.215079,4.0494595,PO,30
811.0,4.486052,11.69629,3.4617164,PO,30
812.0,4.7592516,10.110022,4.862219,PO,30
813.0,6.13777,10.07755,4.031898,PO,30
814.0,7.3822517,10.247372,3.677604,PO,30
815.0,6.6462626,10.08906,3.0970993,PO,30
816.0,5.439698,11.765337,4.0603848,PO,30
817.0,4.902885,9.573049,4.9148774,PO,30
818.0,6.5139647,11.463653,2.5901036,PO,30
819.0,7.0147886,10.52686,2.968965,PO,30
820.0,6.152668,9.680248,3.514656,PO,30
821.0,7.0708117,10.000068,3.5064275,PO,30
822.0,6.0534105,10.068906,3.8118787,PO,30
823.0,6.0648575,10.9536705,2.3408709,PO,30
824.0,4.61158,11.424089,4.612118,PO,30
825.0,5.0094523,9.686172,4.62278,PO,30
826.0,7.2248373,10.335953,3.6270669,PO,30
827.0,4.6110897,10.907808,3.0979638,PO,30
828.0,5.6147647,10.515542,3.3400526,PO,30
829.0,6.1137342,11.971757,2.4323587,PO,30
830.0,7.2486916,11.508257,4.3403244,PO,30
831.0,7.1861486,10.744434,3.1255422,PO,30
832.0,5.021378,10.191393,3.0345266,PO,30
833.0,4.982912,10.662512,3.3001957,PO,30
834.0,5.1377554,10.7193,3.1380987,PO,30
835.0,7.0813026,10.643103,2.8352706,PO,30
836.0,4.9307513,9.973385,4.4115424,PO,30
837.0,5.9885306,9.699897,3.634458,PO,30
838.0,5.703116,9.774184,3.2769797,PO,30
839.0,5.858859,9.855615,3.2445872,PO,30
840.0,6.4025497,10.665794,2.4752495,PO,30
841.0,4.724023,10.178108,4.634459,PO,30
842.0,7.16444,11.335575,3.1221516,PO,30
843.0,6.992486,11.401558,3.1378753,PO,30
844.0,7.191035,10.447651,2.9087718,PO,30
845.0,7.1453376,10.311299,2.6857643,PO,30
846.0,7.267872,10.352102,2.6560817,PO,30
847.0,5.814642,10.734507,3.6355126,PO,30
848.0,7.252939,10.384826,2.956567,PO,30
849.0,6.7890058,12.4212055,3.0406678,PO,30
850.0,5.932738,11.925772,3.1320336,PO,30
851.0,6.7811966,10.386378,2.9921503,PO,30
852.0,5.0561748,10.833181,3.5420368,PO,30
853.0,6.803306,10.910541,3.0385802,PO,30
854.0,6.8584514,10.259071,3.6260884,PO,30
855.0,7.490664,10.76251,3.3913195,PO,30
856.0,5.4806314,9.646519,4.461841,PO,30
857.0,5.7936373,11.005747,2.6505704,PO,30
858.0,4.8846993,12.108088,3.3015757,PO,30
859.0,6.605383,11.384504,2.8910577,PO,30
860.0,7.0169454,10.783146,3.4302347,PO,30
861.0,6.3016744,11.259831,3.006126,PO,30
862.0,7.322577,10.591581,3.0762627,PO,30
863.0,5.4753194,10.05794,3.7783234,PO,30
864.0,6.895022,11.486516,3.6254327,PO,30
865.0,6.016164,10.972431,2.4896119,PO,30
866.0,5.895802,10.952714,2.448657,PO,30
867.0,6.4438515,10.617011,2.7543705,PO,30
868.0,6.384663,10.45057,2.9148047,PO,30
869.0,6.7265024,11.082618,2.925439,PO,30
870.0,6.8808303,10.39542,3.9509683,PO,30
871.0,6.64021,12.149715,5.528422,PO,30
872.0,6.865892,11.919624,5.331743,PO,30
873.0,6.8819766,11.740624,5.2664604,PO,30
874.0,6.8747272,12.004101,5.190833,PO,30
875.0,6.890608,10.608138,3.2002873,PO,30
876.0,5.819406,11.230363,2.4347508,PO,30
877.0,7.0786347,12.055881,4.8332405,PO,30
878.0,7.0049057,12.106664,4.944247,PO,30
879.0,6.78511,11.769615,5.2390833,PO,30
880.0,6.7086987,10.633892,4.7179666,PO,30
881.0,6.0265307,10.859369,3.445689,PO,30
882.0,7.1117964,10.082297,3.6938007,PO,30
883.0,6.3649683,10.616557,3.6614041,PO,30
884.0,6.709725,11.196561,2.581992,PO,30
885.0,6.5456653,10.631839,2.6634004,PO,30
886.0,6.651122,10.640949,3.3206182,PO,30
887.0,6.838218,10.815064,3.3782268,PO,30
888.0,6.488623,11.621784,2.6316643,PO,30
889.0,6.438563,11.0681,2.9617686,PO,30
890.0,6.7996297,11.488834,3.091024,PO,30
891.0,7.0449576,10.640021,3.0203743,PO,30
892.0,5.7252936,10.240021,2.9924653,PO,30
893.0,5.99484,10.089158,3.1803536,PO,30
894.0,6.349189,10.979236,2.8274646,PO,30
895.0,6.8701153,10.876086,3.0204575,PO,30
896.0,6.9666257,10.4502945,3.4307659,PO,30
897.0,6.521617,10.324517,3.2930522,PO,30
898.0,5.062049,11.3350315,3.6274753,PO,30
899.0,6.5837536,11.03576,2.3473592,PO,30
