UMAP1,UMAP2,UMAP3,Frame,Complexity
9.071459,20.04736,11.468634,0,3.209064225997835
9.166576,20.302532,11.310646,1,3.1885287497091306
7.4997597,23.187654,11.121864,2,3.1940471924625045
7.359494,23.919106,11.130751,3,3.2242270601349245
7.4168396,23.880953,11.281355,4,3.2404378518883803
7.424447,23.73398,11.243607,5,3.2358620840314747
7.3701344,23.86835,11.299621,6,3.2237718661931423
7.422772,23.882402,11.233722,7,3.2611102168983406
7.4235663,23.907894,11.235911,8,3.278603916999711
7.465144,23.818632,11.345451,9,3.3577556582597587
7.3807836,23.940928,11.293276,10,3.430078129096471
7.5213227,23.867723,11.320643,11,3.5412893142725843
7.4789853,23.939133,11.2913,12,3.619149013913561
7.4520245,23.90795,11.370515,13,3.704105163414439
7.488112,23.860826,11.353811,14,3.717051213068097
7.522809,23.831017,11.463508,15,3.7916473986878976
7.3955536,23.716524,11.364446,16,3.836953567811358
7.647199,23.667263,11.327195,17,3.870615530358133
7.515977,23.66025,11.439659,18,3.881086416460329
7.5739555,23.699297,11.36284,19,3.943089330146181
7.6627803,23.75101,11.571375,20,3.9565154697082026
7.668744,23.628557,11.6078825,21,3.9784057404650013
7.5956264,23.69699,11.449208,22,3.9909883515352753
7.448299,23.859911,11.404701,23,3.994306710828664
7.501581,23.836798,11.4116535,24,4.01789990638245
7.622708,23.497494,11.5334425,25,4.046449366420201
7.6048164,23.753311,11.534365,26,4.056268438876734
7.674061,23.496864,11.489649,27,4.050897025071555
7.749541,23.537624,11.648392,28,4.049346345014319
7.7458816,23.772001,11.680242,29,4.044783517965848
7.53361,23.287685,11.6464205,30,4.060983768233597
7.8251824,23.588165,11.67111,31,4.059794081395794
7.8059354,23.612629,11.55296,32,4.066480171445289
7.7218437,23.702368,11.666256,33,4.076600352855965
7.79671,23.27911,11.909974,34,4.083939503878702
7.7813864,23.647976,11.679783,35,4.082437939266033
7.803935,23.465597,11.757203,36,4.080655300461515
7.828006,23.502596,11.762143,37,4.099077381330947
7.848877,23.386238,11.799912,38,4.102699696216381
7.9240637,23.15786,11.804772,39,4.1080604800097555
7.950639,23.310146,11.696806,40,4.105554209046776
8.137719,23.373705,11.490872,41,4.105664211121603
7.751389,23.181126,11.5357485,42,4.126963587701828
7.970493,23.293304,11.494979,43,4.109664270863088
8.100018,23.379221,11.649781,44,4.114212378005618
7.9273295,23.211231,11.747909,45,4.129299703425878
7.9145823,23.453026,11.652957,46,4.137847345958312
7.9674525,23.37574,11.714796,47,4.136498708344048
7.8675356,23.255379,11.707611,48,4.143247266278413
7.9758277,23.312397,11.648105,49,4.154592820161517
8.075846,23.123867,11.73104,50,4.153468724055342
7.812803,23.296097,11.636524,51,4.161684782086986
8.02286,23.081985,11.429888,52,4.160405894841956
7.8211064,23.315325,11.686589,53,4.176118110687881
7.838147,23.224419,11.493362,54,4.181709266143579
7.851549,23.171322,11.535877,55,4.173052168304022
7.941895,23.398853,11.584061,56,4.174338105504209
7.7390413,22.946955,11.317529,57,4.1412217279911925
7.7779274,23.087759,11.45863,58,4.035981402275913
7.794363,22.951918,11.666161,59,3.8658429997543946
7.8112006,23.205732,11.592936,60,3.752094103538542
7.879016,22.72507,11.58303,61,3.68642991632492
7.947993,23.050718,11.464786,62,3.6847191207073813
7.899375,23.080303,11.490035,63,3.715123048889166
7.987895,23.027615,11.671004,64,3.876911168252712
8.062604,23.058264,11.720662,65,3.995627883517039
8.001508,23.046848,11.830307,66,3.9525369641294867
8.268329,22.57351,11.96247,67,3.961281154999332
8.397497,22.524181,11.972299,68,3.9644682055184117
8.442312,22.378078,12.0518265,69,3.894495440812805
8.535022,22.335796,11.968097,70,3.628415435671828
8.555868,22.342215,11.89363,71,3.4913744110045783
8.5957985,22.4021,11.928697,72,3.179682898313164
8.635826,22.412981,11.905811,73,3.1592773485615635
8.672944,22.488653,11.915755,74,3.1625870993765623
8.710926,22.389986,11.953634,75,3.2103786577278313
8.789799,22.651745,11.6755295,76,3.197829513324834
8.655767,22.574156,11.7518015,77,3.2395762980075036
8.629818,22.628271,11.6434765,78,3.296444112040619
8.666028,22.44248,11.65341,79,3.3930277613622453
8.724892,22.663294,11.595012,80,3.4043849326864986
8.802996,22.52486,11.665496,81,3.4172173864835966
8.569802,22.264137,11.690218,82,3.4229012403703494
8.728735,22.601944,11.428231,83,3.4664364419374807
8.57492,22.471195,11.479047,84,3.510348398804876
8.679068,22.570442,11.510143,85,3.568568949072773
8.728417,22.826721,11.452102,86,3.570441295219042
8.74462,22.651525,11.331853,87,3.586222166114835
8.741175,22.698198,11.245615,88,3.6346295381384506
8.597328,22.576986,11.3905,89,3.6926206434876905
8.655919,22.758024,11.25513,90,3.7661709991956536
8.823489,22.79455,11.498647,91,3.824120748995098
8.6086645,22.869505,11.186074,92,3.833144189488859
8.682181,22.837692,11.0788765,93,3.8310030298182545
8.613131,22.960028,11.359871,94,3.8532492352304337
8.40911,22.869251,11.063694,95,3.876597752576251
8.377047,23.086435,11.174958,96,3.922756337518051
8.491245,23.05044,11.203952,97,3.9789255118166826
8.490178,22.884972,11.063038,98,3.983532529040832
8.439569,22.950176,11.230549,99,4.022613201719966
8.358957,22.889202,11.0854025,100,4.084149118923805
8.587546,22.996164,11.168743,101,4.117534049157776
8.315125,22.909468,11.3400545,102,4.150349125347125
8.382125,22.967752,11.168317,103,4.167508644033466
8.375147,22.688139,10.926869,104,4.1726383780202205
7.903731,22.205181,11.2361765,105,4.189123973879899
8.553033,22.69113,11.019897,106,4.217312650214345
8.236891,22.58471,11.078009,107,4.237713007213119
8.487405,22.64715,11.109032,108,4.2552017475038
8.39244,22.7086,11.031784,109,4.25820931803944
8.394023,22.718899,10.836685,110,4.259569527368038
8.559719,22.479553,11.142438,111,4.252695537848371
8.403629,22.85152,10.85037,112,4.252998801925831
8.364895,22.860445,10.8679085,113,4.236004939016527
8.590601,22.747538,11.026098,114,4.2346084075178485
8.457446,22.63029,11.022823,115,4.224541598624703
8.405438,22.671537,10.939631,116,4.22736098289975
8.564717,22.214788,11.066173,117,4.214868925279888
8.283949,22.338928,11.04446,118,4.210874443414353
8.387599,22.589499,10.8430605,119,4.222790598761772
8.407153,22.670761,10.899064,120,4.343424791610433
8.452168,22.660294,10.909763,121,4.308067787241167
8.257913,22.497808,11.135273,122,4.302725704225013
8.404207,22.586931,10.916818,123,4.292014070235535
8.299009,22.616362,10.784404,124,4.2610776739489475
8.028383,22.548159,11.188241,125,4.239283214344909
8.371342,22.548908,10.952159,126,4.209791996111609
8.094697,22.497597,11.196141,127,4.168501826046218
8.180913,22.56716,10.979948,128,4.168169606853216
8.134962,22.440372,10.837751,129,4.0817083659045075
8.320158,22.56049,10.981381,130,4.044549854823781
7.7788815,22.17962,11.291213,131,3.959810997146028
8.400439,22.336088,10.87195,132,3.934950595484122
8.141431,22.372177,10.97749,133,3.8280533876257046
8.083339,22.721802,11.115332,134,3.828344284387777
8.195389,22.660841,10.95878,135,3.7925029190215622
8.343129,22.377888,10.997469,136,3.7693683382435785
8.167226,22.596607,11.251077,137,3.742976590753952
8.306458,22.232147,11.044822,138,3.7902530543803175
8.230264,22.302969,11.085593,139,3.792160288988158
8.580137,22.107273,11.197693,140,3.794677897895584
8.347924,22.258177,11.323658,141,3.6850362367673304
8.218699,22.39801,11.261488,142,3.641362302202272
8.155192,22.175453,11.3876915,143,3.5562102733013545
7.9615884,21.946299,11.702272,144,3.511165119006415
8.470422,22.162365,11.593063,145,3.626804859314758
8.394362,22.146881,11.567331,146,3.6293578548632404
8.387541,22.11378,11.748061,147,3.705540793603969
8.462565,21.968798,11.333058,148,3.4238435956665425
8.589011,22.037977,11.543005,149,3.13785867009449
8.317688,21.981298,11.715499,150,3.1491403541909686
8.560122,22.070776,11.904549,151,3.2484391905403367
8.525629,22.126165,11.932221,152,3.2482148240925013
8.39881,21.70137,11.974828,153,3.0866241886357937
8.540857,21.371784,11.966434,154,2.9273255189199068
8.455856,22.047995,11.790006,155,2.7367454528125053
8.29827,21.898197,11.762197,156,2.796428607329745
8.379374,22.150131,11.601814,157,2.9981642644238415
8.330168,21.928055,11.866798,158,3.002385798232484
8.265801,22.219744,11.697421,159,3.2596102554546964
8.214791,22.086765,11.659367,160,3.546695582090566
8.1433935,22.201662,11.766924,161,3.720098821574471
8.135124,22.137962,11.870136,162,3.781548865760644
7.7803664,21.965263,11.7518635,163,3.7941595363330447
7.7656116,21.760693,11.823731,164,3.7985548320910145
7.9921913,21.385595,11.92729,165,3.8566846446402425
8.446063,21.215233,11.366483,166,3.8985803461868644
8.051833,21.457047,11.66181,167,3.9923464404886446
8.060972,21.95024,11.709245,168,4.018490349306089
7.887863,21.981453,11.633589,169,4.028739405327946
8.001456,21.367786,11.504588,170,4.031263931526964
8.021923,21.506504,11.347079,171,4.0966703043623545
7.7568145,21.363943,11.527728,172,4.155740900728828
7.947368,21.798101,11.36176,173,4.2286700273484765
7.6089296,21.948717,11.504327,174,4.2114562682256045
7.702761,22.036121,11.388717,175,4.193953873684126
7.556904,21.950748,11.418836,176,4.197917421657789
7.6862497,21.969822,11.469441,177,4.109987568327215
7.6632824,21.95802,11.343617,178,4.019369545409622
7.439448,21.801853,11.39074,179,3.9593487978616615
7.425729,21.834713,11.39907,180,4.0073145417393325
7.390183,21.787407,11.3720455,181,4.096183458691812
7.319566,21.709646,11.474945,182,4.097767597917782
7.2113132,21.620178,11.427245,183,4.237595532932081
7.2395177,21.57376,11.218147,184,4.058667062435934
7.244185,21.603107,11.340683,185,4.017667804262816
7.327778,21.659857,11.495789,186,3.491039062823992
7.350934,21.779697,11.202875,187,3.0718254731951853
7.339852,21.704378,11.360848,188,3.0752489306161066
7.407962,21.58936,11.28114,189,3.1093793507108423
7.8898315,21.239723,11.24505,190,3.524833334671009
7.9602156,21.712204,11.416494,191,3.582433354599264
8.0633335,21.673248,11.34915,192,3.9987564384660224
8.317223,21.67596,11.587909,193,3.9942114949794933
8.193965,21.433874,11.6924,194,3.999099530990816
8.102956,21.590315,11.702485,195,3.8290224319559267
8.341927,21.702005,11.302814,196,4.179183380790897
8.338535,21.8856,11.249918,197,4.178520390583787
7.646164,21.384066,11.91084,198,4.253835945273491
7.260284,21.475182,11.938261,199,4.264904968080842
7.1804857,21.280504,11.767154,200,4.262277059423803
7.069929,21.474987,11.762776,201,4.525575989631062
6.987124,21.34414,11.829832,202,4.527727885150491
6.882435,21.23997,11.68498,203,4.57504977891612
6.9615097,21.538319,11.542208,204,4.74571987306046
6.9806266,21.404486,11.581961,205,4.814200175761294
7.0108757,21.36659,11.472693,206,4.823211129618314
6.829481,21.371923,11.455197,207,4.774493601612333
6.844537,21.198559,11.385978,208,4.755212592609891
6.940833,21.316689,11.502218,209,4.683865537103138
6.7154865,21.447702,11.307726,210,4.6342122795164205
6.9319987,21.367676,11.708861,211,4.575916596732041
6.6804285,21.33436,11.143749,212,4.596104906631318
6.984471,21.249332,11.5506525,213,4.540806179194239
6.578911,21.11625,11.558824,214,4.439726439212318
6.74554,21.314228,11.424526,215,4.341666274669062
6.858207,21.341581,11.655411,216,4.248241839711014
6.67613,21.148952,11.508477,217,4.17963123612311
6.7377477,21.166445,11.301531,218,4.190348769214006
6.6886673,21.331488,11.56861,219,4.0991377433467555
6.5833044,21.133373,11.544888,220,4.026642241695276
6.6935415,21.221884,11.496441,221,4.037171890277028
6.7884393,21.275692,11.32921,222,4.018557027438832
6.776487,21.215454,11.419064,223,4.042861832102492
6.5989146,20.9648,11.425478,224,4.048267813873501
6.8543386,21.081945,11.534604,225,4.027998903408006
6.7936687,20.862728,11.329518,226,4.068884813719492
6.6452155,20.721527,11.336925,227,4.080380083190815
6.518939,20.979582,11.309431,228,4.122534378804512
6.879828,21.062311,11.462253,229,4.201947143781508
6.8099666,20.94036,11.600389,230,4.213604816565984
7.060112,20.935482,11.510395,231,4.178654767126797
6.8562436,20.804594,11.388336,232,4.211194743097731
7.0575705,20.877914,11.59976,233,4.2387297137103825
7.0329185,20.876749,11.595757,234,4.246701622367791
6.9453397,21.115765,11.43079,235,4.1593041129033175
7.1713257,21.38098,11.364474,236,4.166411874642092
7.18152,21.221607,11.582553,237,4.127912615112059
7.070461,20.904173,11.517559,238,4.034291658588577
6.9953814,21.149502,11.397465,239,4.0163017093815165
7.070321,21.075298,11.301253,240,4.070710824005969
7.284187,21.01488,11.388817,241,4.031552158237189
7.164255,21.114664,11.241454,242,4.035095306398365
6.8623943,20.975914,11.240222,243,4.010892824084388
7.1069546,20.710894,11.1614065,244,3.9165510063820657
7.076173,21.064003,11.085857,245,3.817484638547124
7.2670403,21.194418,11.192888,246,3.7613805534990883
7.401816,21.169516,11.077852,247,3.7163524204283975
7.34387,20.834637,11.326913,248,3.718736681316926
7.0719543,20.805977,11.178907,249,3.6642050127858594
7.1601205,20.80228,10.98874,250,3.587683951450596
6.7976966,20.707764,11.057231,251,3.4995315664682627
6.9428425,20.584764,11.460146,252,3.4695314826525037
6.657545,20.518965,11.207654,253,3.4760344032156367
6.531005,20.4319,11.627296,254,3.4816038039872854
6.8316236,20.194338,11.657786,255,3.47448019538518
6.7841535,20.103321,11.724978,256,3.532816828012151
6.7700043,20.0255,11.759942,257,3.541602898992844
6.902643,20.016447,11.830011,258,3.5898301991623054
6.5116568,20.128891,11.582764,259,3.647238443329011
6.4267917,20.147804,11.435474,260,3.6576292470438614
6.410217,19.994837,11.617184,261,3.698550462425054
6.3513327,20.131874,11.534319,262,3.7630931916084656
6.340964,20.010256,11.567154,263,3.769823083083133
6.3156238,20.103073,11.842394,264,3.7821901398447397
6.5884113,20.072424,11.631629,265,3.8311800682075163
6.537341,19.994257,11.725145,266,3.8416994428906315
6.5986876,19.949709,11.714245,267,3.773826174556466
6.4407544,19.91779,11.735666,268,3.7363936057211466
6.5487895,20.01948,11.615846,269,3.6520973058242756
6.4653254,20.005617,11.579778,270,3.6574083911413755
6.1103783,19.933477,11.642273,271,3.6170606260695757
6.005682,20.049831,11.55589,272,3.621916771633466
6.142253,19.96939,11.654409,273,3.593179493580898
6.166913,20.181808,11.443989,274,3.557079959443454
6.0461764,19.964287,11.548207,275,3.5429415436192526
5.9546323,20.036222,11.705887,276,3.553628755794989
5.944169,19.989807,11.646939,277,3.585269282112359
5.8244042,20.064178,11.734091,278,3.595410329262517
5.7933517,20.066307,11.638829,279,3.623790675742868
5.698975,19.939287,11.698251,280,3.6250740043937038
5.6940565,19.947233,11.663225,281,3.6219259726020057
5.83893,20.004128,11.668963,282,3.65303265071258
5.8304095,20.055334,11.6912985,283,3.6944921305258576
5.6326833,20.041578,11.631363,284,3.693068584364539
5.679672,20.028246,11.561826,285,3.7397618804649353
5.7637796,19.928919,11.689214,286,3.767055262146974
5.5396113,19.919312,11.581985,287,3.778584018096568
5.3041525,19.87443,11.547956,288,3.794830454468214
5.344019,19.991901,11.564975,289,3.8849767450316888
5.175602,19.902456,11.56672,290,3.8929692190287373
5.3236356,19.978867,11.5796,291,3.9276903009145268
5.0159388,19.82924,11.5564575,292,3.9545710031094337
5.1903014,19.881048,11.4913225,293,4.005854191709746
5.1061206,19.906704,11.542007,294,4.039204645583337
4.9491453,19.850382,11.4689045,295,4.043751945862945
4.9718695,19.782951,11.504091,296,4.046598936614409
4.908354,19.836723,11.44263,297,4.010084296505335
4.9310865,19.850386,11.453343,298,3.9869063938374247
4.784985,19.881603,11.375809,299,3.9658617625253476
4.770176,19.862152,11.279032,300,3.990501365716066
4.8103905,19.893236,11.37909,301,3.9798168358830277
4.678866,19.776861,11.37564,302,3.9799908762195773
4.5995812,19.742899,11.392678,303,3.943844250544965
4.580153,19.859821,11.257759,304,3.9115564866856536
4.680847,19.808712,11.447598,305,3.8669668329374938
4.6290774,19.793364,11.43467,306,3.8566815150864997
4.417889,19.781527,11.360375,307,3.8734858267689383
4.301535,19.804014,11.354577,308,3.8661886846283346
4.309483,19.79364,11.318989,309,3.8620309054810567
4.2199063,19.751059,11.242584,310,3.8787564045392067
4.3291388,19.846994,11.282244,311,3.9334704410955315
4.223209,19.7835,11.248996,312,3.954124956417991
4.030053,19.78448,11.151784,313,3.9710752447732656
4.052562,19.83056,11.176926,314,3.979258922288206
4.1018724,19.670654,11.176273,315,3.9747795666794117
4.129096,19.789412,11.044663,316,4.00923175036908
4.1993284,19.875074,11.069668,317,4.014764325075746
4.261467,19.760334,10.965082,318,4.009279398673312
4.019998,19.802128,10.994871,319,4.037507743916591
4.0565934,19.826307,11.022047,320,4.043342371357478
4.239094,19.731377,11.066426,321,4.009126612303261
4.225251,19.904945,10.71254,322,4.0345274697936855
4.0594397,19.823645,10.761674,323,4.092054452882133
3.9706511,19.883175,10.764433,324,4.065060752853029
4.1204314,19.824638,10.873153,325,4.007469865279435
4.0183034,19.748232,11.06779,326,3.9986209794329666
4.017891,19.739717,10.91216,327,3.969330886596583
3.9064841,19.628824,10.980007,328,3.9288884915196687
4.0123363,19.682936,10.879485,329,3.8322345801159505
3.9411964,19.661537,10.979844,330,4.026776202442188
4.00265,19.62506,10.996293,331,3.9669712399627928
3.995424,19.65053,10.951479,332,3.9660400547552084
3.9577208,19.652702,10.859614,333,3.9181023022511874
3.9382522,19.63829,10.878489,334,3.793151813285949
4.181007,19.553167,10.731292,335,3.8593428216256918
3.925427,19.588167,10.89564,336,3.849336799262535
4.0890236,19.575283,10.710984,337,3.8505258213312525
3.9076316,19.639694,10.920183,338,3.85686802840347
4.031803,19.520044,10.804032,339,3.884216296885105
3.936275,19.567677,10.900814,340,3.8655517847286758
4.0365243,19.56604,10.71498,341,3.849310473212208
4.0902247,19.522903,10.707422,342,3.8418553411730723
4.02393,19.600737,10.604992,343,3.8264155408140588
4.1264315,19.70331,10.432099,344,3.8304497788250496
4.0812016,19.690641,10.638724,345,3.8144577994467284
4.197246,19.663136,10.538766,346,3.7974868472955983
4.398367,19.68998,10.531734,347,3.777861673497688
4.546287,19.657635,10.452996,348,3.762670055165498
4.3815875,19.667377,10.393016,349,3.754655727040702
4.25757,19.74276,10.493631,350,3.767981799207716
4.296869,19.622604,10.396942,351,3.755806765194427
4.1507654,19.701954,10.533851,352,3.7282843203613187
4.1281137,19.667505,10.464285,353,3.720119238904932
4.2245917,19.783695,10.40803,354,3.7142288051151016
4.117001,19.815962,10.246719,355,3.7207439466133625
4.1268334,19.82919,10.308725,356,3.7197927798991888
4.1152773,19.917871,10.293339,357,3.7321975980729345
4.2733397,19.786861,10.261147,358,3.7285819301833283
4.239885,19.867565,10.246315,359,3.7089209681881563
4.2005134,19.90916,10.193574,360,3.674706886560077
4.1856394,19.933626,10.148616,361,3.6836364564441886
4.272755,19.981668,10.063923,362,3.688367985436134
4.3364387,20.07725,10.015093,363,3.697232016759461
4.370469,20.006433,9.921378,364,3.707893563002716
4.3049397,20.02373,10.015686,365,3.718500813057847
4.4039197,20.143263,9.84194,366,3.746059502347743
4.4069314,20.058193,9.927482,367,3.740788989410211
4.3588877,20.059471,9.956947,368,3.738940532856368
4.562701,20.13738,9.817457,369,3.7851808012163697
4.4632516,20.151443,9.896466,370,3.8065905982568773
4.5380006,20.010262,9.958289,371,3.8292742452210615
4.485551,20.096016,9.975365,372,3.8651800469807664
4.659037,20.130154,9.841951,373,3.8665472261754967
4.6325765,20.184881,9.803333,374,3.863903251573546
4.629461,20.200115,9.8126,375,3.850902649195463
4.7000065,20.184559,9.773207,376,3.8649827084452677
4.8708773,20.308434,9.960301,377,3.891292808300123
4.784088,20.118752,9.6279125,378,3.881540049743219
4.7216353,20.250248,9.762015,379,3.9083238819778487
4.7537785,20.280373,9.867307,380,3.9176650225012426
4.7989273,20.262096,9.768855,381,3.894010652466391
4.769774,20.236036,9.855381,382,3.8911007593068043
4.8233976,20.23983,9.707865,383,3.902855240361493
4.9413342,20.336086,9.681659,384,3.9275962399184703
4.885192,20.225458,9.721695,385,3.9217218026196528
4.907457,20.273033,9.741729,386,3.923948782771767
4.9792504,20.365818,9.703531,387,3.9517582346432527
4.9271455,20.293325,9.728193,388,3.94620490916289
4.9816117,20.348597,9.548192,389,3.9955669362601096
4.9366617,20.360016,9.655503,390,4.215824089636434
5.0992723,20.345276,9.703708,391,4.255797472525184
5.0940905,20.333786,9.704092,392,4.251951127766208
5.0245247,20.26382,9.646564,393,4.192990376222162
5.2174807,20.383234,9.456552,394,4.174730513466759
5.332785,20.630713,9.705242,395,4.117146251510606
5.2840075,20.440216,9.61982,396,4.077681189458525
5.2902303,20.39815,9.548597,397,4.06755523094605
5.3550444,20.36676,9.55074,398,4.0714754891193925
5.316822,20.301064,9.658547,399,4.092634582146255
5.297683,20.231241,9.692292,400,4.079186395749006
5.2755485,20.305365,9.726016,401,4.073239003183593
5.3370905,20.479883,9.5293455,402,4.075316971462328
5.2736955,20.420595,9.530812,403,4.039849906803112
5.1517997,20.267723,9.651827,404,4.040509692828752
5.2961035,20.267105,9.681674,405,3.9721539380884
5.3161125,20.358881,9.699787,406,3.964754828636037
5.4155436,20.585295,9.633524,407,3.939704237925762
5.2252517,20.518528,9.572135,408,3.9566355029680507
5.4442263,20.474136,9.614031,409,3.918138454759965
5.4218016,20.471601,9.505903,410,3.9210719644410017
5.4491005,20.392864,9.730791,411,3.7861834030742476
5.6147294,20.473577,9.39091,412,3.7934541154957873
5.6189127,20.37595,9.554022,413,3.753328025393083
5.5558352,20.253462,9.630203,414,3.7417105257878527
5.5145383,20.585953,9.802656,415,3.594223290186101
5.884625,20.574265,9.653455,416,3.5912074211807505
5.685301,20.462566,9.742423,417,3.391596230526912
5.5145097,20.288706,10.013241,418,3.3216747240939344
5.685069,20.45892,9.785633,419,3.3852598127277016
5.6531386,20.578703,10.03191,420,3.3816261961835483
5.6114087,20.376919,9.911602,421,3.3230159851738823
5.548721,20.581928,10.300311,422,3.3280300234185143
5.39678,20.365868,9.946347,423,3.2785354625653236
5.61534,20.518848,10.069434,424,3.253063916896735
5.4567637,20.39273,10.179744,425,3.2493557626695893
5.5162177,20.454891,10.262025,426,3.2551913646858135
5.2821984,20.40662,10.112732,427,3.278685376849103
5.3977404,20.493217,10.394374,428,3.291801799500585
5.4914174,20.472036,10.194349,429,3.2678952056695105
5.4951077,20.419836,10.235697,430,3.3182936651206196
5.655055,20.42878,10.397199,431,3.3274845455947277
5.4799933,20.43083,10.267754,432,3.3445134618566725
5.6916175,20.468971,10.323512,433,3.3691106630142245
5.5908327,20.454905,10.313511,434,3.3751477267031706
5.6299467,20.348665,10.240373,435,3.3578187908073964
5.8407474,20.389585,10.185536,436,3.361998639370837
5.9100876,20.475098,10.234353,437,3.404892656199711
5.7405243,20.381744,10.172023,438,3.4232100813269817
5.805079,20.396814,10.258303,439,3.381567142512439
5.8230033,20.52368,10.520717,440,3.3870204313340393
5.8175755,20.425407,10.1754465,441,3.3670195090031325
5.8754797,20.18476,10.078712,442,3.3856178141775257
5.7249045,20.32539,10.131357,443,3.424207975412318
5.9611855,20.61269,10.232587,444,3.471183507099337
5.9793596,20.505072,10.257105,445,3.4574001720278726
6.108711,20.574821,10.146055,446,3.4567221248125746
5.850944,20.504126,10.246812,447,3.4851597958860814
5.9282823,20.526035,10.384333,448,3.476108343165479
6.0675464,20.479418,10.084269,449,3.453507953073006
6.103834,20.497303,10.122222,450,3.518115577670698
6.189193,20.657827,10.054803,451,3.495833766096931
6.2053595,20.599995,10.059074,452,3.4966632656277294
6.111141,20.493454,10.174476,453,3.4575256731356987
6.290348,20.436678,10.269023,454,3.4106305865744386
6.4594164,20.5147,10.186792,455,3.38563326597585
6.3158474,20.589464,10.132579,456,3.370874636189138
6.224557,20.436285,10.005481,457,3.3734422970294067
6.2686157,20.563122,9.99512,458,3.373158606587784
6.290018,20.47467,10.04882,459,3.375221137912297
6.3456926,20.315355,9.887978,460,3.372927175941452
6.398618,20.629055,9.94232,461,3.3984331990784584
6.2474246,20.301565,9.893219,462,3.4017188834972623
6.364937,20.646452,10.300042,463,3.427577081863435
6.4670763,20.518696,10.06846,464,3.4205207260990775
6.292515,20.614859,9.881364,465,3.42027911956491
6.4088745,20.704943,9.915339,466,3.43893803425775
6.4143653,20.550543,9.981726,467,3.4423146649066467
6.4158993,20.473606,9.748414,468,3.4540974345913344
6.3646107,20.10773,9.946977,469,3.473661374975108
6.393415,20.511356,9.730749,470,3.4819038648995573
6.4204655,20.540573,9.705016,471,3.482124342821238
6.4051414,20.500814,9.611232,472,3.4979493060807516
6.359851,20.404003,9.636436,473,3.4940963968221745
6.1900735,20.507677,9.772808,474,3.5421509217277247
6.413844,20.73652,9.727919,475,3.5325291136798738
6.437957,20.584806,9.445772,476,3.5364054719834717
6.2193294,20.481895,9.526835,477,3.568378046518777
6.238859,20.504908,9.619563,478,3.572368200567696
6.247431,20.602259,9.340234,479,3.579110657322381
6.4071336,20.57636,9.228597,480,3.6131612397586186
6.248614,20.401665,9.478075,481,3.6220668268093963
6.2474117,20.449755,9.412598,482,3.6214715798384205
6.487566,20.42721,9.535771,483,3.6293171242343907
6.2810793,20.537617,9.208115,484,3.664889489137473
6.475928,20.54493,9.490252,485,3.6814620793786963
6.3391433,20.6332,9.1406145,486,3.696903020291195
6.2103977,20.715899,9.3947935,487,3.6987515919949616
6.390933,20.607477,9.229297,488,3.709061883752406
6.4532866,20.684263,9.171576,489,3.699287693809273
6.318001,20.597294,9.291396,490,3.705092751511347
6.3292003,20.693056,9.285473,491,3.7152068798993785
6.234484,20.461758,9.135266,492,3.738474766005989
6.0958924,20.559881,9.11146,493,3.7247067067461326
6.283775,20.738039,9.059452,494,3.722546414133444
6.3147435,20.813505,9.083881,495,3.7375103922663415
6.252549,20.722765,8.909359,496,3.7379262649830043
6.2933373,20.64666,9.051344,497,3.7592961848748123
6.480301,20.567554,8.908964,498,3.7578521230927966
6.816028,20.697155,8.829769,499,3.7399041277215708
6.2909174,20.751396,8.708301,500,3.746394194985026
6.541364,20.752861,8.755807,501,3.7551389848551087
6.4178915,20.660252,8.902132,502,3.7606076171780694
6.218675,20.65546,8.734844,503,3.7574755410687537
6.5900226,20.88222,8.734821,504,3.784435122669914
6.6828876,21.021814,8.585932,505,3.7859572385054014
6.252509,20.797382,8.729937,506,3.794017007808271
6.419872,20.88737,8.842415,507,3.7943462925959883
6.406172,20.766333,8.736517,508,3.796270964139189
6.324782,20.82313,8.612551,509,3.7749373560516895
6.261603,20.923782,8.251129,510,3.777844199352386
6.1979866,20.746252,8.674225,511,3.75478047303837
6.2133174,20.84599,8.643307,512,3.7563443120602216
6.3150997,20.714209,8.718534,513,3.7707274493486675
6.35959,20.668526,8.6473675,514,3.754600574460296
6.3411818,20.657171,8.7522955,515,3.7601274610996795
6.502338,20.950035,8.523728,516,3.770118319480184
6.7347083,20.856813,8.831676,517,3.7707996696402186
6.3297825,20.710812,8.38367,518,3.76825371424644
6.446142,20.871042,8.449711,519,3.770818369916274
6.5706086,20.825333,8.510353,520,3.780650875841599
6.304995,20.851372,8.516786,521,3.778805356794398
6.3643117,20.781654,8.619164,522,3.803788705913577
6.412164,20.694502,8.420514,523,3.826080856438797
6.3870416,20.86886,8.5670395,524,3.8243258350727096
6.2992196,20.703392,8.425202,525,3.838040994074911
6.193082,20.861612,8.351946,526,3.8393194118515614
6.616801,20.858608,8.360359,527,3.827653150743434
6.4804597,21.001732,8.313611,528,3.8367682900614923
6.3337073,20.810959,8.377903,529,3.8231554935902667
6.2345777,20.8364,8.184149,530,3.8219626834051805
6.4401417,20.7914,8.16453,531,3.8191196881443057
6.353305,20.77185,8.265696,532,3.8212109765372606
6.2114797,20.996437,8.163182,533,3.8309237891797685
6.373368,20.873976,8.081308,534,3.812530088915913
6.3912377,20.837578,8.067034,535,3.797448832063421
6.315563,20.908306,7.9892898,536,3.7973253487692404
6.410789,20.837315,8.136685,537,3.77493887750912
6.4330525,20.856901,8.159561,538,3.7634438738301075
6.4649262,20.882608,8.075433,539,3.7396084736215407
6.438474,20.939106,8.036602,540,3.7536504471656778
6.4473834,20.895624,8.054956,541,3.768217965034071
6.4200215,20.831266,8.115123,542,3.7712132724073504
6.5856814,20.916513,8.156225,543,3.755472318498745
6.6210184,20.770819,8.165156,544,3.7592049559994516
6.598198,20.847162,8.094973,545,3.7393543203640234
6.500588,20.968937,8.042249,546,3.7426834442071915
6.563639,20.85739,8.124223,547,3.744386039392465
6.6536865,20.88833,8.19552,548,3.7522443615177576
6.781063,20.85007,8.151346,549,3.7496201150025663
6.818765,20.928053,8.291122,550,3.750770870166663
6.659593,20.845343,8.226131,551,3.7411144719577965
6.898365,20.866018,8.318435,552,3.7432296083154517
6.8262777,20.937456,8.257091,553,3.7580808965706995
6.8686604,20.911203,8.2125435,554,3.7589923666329277
6.9137573,20.816753,8.432459,555,3.7729977037162663
6.8962655,20.875057,8.364385,556,3.755367386458207
6.892606,20.923918,8.414927,557,3.7318923056264546
6.9970913,20.938667,8.376542,558,3.7224086744191416
7.17657,20.961515,8.331486,559,3.7257588822874084
7.2557716,21.048954,8.331457,560,3.729288456063911
7.4237776,21.025965,8.40578,561,3.718870906036151
7.3403606,20.969297,8.415603,562,3.7148359358597465
7.517606,21.064678,8.460956,563,3.723894271632778
7.5599356,21.04327,8.442329,564,3.729077152625755
7.759165,21.079384,8.472484,565,3.72655396034027
7.7347736,21.101547,8.525214,566,3.730226060857963
7.786195,20.999544,8.621896,567,3.7105972099015534
7.819556,21.057354,8.569246,568,3.704172954071555
7.8549275,21.091198,8.530577,569,3.706868163726035
7.846224,21.087698,8.568346,570,3.742279426960816
7.7866755,21.088379,8.518806,571,3.7243358168686473
7.9753985,21.168531,8.61686,572,3.7196973459772167
8.01748,21.12552,8.604287,573,3.708992021988217
8.04078,21.040085,8.799837,574,3.693403615287091
7.958895,21.053741,8.641673,575,3.6974446578157547
8.253488,21.118334,8.727041,576,3.687114410360741
8.128222,21.175287,8.637204,577,3.6791641282514584
8.055626,21.084438,8.692049,578,3.6827163559511944
8.156904,21.134018,8.734247,579,3.715312255467963
8.149979,21.06881,8.721278,580,3.719192608055789
8.213887,21.159393,8.722944,581,3.737501265938177
8.326342,21.108637,8.820219,582,3.74202253342709
8.243417,21.177004,8.6938925,583,3.7449307666182503
8.384203,21.234308,8.753642,584,3.7470863815632955
8.482381,20.949594,8.955103,585,3.751255644662378
8.486682,21.270674,9.003413,586,3.752716807602854
8.282785,21.160173,8.737011,587,3.7338722317332573
8.429149,21.175941,8.874268,588,3.71926178607966
8.362388,21.062275,8.931597,589,3.71011618249618
8.663977,21.24375,9.039111,590,3.7113939565713867
8.575948,21.167395,8.960212,591,3.702501582102705
8.575621,21.067278,9.182517,592,3.7214778520537943
8.608096,21.131214,9.073218,593,3.7239233297537786
8.689405,21.16743,9.144262,594,3.727578435794403
8.643462,21.178726,8.945483,595,3.749162185479834
8.837997,21.305334,9.048634,596,3.748244025940331
8.616845,21.239704,8.919816,597,3.749503225346598
8.712006,21.291761,8.967624,598,3.7465764248509985
8.932792,21.30592,9.116492,599,3.744591202187058
8.822712,21.281672,9.071197,600,3.736816982513011
8.715707,21.313358,8.904105,601,3.7375799957494817
9.017777,21.406744,9.273558,602,3.7395982182477505
9.047189,21.3297,9.212684,603,3.7551451322165015
8.905065,21.421894,9.339484,604,3.761998784810951
9.023033,21.44524,9.163318,605,3.7544688019683035
8.899393,21.329554,9.124182,606,3.7790636077446718
9.038533,21.434504,9.206311,607,3.7776037686925346
9.119252,21.340302,9.330112,608,3.7740897515378196
9.060534,21.438599,9.344823,609,3.8158338966938428
9.007466,21.398468,9.214958,610,3.8418671690141726
9.144252,21.433676,9.413656,611,3.8574825504123935
8.920349,21.309246,9.404375,612,3.8454950400983217
9.113522,21.31377,9.335825,613,3.8575502568374858
9.142902,21.403534,9.384418,614,3.8584532679144865
8.931104,21.16592,9.533129,615,3.8520978561659724
8.970501,21.474632,9.589172,616,3.8858184207710176
8.910375,21.270592,9.441468,617,3.9054446445676696
9.048374,21.430319,9.431698,618,3.9249862794064163
9.154492,21.318062,9.548212,619,3.9387441067684836
9.174813,21.539543,9.530326,620,3.941063564992364
9.25832,21.502861,9.488923,621,3.9381053101545525
9.208076,21.498034,9.542619,622,3.951554981524357
9.264194,21.434881,9.662698,623,3.941396171688946
9.257654,21.360537,9.667885,624,3.9316965756881044
9.11522,21.426434,9.502505,625,3.9352838486115918
9.258906,21.466745,9.545082,626,3.9381360195337987
9.210002,21.291513,9.694763,627,3.929680328886587
9.099552,21.412172,9.691416,628,3.912329228762922
9.200511,21.358633,9.571042,629,3.9069425141995326
9.257055,21.385412,9.73179,630,3.9052677455556113
9.153428,21.45963,9.684294,631,3.8997179471606844
9.1960945,21.297138,9.774149,632,3.900408186393238
9.200352,21.407148,9.652933,633,3.8987502245028196
9.309289,21.370546,9.853445,634,3.884346557613693
9.213762,21.42685,9.662649,635,3.891106138545373
9.155398,21.31875,10.020593,636,3.894773915206816
9.211291,21.274897,10.064036,637,3.8991778558541537
9.318852,21.169565,10.003943,638,3.9050590540861045
9.163665,21.458237,9.878129,639,3.885170938017707
9.097797,21.20871,9.988068,640,3.873779458497328
9.047905,21.21334,10.2133045,641,3.870063770483622
8.989398,21.192566,10.0475645,642,3.8832826923304067
9.2568245,21.07719,10.17841,643,3.8898992182752328
9.111275,20.881601,10.1284485,644,3.885005129935604
9.130305,21.21557,10.139858,645,3.895618533899738
9.152101,21.287703,10.120223,646,3.9001813480644514
9.176767,21.116138,10.251057,647,3.8938975313708593
8.99791,21.236437,10.283266,648,3.903127844826924
9.181243,21.128363,10.169186,649,3.924674519333886
9.15139,21.276016,10.141323,650,3.9304258437463147
9.096596,21.194542,10.124322,651,3.934196133703685
9.108355,21.191061,10.12868,652,3.9327337416260777
9.12822,21.133831,10.179923,653,3.956452617933052
8.986862,21.001114,10.317093,654,3.9723350622315916
9.01932,20.835749,10.258061,655,3.9991997146198752
9.118308,20.919575,10.443691,656,3.999594948403958
9.168709,21.0918,10.331857,657,4.022716559037531
9.0904255,20.891037,10.264871,658,4.0244613458638
9.016325,21.003696,10.271987,659,4.038480056321764
9.076277,21.051973,10.381628,660,4.056904937509713
8.971195,20.89518,10.481845,661,4.066527963631332
9.08353,20.945688,10.427643,662,4.069848753304458
8.845456,21.025198,10.32301,663,4.07517250082817
8.985396,20.934471,10.451321,664,4.095202837133883
8.894347,20.96081,10.438735,665,4.100567408319266
8.789418,20.700119,10.4874525,666,4.100704141206187
8.898882,20.789963,10.633763,667,4.1048756719694595
8.936919,20.622978,10.616887,668,4.104713209432002
8.848345,20.796349,10.562345,669,4.110026631114536
8.812893,20.930397,10.517795,670,4.108892714465666
8.784597,20.779346,10.775059,671,4.1132890390912005
8.778054,20.674488,10.929152,672,4.137153358111342
8.655658,20.779482,10.649297,673,4.142935104581322
8.673188,20.742682,10.770272,674,4.14377349725385
8.77729,20.692526,10.692096,675,4.167404534869438
8.636394,20.612406,10.757582,676,4.178395366200748
8.869654,20.779772,10.628515,677,4.191303999061088
8.803291,20.625397,10.753684,678,4.21368247186268
8.686277,20.620035,10.712237,679,4.229838461565874
8.655813,20.70341,10.745868,680,4.230952104898345
8.652131,20.70536,10.900901,681,4.232368859139785
8.678884,20.55204,10.763829,682,4.234533120878875
8.714454,20.5591,10.718253,683,4.242462072600823
8.663373,20.437338,10.905554,684,4.245380554632146
8.594558,20.520742,10.841797,685,4.230624360094924
8.622485,20.52593,10.801233,686,4.229982640161038
8.673822,20.598715,10.775244,687,4.225322091196877
8.79467,20.423187,11.124089,688,4.229233946231489
8.498475,20.60293,10.81169,689,4.215748025616414
8.505071,20.602655,10.848263,690,4.228088723406999
8.59379,20.477198,10.731424,691,4.228973003453349
8.564352,20.508802,10.773877,692,4.224065372514937
8.479932,20.619799,10.913252,693,4.2237877060723035
8.18944,20.450006,10.885157,694,4.242655740256073
8.320855,20.514366,10.975404,695,4.237902859837086
8.473096,20.37738,11.026166,696,4.243766491646435
8.591764,20.4968,11.017912,697,4.233673177600821
8.2893305,19.946003,11.015267,698,4.236540132350517
8.493921,20.36035,10.901553,699,4.2148986717071555
8.390962,20.4706,11.22698,700,4.205364481351474
8.496446,20.29927,11.152729,701,4.188304965668308
8.356696,20.505667,10.964949,702,4.174020537991888
8.358446,20.143215,10.980478,703,4.152512734015575
8.466179,20.402246,11.03799,704,4.160341488536994
8.311398,20.379337,11.076311,705,4.136102770358191
8.255566,20.296392,11.109899,706,4.131486753366265
8.355819,20.274313,11.245344,707,4.127227989868584
8.256903,20.290462,11.354039,708,4.126981314404516
8.379726,20.06845,11.108918,709,4.123737287388096
8.274571,20.163982,11.200335,710,4.120894673553733
8.19538,20.330057,11.31253,711,4.129965701454029
8.314947,20.05052,11.36278,712,4.150108708461602
8.264543,20.187025,11.41663,713,4.166633758500823
8.183617,20.25205,11.541925,714,4.147652727725757
7.844415,20.205692,11.554727,715,4.147426032493967
8.158124,20.274542,11.440524,716,4.153826060148854
7.989482,20.160511,11.689345,717,4.1362677513157955
8.186916,20.052582,11.71799,718,4.127311536875669
8.199913,19.96874,11.585216,719,4.097402567858777
7.978813,20.191526,11.75367,720,4.097875571036718
8.006758,20.23502,11.6967,721,4.100992915725343
8.068781,20.270252,11.68267,722,4.102283340779298
8.116196,20.195974,11.654889,723,4.10877821564
8.354454,20.061823,11.813439,724,4.095093679473337
8.002177,20.144482,11.817667,725,4.093197283659113
8.1965475,19.931171,11.851686,726,4.097358914552143
8.078253,20.176216,11.792145,727,4.1057658465290725
7.8697915,20.100546,11.8592825,728,4.109625684178455
7.8308177,20.053242,11.934816,729,4.100526420171679
7.9742703,20.02293,11.985409,730,4.1115702412369215
7.8992076,19.694466,11.603649,731,4.128115000769726
7.657568,20.00144,11.888786,732,4.128824282591199
7.4978514,19.986025,11.881948,733,4.137906944341636
7.891517,19.95384,11.984201,734,4.146939475789159
7.9448795,19.93596,11.950459,735,4.150620200829
8.02724,19.6594,11.842041,736,4.152315222544067
7.9593253,19.985674,11.97138,737,4.161524483799705
7.916578,19.985624,11.917788,738,4.166160085259582
8.004925,19.921595,12.095039,739,4.165811463323492
8.211261,20.051405,12.148523,740,4.16750011490367
8.089035,19.894722,11.965316,741,4.188104136960172
8.212141,19.932615,12.046282,742,4.187993242350426
8.085161,20.224352,12.116889,743,4.199093552927645
8.056783,19.88587,12.029289,744,4.2085311515762
7.9978914,20.272762,11.989739,745,4.220613268773298
8.146821,19.77928,12.025021,746,4.227355962495456
8.348809,19.308455,11.7316675,747,4.231509780412991
8.188066,19.34533,11.862358,748,4.22716128806408
8.154368,19.38033,12.0284815,749,4.220681853612332
7.9272904,19.835733,11.700115,750,4.239825421659139
7.970889,19.570429,11.9725895,751,4.24247033724342
8.307857,19.797657,12.0350275,752,4.241222285225945
8.176696,20.102457,12.218383,753,4.24655829425061
8.306733,19.977371,12.150342,754,4.242440326948409
8.414144,19.788355,12.177101,755,4.243487098709496
8.410857,19.835117,12.279086,756,4.23444752891438
8.384617,19.705124,12.153278,757,4.229829984260712
7.938573,19.688448,12.155735,758,4.228255575663231
7.98334,19.773119,12.265456,759,4.235639194257124
8.034141,19.56989,12.163858,760,4.2288248870210925
7.9594555,19.56217,12.158835,761,4.2243630265124015
8.059413,19.288164,12.143622,762,4.216076419534805
8.010955,19.52787,12.333004,763,4.224915961219931
8.088563,19.595524,12.301413,764,4.225188741160434
7.7470245,19.537575,12.067724,765,4.198442775640545
8.09545,19.569555,12.427114,766,4.188838441669734
8.183009,19.550388,12.403546,767,4.179737986999505
8.074972,19.257366,12.036886,768,4.174267447478492
8.542432,19.186396,11.924754,769,4.170957995514585
8.249103,19.496613,12.322714,770,4.175906906893576
8.167857,19.216793,12.061871,771,4.18321154740295
8.254996,19.233242,11.656368,772,4.1761608060412065
8.325938,19.461824,12.350487,773,4.183225869511297
8.229263,19.309143,12.162329,774,4.181220054138529
8.253851,19.511011,12.385528,775,4.169709941220775
8.390323,19.428457,12.406051,776,4.1706848257444955
8.266692,19.422033,12.405275,777,4.165591427284872
8.2695055,19.537142,12.346036,778,4.153017221633958
8.592334,19.479357,12.047633,779,4.147803717815717
8.352326,19.482353,12.26676,780,4.118174149704125
8.464002,19.379719,12.077534,781,4.109698258264563
8.650833,19.676779,11.92752,782,4.109529376182945
8.517393,19.491564,12.22484,783,4.117689296004714
8.482166,19.437576,12.35868,784,4.114052625064344
8.479725,19.370916,12.338915,785,4.1157861507633235
8.66407,19.526613,12.047186,786,4.124390936409396
8.4713125,19.358845,12.253268,787,4.131370534060975
8.571308,19.297054,12.332462,788,4.131799613357246
8.420314,19.178831,12.257805,789,4.141499549703785
8.418498,19.114645,12.197217,790,4.136602925781853
8.659635,19.26779,12.296822,791,4.126675536347681
8.6246,19.25706,12.291425,792,4.132126049714192
8.571447,19.269636,12.175726,793,4.128727039607138
8.580137,19.213247,12.1488905,794,4.135427631119454
8.543317,19.053743,12.169093,795,4.118023879524748
8.588949,19.109049,11.989318,796,4.094135542335879
8.611812,19.243164,12.249536,797,4.062780403690902
8.577272,19.113394,12.202386,798,4.065282979929835
8.580911,19.081554,12.097737,799,4.061555082170678
8.526568,19.03246,12.041317,800,4.062787679040983
8.467377,18.999792,12.111885,801,4.018858366590719
8.371062,18.913881,11.966786,802,3.9664973171879425
8.474056,18.835342,11.984508,803,3.9392303851139974
8.42652,18.7487,11.84097,804,3.9018938144336124
8.46485,18.818932,11.930007,805,3.87428570564017
8.588964,18.860779,11.347188,806,3.877839986856087
8.440404,18.870342,11.901438,807,3.8375548350575803
8.537189,18.967651,11.682815,808,3.774595516515736
8.420851,18.639418,11.653018,809,3.7227500823413715
8.300107,18.768585,11.754109,810,3.6583622991846383
8.379171,18.78437,11.887323,811,3.635697651879466
8.331234,18.7799,11.537746,812,3.637556296976823
8.242641,18.644749,11.667521,813,3.6370795661702764
8.266047,18.72594,11.595008,814,3.6185135949296034
8.220437,18.756433,11.665958,815,3.598004645117807
8.346315,18.812262,11.55923,816,3.572941118222166
8.320851,18.63611,11.642799,817,3.5606549860089687
8.193265,18.578722,11.52479,818,3.5619251496677746
8.208774,18.705835,11.735628,819,3.519716147502104
8.248956,18.611916,11.547996,820,3.5025525260952817
8.125407,18.604855,11.4320755,821,3.4829664887301774
8.212267,18.645721,11.521548,822,3.4826736612859257
8.123127,18.553682,11.396942,823,3.473621269163896
8.206262,18.608196,11.592062,824,3.4745397353524288
8.184982,18.597128,11.60893,825,3.4597581966881465
8.179772,18.610746,11.440363,826,3.4559272811630866
8.1226,18.63211,11.435947,827,3.4180547592942627
8.21343,18.521118,11.426196,828,3.4341775857216423
8.16363,18.565596,11.423755,829,3.428354386679616
8.154242,18.586618,11.332341,830,3.424540924649845
8.230686,18.614904,11.33056,831,3.4435547789765613
8.092968,18.590586,11.167306,832,3.451069682829258
8.1480255,18.700808,11.272321,833,3.430125861609141
8.096618,18.57381,11.189647,834,3.437164980182413
8.114904,18.628162,11.115838,835,3.418929750065058
8.199645,18.602793,11.096463,836,3.4152643119821673
8.164933,18.680325,10.986152,837,3.421573500567412
8.061775,18.7119,10.951842,838,3.3941363168172956
8.112284,18.71373,10.913774,839,3.393997964178295
8.157188,18.703613,10.959263,840,3.3651958929981642
8.191161,18.787045,10.817407,841,3.3721244166238793
8.160294,18.823187,10.719328,842,3.3733438230133954
8.163593,18.916183,10.628866,843,3.3759839841012633
8.088699,18.738596,10.882299,844,3.357813999054815
8.226707,18.916145,10.66227,845,3.352693258987452
8.195709,18.942837,10.534371,846,3.3532774956017737
8.188491,18.881699,10.588545,847,3.3635262322071586
8.220116,18.941422,10.516043,848,3.361806049750281
8.242678,18.984001,10.606926,849,3.3424849487996835
8.245399,19.08017,10.403752,850,3.349585126005972
8.346855,19.059065,10.523936,851,3.342930173882383
8.293339,19.11074,10.428287,852,3.3325835131885375
8.370049,19.056036,10.458784,853,3.3527354722406946
8.318658,19.059626,10.460055,854,3.34871342429925
8.358649,19.135157,10.382798,855,3.3219049954433064
8.48814,19.22759,10.467308,856,3.336451950190525
8.470188,19.158491,10.48546,857,3.329599750479626
8.520667,19.18905,10.403416,858,3.318020204522834
8.612307,19.275831,10.465041,859,3.348413043234496
8.524371,19.166277,10.465545,860,3.354949177764313
8.734453,19.207586,10.555004,861,3.320198875771115
8.627749,19.263033,10.427688,862,3.3070154109962506
8.64206,19.312925,10.503294,863,3.2774846422709154
8.74078,19.217216,10.483848,864,3.2711923505637936
8.6849375,19.278944,10.452053,865,3.244528858679425
8.736396,19.335377,10.438932,866,3.2481550543715345
8.918111,19.373146,10.672903,867,3.2174573742752335
8.976625,19.416817,10.711638,868,3.179000573491312
8.867098,19.399637,10.63221,869,3.136865371921006
8.926183,19.374722,10.667976,870,3.1063292198878467
8.89031,19.398376,10.52623,871,3.1043062251297004
8.895231,19.348152,10.631163,872,3.1053076993431623
9.039175,19.395325,10.8725815,873,3.1128974773033207
8.859212,19.351156,10.644567,874,3.077326018867984
8.97612,19.348087,10.763543,875,3.0656232852400094
8.953776,19.470737,10.748918,876,3.0582628437347688
9.022034,19.338728,10.935562,877,3.020931782410774
9.038752,19.325438,10.87118,878,3.0268506467312193
9.052063,19.4206,10.985704,879,2.9993843834327962
9.056619,19.448637,11.093531,880,2.9798322633425056
9.092714,19.400093,10.9697695,881,2.9349798595079766
9.080057,19.39944,11.002848,882,2.90576036410308
9.097575,19.4638,11.04094,883,2.884375356910615
9.091195,19.431173,11.142262,884,2.8969541537863037
9.03866,19.492846,11.211013,885,2.842890454521855
9.032491,19.572346,11.4025,886,2.824726448272004
9.065755,19.515362,11.249218,887,2.7891623429568777
9.027413,19.669117,11.367956,888,2.7785273047841326
9.098292,19.742641,11.276678,889,2.7801340467184703
9.065318,19.691303,11.348826,890,2.77901764841068
9.0868,19.622467,11.26788,891,2.7444641383074564
9.002136,19.69369,11.277585,892,2.710704268377453
9.098295,19.79499,11.318084,893,2.670209844723516
8.99192,19.740835,11.464041,894,2.6311601665250017
9.072626,19.943718,11.332589,895,2.606719061753251
9.00509,19.886198,11.423209,896,2.611136666073497
9.06844,19.964886,11.363842,897,2.6050657196250815
8.986091,19.997498,11.299948,898,2.5464499224491366
9.063174,20.07605,11.409947,899,2.498401262905007
