session_id,region,n_units,n_frames,pca_components,variance_explained,umap_shape,status,csv_file
715093703,APN,26,900,26.0,1.0000000000000002,900×3,success,APN_session715093703_umap_3d.csv
715093703,CA1,145,900,50.0,0.5669430746151196,900×3,success,CA1_session715093703_umap_3d.csv
715093703,CA3,14,900,14.0,0.9999999999999999,900×3,success,CA3_session715093703_umap_3d.csv
715093703,DG,26,900,26.0,1.0,900×3,success,DG_session715093703_umap_3d.csv
715093703,LGd,82,900,50.0,0.8611374656087034,900×3,success,LGd_session715093703_umap_3d.csv
715093703,LP,139,900,50.0,0.6938354302976979,900×3,success,LP_session715093703_umap_3d.csv
715093703,PO,76,900,50.0,0.7963524961632427,900×3,success,PO_session715093703_umap_3d.csv
715093703,PoT,1,0,,,N/A,skipped_too_few_units,
715093703,VISam,30,900,30.0,0.9999999999999999,900×3,success,VISam_session715093703_umap_3d.csv
715093703,VISl,42,900,42.0,1.0,900×3,success,VISl_session715093703_umap_3d.csv
715093703,VISp,60,900,50.0,0.9657907614568746,900×3,success,VISp_session715093703_umap_3d.csv
715093703,VISpm,50,900,50.0,1.0,900×3,success,VISpm_session715093703_umap_3d.csv
715093703,VISrl,76,900,50.0,0.8947031821246362,900×3,success,VISrl_session715093703_umap_3d.csv
715093703,grey,117,900,50.0,0.6413060243957858,900×3,success,grey_session715093703_umap_3d.csv
719161530,APN,176,900,50.0,0.5747981774129116,900×3,success,APN_session719161530_umap_3d.csv
719161530,CA1,108,900,50.0,0.6818288995961674,900×3,success,CA1_session719161530_umap_3d.csv
719161530,CA3,14,900,14.0,0.9999999999999999,900×3,success,CA3_session719161530_umap_3d.csv
719161530,DG,14,900,14.0,1.0,900×3,success,DG_session719161530_umap_3d.csv
719161530,Eth,1,0,,,N/A,skipped_too_few_units,
719161530,LGd,71,900,50.0,0.8915429324364448,900×3,success,LGd_session719161530_umap_3d.csv
719161530,LP,28,900,28.0,0.9999999999999999,900×3,success,LP_session719161530_umap_3d.csv
719161530,NOT,16,900,16.0,1.0,900×3,success,NOT_session719161530_umap_3d.csv
719161530,PO,5,0,,,N/A,skipped_too_few_units,
719161530,POL,55,900,50.0,0.9684232477721074,900×3,success,POL_session719161530_umap_3d.csv
719161530,SUB,42,900,42.0,1.0000000000000002,900×3,success,SUB_session719161530_umap_3d.csv
719161530,TH,9,0,,,N/A,skipped_too_few_units,
719161530,VISal,9,0,,,N/A,skipped_too_few_units,
719161530,VISam,37,900,37.0,1.0000000000000002,900×3,success,VISam_session719161530_umap_3d.csv
719161530,VISl,40,900,40.0,0.9999999999999998,900×3,success,VISl_session719161530_umap_3d.csv
719161530,VISp,52,900,50.0,0.9932771560815286,900×3,success,VISp_session719161530_umap_3d.csv
719161530,VISpm,18,900,18.0,1.0000000000000002,900×3,success,VISpm_session719161530_umap_3d.csv
719161530,VISrl,10,900,10.0,1.0,900×3,success,VISrl_session719161530_umap_3d.csv
719161530,VL,7,0,,,N/A,skipped_too_few_units,
719161530,VPM,24,900,24.0,1.0,900×3,success,VPM_session719161530_umap_3d.csv
719161530,grey,19,900,19.0,1.0000000000000002,900×3,success,grey_session719161530_umap_3d.csv
721123822,APN,10,900,10.0,0.9999999999999998,900×3,success,APN_session721123822_umap_3d.csv
721123822,CA1,71,900,50.0,0.8312469891571944,900×3,success,CA1_session721123822_umap_3d.csv
721123822,CA3,10,900,10.0,1.0,900×3,success,CA3_session721123822_umap_3d.csv
721123822,DG,41,900,41.0,0.9999999999999999,900×3,success,DG_session721123822_umap_3d.csv
721123822,LGv,11,900,11.0,0.9999999999999999,900×3,success,LGv_session721123822_umap_3d.csv
721123822,LP,69,900,50.0,0.9117424723038289,900×3,success,LP_session721123822_umap_3d.csv
721123822,MB,5,0,,,N/A,skipped_too_few_units,
721123822,POL,3,0,,,N/A,skipped_too_few_units,
721123822,SCig,10,900,10.0,1.0000000000000002,900×3,success,SCig_session721123822_umap_3d.csv
721123822,VIS,24,900,24.0,0.9999999999999998,900×3,success,VIS_session721123822_umap_3d.csv
721123822,VISal,37,900,37.0,0.9999999999999999,900×3,success,VISal_session721123822_umap_3d.csv
721123822,VISam,39,900,39.0,1.0,900×3,success,VISam_session721123822_umap_3d.csv
721123822,VISl,27,900,27.0,1.0,900×3,success,VISl_session721123822_umap_3d.csv
721123822,VISp,41,900,41.0,0.9999999999999999,900×3,success,VISp_session721123822_umap_3d.csv
721123822,VISrl,46,900,46.0,0.9999999999999997,900×3,success,VISrl_session721123822_umap_3d.csv
732592105,VISal,85,900,50.0,0.8759685280071403,900×3,success,VISal_session732592105_umap_3d.csv
732592105,VISl,40,900,40.0,1.0,900×3,success,VISl_session732592105_umap_3d.csv
732592105,VISp,110,900,50.0,0.8244139402015422,900×3,success,VISp_session732592105_umap_3d.csv
732592105,VISpm,66,900,50.0,0.9332016786842385,900×3,success,VISpm_session732592105_umap_3d.csv
732592105,VISrl,64,900,50.0,0.9208248909252692,900×3,success,VISrl_session732592105_umap_3d.csv
732592105,grey,459,900,50.0,0.403648325701563,900×3,success,grey_session732592105_umap_3d.csv
737581020,VISl,22,900,22.0,1.0,900×3,success,VISl_session737581020_umap_3d.csv
737581020,VISmma,16,900,16.0,1.0,900×3,success,VISmma_session737581020_umap_3d.csv
737581020,VISp,40,900,40.0,1.0,900×3,success,VISp_session737581020_umap_3d.csv
737581020,VISpm,13,900,13.0,1.0,900×3,success,VISpm_session737581020_umap_3d.csv
737581020,VISrl,67,900,50.0,0.9270353167198387,900×3,success,VISrl_session737581020_umap_3d.csv
737581020,grey,410,900,50.0,0.40641466183967,900×3,success,grey_session737581020_umap_3d.csv
739448407,VIS,97,900,50.0,0.8023914216638465,900×3,success,VIS_session739448407_umap_3d.csv
739448407,VISam,56,900,50.0,0.9714249571676117,900×3,success,VISam_session739448407_umap_3d.csv
739448407,VISl,36,900,36.0,0.9999999999999998,900×3,success,VISl_session739448407_umap_3d.csv
739448407,VISp,19,900,19.0,1.0000000000000002,900×3,success,VISp_session739448407_umap_3d.csv
739448407,VISrl,70,900,50.0,0.8622183453947331,900×3,success,VISrl_session739448407_umap_3d.csv
739448407,grey,347,900,50.0,0.40209744661909796,900×3,success,grey_session739448407_umap_3d.csv
742951821,VIS,108,900,50.0,0.7376112461324823,900×3,success,VIS_session742951821_umap_3d.csv
742951821,VISal,44,900,44.0,0.9999999999999998,900×3,success,VISal_session742951821_umap_3d.csv
742951821,VISl,52,900,50.0,0.9927941918700112,900×3,success,VISl_session742951821_umap_3d.csv
742951821,VISp,33,900,33.0,1.0,900×3,success,VISp_session742951821_umap_3d.csv
742951821,VISpm,23,900,23.0,1.0000000000000002,900×3,success,VISpm_session742951821_umap_3d.csv
742951821,VISrl,79,900,50.0,0.8478752238479649,900×3,success,VISrl_session742951821_umap_3d.csv
742951821,grey,554,900,50.0,0.3201296697163065,900×3,success,grey_session742951821_umap_3d.csv
743475441,APN,34,900,34.0,1.0,900×3,success,APN_session743475441_umap_3d.csv
743475441,CA1,20,900,20.0,0.9999999999999999,900×3,success,CA1_session743475441_umap_3d.csv
743475441,CA3,5,0,,,N/A,skipped_too_few_units,
743475441,DG,12,900,12.0,1.0000000000000002,900×3,success,DG_session743475441_umap_3d.csv
743475441,Eth,5,0,,,N/A,skipped_too_few_units,
743475441,LGd,42,900,42.0,1.0,900×3,success,LGd_session743475441_umap_3d.csv
743475441,LP,131,900,50.0,0.6118945003345997,900×3,success,LP_session743475441_umap_3d.csv
743475441,MGv,10,900,10.0,1.0000000000000002,900×3,success,MGv_session743475441_umap_3d.csv
743475441,PIL,13,900,13.0,1.0,900×3,success,PIL_session743475441_umap_3d.csv
743475441,PO,17,900,17.0,1.0,900×3,success,PO_session743475441_umap_3d.csv
743475441,PP,12,900,12.0,1.0,900×3,success,PP_session743475441_umap_3d.csv
743475441,ProS,1,0,,,N/A,skipped_too_few_units,
743475441,SUB,22,900,22.0,0.9999999999999999,900×3,success,SUB_session743475441_umap_3d.csv
743475441,TH,2,0,,,N/A,skipped_too_few_units,
743475441,VISam,53,900,50.0,0.9853449306757793,900×3,success,VISam_session743475441_umap_3d.csv
743475441,VISl,19,900,19.0,1.0,900×3,success,VISl_session743475441_umap_3d.csv
743475441,VISmma,42,900,42.0,1.0,900×3,success,VISmma_session743475441_umap_3d.csv
743475441,VISp,45,900,45.0,1.0000000000000002,900×3,success,VISp_session743475441_umap_3d.csv
743475441,VISrl,68,900,50.0,0.8882319635910036,900×3,success,VISrl_session743475441_umap_3d.csv
744228101,APN,20,900,20.0,0.9999999999999999,900×3,success,APN_session744228101_umap_3d.csv
744228101,CA1,112,900,50.0,0.6509296759832907,900×3,success,CA1_session744228101_umap_3d.csv
744228101,CA2,1,0,,,N/A,skipped_too_few_units,
744228101,CA3,9,0,,,N/A,skipped_too_few_units,
744228101,DG,10,900,10.0,1.0000000000000002,900×3,success,DG_session744228101_umap_3d.csv
744228101,Eth,44,900,44.0,1.0000000000000002,900×3,success,Eth_session744228101_umap_3d.csv
744228101,IGL,13,900,13.0,0.9999999999999999,900×3,success,IGL_session744228101_umap_3d.csv
744228101,LGd,1,0,,,N/A,skipped_too_few_units,
744228101,LP,84,900,50.0,0.8008185336712439,900×3,success,LP_session744228101_umap_3d.csv
744228101,POL,9,0,,,N/A,skipped_too_few_units,
744228101,SGN,39,900,39.0,0.9999999999999999,900×3,success,SGN_session744228101_umap_3d.csv
744228101,SUB,34,900,34.0,1.0,900×3,success,SUB_session744228101_umap_3d.csv
744228101,TH,2,0,,,N/A,skipped_too_few_units,
744228101,VIS,147,900,50.0,0.6407982002420168,900×3,success,VIS_session744228101_umap_3d.csv
744228101,VISal,41,900,41.0,0.9999999999999999,900×3,success,VISal_session744228101_umap_3d.csv
744228101,VISl,26,900,26.0,1.0,900×3,success,VISl_session744228101_umap_3d.csv
744228101,VISp,35,900,35.0,0.9999999999999998,900×3,success,VISp_session744228101_umap_3d.csv
744228101,VISrl,26,900,26.0,1.0,900×3,success,VISrl_session744228101_umap_3d.csv
744228101,VPL,6,0,,,N/A,skipped_too_few_units,
746083955,CA1,7,0,,,N/A,skipped_too_few_units,
746083955,CA3,5,0,,,N/A,skipped_too_few_units,
746083955,LGd,34,900,34.0,0.9999999999999999,900×3,success,LGd_session746083955_umap_3d.csv
746083955,TH,2,0,,,N/A,skipped_too_few_units,
746083955,VISal,32,900,32.0,1.0,900×3,success,VISal_session746083955_umap_3d.csv
746083955,VISl,17,900,17.0,1.0000000000000002,900×3,success,VISl_session746083955_umap_3d.csv
746083955,VISp,14,900,14.0,1.0,900×3,success,VISp_session746083955_umap_3d.csv
746083955,VISpm,115,900,50.0,0.7855735122980485,900×3,success,VISpm_session746083955_umap_3d.csv
746083955,VISrl,35,900,35.0,1.0,900×3,success,VISrl_session746083955_umap_3d.csv
746083955,VPM,29,900,29.0,1.0,900×3,success,VPM_session746083955_umap_3d.csv
746083955,grey,292,900,50.0,0.445992177050283,900×3,success,grey_session746083955_umap_3d.csv
