session_id,frame,UMAP_1,UMAP_2,UMAP_3,region,n_units
744228101,0.0,1.6840264,8.512894,11.766327,SGN,39
744228101,1.0,2.973248,6.7038617,9.71472,SGN,39
744228101,2.0,1.892126,7.8467684,12.295501,SGN,39
744228101,3.0,2.4567413,8.755809,12.047243,SGN,39
744228101,4.0,1.4878381,7.2176237,11.728624,SGN,39
744228101,5.0,2.3182561,7.079726,11.902606,SGN,39
744228101,6.0,1.0558746,6.0862865,10.444018,SGN,39
744228101,7.0,3.1685257,8.318543,10.922818,SGN,39
744228101,8.0,2.7995784,6.8702145,10.052373,SGN,39
744228101,9.0,1.6017781,8.22091,11.346061,SGN,39
744228101,10.0,1.124328,6.9856524,10.009161,SGN,39
744228101,11.0,1.9778413,7.271564,9.47753,SGN,39
744228101,12.0,2.005136,7.0216956,12.393878,SGN,39
744228101,13.0,1.619574,6.9063993,11.030712,SGN,39
744228101,14.0,2.2106125,7.723188,10.5077715,SGN,39
744228101,15.0,2.3475592,7.7099147,10.988531,SGN,39
744228101,16.0,2.8358474,7.3178883,11.972938,SGN,39
744228101,17.0,3.1288424,6.753187,11.7545395,SGN,39
744228101,18.0,2.670758,6.170913,10.395217,SGN,39
744228101,19.0,1.1774071,6.4997525,10.83142,SGN,39
744228101,20.0,3.2052898,6.6290665,9.782463,SGN,39
744228101,21.0,0.4552544,6.9963384,11.132473,SGN,39
744228101,22.0,0.73083794,7.843488,11.437147,SGN,39
744228101,23.0,1.5940878,6.1881785,10.830601,SGN,39
744228101,24.0,3.2807548,6.9281206,9.8379755,SGN,39
744228101,25.0,2.1049852,8.09545,10.76876,SGN,39
744228101,26.0,1.6556252,6.326169,10.746633,SGN,39
744228101,27.0,1.7772814,6.11557,11.408865,SGN,39
744228101,28.0,2.449344,8.775436,11.975167,SGN,39
744228101,29.0,1.1737635,7.983003,10.898676,SGN,39
744228101,30.0,1.863524,5.8106837,11.158762,SGN,39
744228101,31.0,2.0157523,5.9289694,11.403416,SGN,39
744228101,32.0,1.9953252,6.525508,9.847454,SGN,39
744228101,33.0,2.3381,7.113415,11.070367,SGN,39
744228101,34.0,2.012277,5.8958745,10.428399,SGN,39
744228101,35.0,2.9017313,6.3366494,9.846423,SGN,39
744228101,36.0,0.6868129,7.1921296,11.677926,SGN,39
744228101,37.0,1.3261425,8.165127,11.047615,SGN,39
744228101,38.0,2.3712442,6.7582245,11.001392,SGN,39
744228101,39.0,2.1159642,6.484085,10.062424,SGN,39
744228101,40.0,2.1327667,6.245244,10.47841,SGN,39
744228101,41.0,1.19822,6.0438695,9.82707,SGN,39
744228101,42.0,1.8445674,5.98937,11.1580515,SGN,39
744228101,43.0,0.8440684,9.063012,11.130963,SGN,39
744228101,44.0,1.7636436,5.9613976,9.920851,SGN,39
744228101,45.0,1.514926,6.783217,11.935444,SGN,39
744228101,46.0,1.9410131,8.484085,11.868076,SGN,39
744228101,47.0,1.5013522,7.0001717,12.099635,SGN,39
744228101,48.0,1.8864075,7.0849996,10.204124,SGN,39
744228101,49.0,1.7387403,6.841063,12.170961,SGN,39
744228101,50.0,1.6937313,6.7166824,11.834125,SGN,39
744228101,51.0,0.7832174,6.0082846,10.471856,SGN,39
744228101,52.0,2.8234634,6.2371154,10.231871,SGN,39
744228101,53.0,2.5849545,6.877104,12.150405,SGN,39
744228101,54.0,3.1398487,6.7405367,10.75936,SGN,39
744228101,55.0,1.2215865,5.998389,10.757543,SGN,39
744228101,56.0,0.39017862,7.2733026,10.768527,SGN,39
744228101,57.0,1.4989604,7.290913,12.25518,SGN,39
744228101,58.0,0.9602898,6.46559,10.55067,SGN,39
744228101,59.0,2.1517565,5.9610286,10.220689,SGN,39
744228101,60.0,1.6881769,6.225476,11.55393,SGN,39
744228101,61.0,2.7400239,6.9709687,11.361206,SGN,39
744228101,62.0,1.1478224,6.1235743,11.009004,SGN,39
744228101,63.0,3.2224603,7.0054264,10.015048,SGN,39
744228101,64.0,2.7718143,7.7977777,10.047406,SGN,39
744228101,65.0,2.1079996,8.042904,9.756059,SGN,39
744228101,66.0,1.6672161,6.741056,9.427396,SGN,39
744228101,67.0,1.337068,8.901683,10.160878,SGN,39
744228101,68.0,1.0699835,8.122305,9.310153,SGN,39
744228101,69.0,1.0095048,6.9035254,9.405056,SGN,39
744228101,70.0,2.7653527,8.140347,10.681125,SGN,39
744228101,71.0,0.5505604,6.306449,10.36507,SGN,39
744228101,72.0,1.0563521,7.9866323,10.190964,SGN,39
744228101,73.0,1.0021584,8.702323,10.6077,SGN,39
744228101,74.0,1.8354815,6.33207,11.420407,SGN,39
744228101,75.0,0.91214454,8.293259,10.9535055,SGN,39
744228101,76.0,1.2708384,8.052123,11.263005,SGN,39
744228101,77.0,1.7613777,9.220737,10.679873,SGN,39
744228101,78.0,1.485929,9.348619,11.127693,SGN,39
744228101,79.0,1.2598457,8.045419,11.80135,SGN,39
744228101,80.0,1.664134,8.939886,11.614329,SGN,39
744228101,81.0,0.62127054,6.3050146,10.946375,SGN,39
744228101,82.0,2.0213826,7.924092,9.340124,SGN,39
744228101,83.0,1.9294124,7.998972,9.413176,SGN,39
744228101,84.0,2.4534996,8.814605,11.926569,SGN,39
744228101,85.0,1.9537926,8.724359,9.4164915,SGN,39
744228101,86.0,2.147951,9.407948,10.937272,SGN,39
744228101,87.0,1.4419084,8.792447,9.633299,SGN,39
744228101,88.0,0.691639,6.95427,9.629293,SGN,39
744228101,89.0,3.0535188,6.349986,11.433559,SGN,39
744228101,90.0,2.7847521,6.731096,11.992244,SGN,39
744228101,91.0,2.706035,7.0119586,9.185438,SGN,39
744228101,92.0,1.7217879,5.7975497,10.176314,SGN,39
744228101,93.0,3.2673817,6.7250204,9.827128,SGN,39
744228101,94.0,2.3614223,7.8702016,12.157384,SGN,39
744228101,95.0,3.1645768,7.091823,12.1089325,SGN,39
744228101,96.0,1.9725034,6.6355853,9.707255,SGN,39
744228101,97.0,1.5331272,7.187542,9.583671,SGN,39
744228101,98.0,1.1183292,7.8154464,10.323394,SGN,39
744228101,99.0,3.164484,7.2432556,12.162479,SGN,39
744228101,100.0,0.8634726,9.207208,10.719068,SGN,39
744228101,101.0,1.1770846,6.8185306,9.969492,SGN,39
744228101,102.0,2.2014024,6.502507,9.5365305,SGN,39
744228101,103.0,2.8870435,7.4637237,9.428129,SGN,39
744228101,104.0,0.466095,7.604581,10.768437,SGN,39
744228101,105.0,1.9793224,6.6804595,9.630193,SGN,39
744228101,106.0,2.1902559,6.8160024,9.681674,SGN,39
744228101,107.0,1.6237372,7.2908196,12.278019,SGN,39
744228101,108.0,1.0178772,6.4037986,10.365339,SGN,39
744228101,109.0,2.7114575,9.217607,10.443044,SGN,39
744228101,110.0,1.9602268,9.309828,10.048074,SGN,39
744228101,111.0,2.598822,7.0374904,9.417633,SGN,39
744228101,112.0,1.2613266,8.0297575,12.014044,SGN,39
744228101,113.0,1.2697717,6.801969,9.85936,SGN,39
744228101,114.0,0.69520146,7.150633,9.809276,SGN,39
744228101,115.0,1.1400428,8.297637,9.192516,SGN,39
744228101,116.0,0.37683403,7.9654856,10.027157,SGN,39
744228101,117.0,2.9153473,6.558139,11.913478,SGN,39
744228101,118.0,2.5840156,8.71211,10.62292,SGN,39
744228101,119.0,1.2460573,6.767357,11.119369,SGN,39
744228101,120.0,2.2044878,7.660975,11.932372,SGN,39
744228101,121.0,2.7241197,8.028113,11.808801,SGN,39
744228101,122.0,2.3508413,7.750141,10.360455,SGN,39
744228101,123.0,2.476329,6.8259964,10.716603,SGN,39
744228101,124.0,2.9779649,6.9854856,11.69467,SGN,39
744228101,125.0,2.7517002,6.843064,11.579642,SGN,39
744228101,126.0,1.0676758,6.321085,10.012323,SGN,39
744228101,127.0,2.1420097,6.973575,12.150217,SGN,39
744228101,128.0,2.1795065,7.963689,11.754788,SGN,39
744228101,129.0,2.7835274,6.413678,11.613204,SGN,39
744228101,130.0,2.8678358,6.542003,11.899281,SGN,39
744228101,131.0,2.9183984,6.4156733,10.590336,SGN,39
744228101,132.0,3.0911145,6.451301,10.931453,SGN,39
744228101,133.0,2.897966,6.534482,11.592876,SGN,39
744228101,134.0,2.7730293,6.8510094,10.881978,SGN,39
744228101,135.0,3.7862806,7.907315,11.599559,SGN,39
744228101,136.0,2.9485948,6.649207,11.220979,SGN,39
744228101,137.0,3.3889375,6.7100024,10.826503,SGN,39
744228101,138.0,2.7517207,6.3933034,11.367308,SGN,39
744228101,139.0,1.4855316,6.2195306,11.418118,SGN,39
744228101,140.0,1.1896704,6.0058155,10.510032,SGN,39
744228101,141.0,0.6175364,9.215701,10.844955,SGN,39
744228101,142.0,1.8369364,6.6699333,10.610027,SGN,39
744228101,143.0,0.5501451,9.052181,10.853731,SGN,39
744228101,144.0,0.8501819,8.15949,9.612513,SGN,39
744228101,145.0,0.7118522,9.270176,10.897237,SGN,39
744228101,146.0,0.1914521,7.866487,9.768203,SGN,39
744228101,147.0,1.3985503,8.206935,10.377793,SGN,39
744228101,148.0,2.7705777,9.09264,10.86579,SGN,39
744228101,149.0,0.5981131,8.334369,10.732495,SGN,39
744228101,150.0,1.4596462,7.5666842,9.096252,SGN,39
744228101,151.0,1.923694,7.737093,9.09743,SGN,39
744228101,152.0,0.3376729,8.735538,10.591258,SGN,39
744228101,153.0,2.9855065,9.1437,10.883891,SGN,39
744228101,154.0,2.9414747,8.545423,9.963803,SGN,39
744228101,155.0,1.8107121,9.196341,10.361738,SGN,39
744228101,156.0,0.49213037,8.617389,10.507123,SGN,39
744228101,157.0,3.5980668,7.270641,11.215205,SGN,39
744228101,158.0,1.5588493,9.182684,11.09237,SGN,39
744228101,159.0,1.0732124,8.913457,11.305788,SGN,39
744228101,160.0,1.2450628,8.913611,11.119423,SGN,39
744228101,161.0,1.5618132,8.671633,9.4689245,SGN,39
744228101,162.0,0.975211,8.275475,11.3942375,SGN,39
744228101,163.0,2.0683064,8.668956,9.598665,SGN,39
744228101,164.0,1.5787666,8.687947,10.378436,SGN,39
744228101,165.0,2.6050394,9.20702,10.438477,SGN,39
744228101,166.0,2.1650364,9.543637,10.772011,SGN,39
744228101,167.0,1.1045375,9.417148,10.876368,SGN,39
744228101,168.0,1.5612475,8.99739,11.400223,SGN,39
744228101,169.0,0.764014,8.607149,9.613619,SGN,39
744228101,170.0,1.1222677,8.84096,9.676697,SGN,39
744228101,171.0,1.6906278,8.057931,10.25808,SGN,39
744228101,172.0,0.99174225,7.9926667,10.839511,SGN,39
744228101,173.0,1.3232448,8.161485,10.872203,SGN,39
744228101,174.0,2.3769023,7.0162582,11.960234,SGN,39
744228101,175.0,2.0419526,6.8101215,11.701991,SGN,39
744228101,176.0,1.4075083,8.512259,10.553538,SGN,39
744228101,177.0,1.6943733,9.346285,10.885083,SGN,39
744228101,178.0,1.6895025,9.148276,11.573619,SGN,39
744228101,179.0,1.9322574,9.473895,10.923612,SGN,39
744228101,180.0,1.4487156,9.427944,10.854361,SGN,39
744228101,181.0,1.2503022,9.06714,10.055759,SGN,39
744228101,182.0,1.4409324,8.325023,9.3999815,SGN,39
744228101,183.0,1.821713,9.30252,11.181807,SGN,39
744228101,184.0,1.6724852,9.403859,10.940985,SGN,39
744228101,185.0,0.9011675,6.463287,9.562775,SGN,39
744228101,186.0,0.68812877,7.666986,9.950413,SGN,39
744228101,187.0,2.1475964,9.126665,11.428253,SGN,39
744228101,188.0,0.7186019,8.240133,10.649724,SGN,39
744228101,189.0,1.6912246,8.774416,9.172064,SGN,39
744228101,190.0,1.9689145,8.702703,9.048621,SGN,39
744228101,191.0,1.5573076,8.581642,11.715195,SGN,39
744228101,192.0,1.8955001,8.880232,11.030108,SGN,39
744228101,193.0,1.3556856,7.5056977,10.249467,SGN,39
744228101,194.0,2.721363,8.713961,10.1989155,SGN,39
744228101,195.0,2.0473878,7.94216,12.21887,SGN,39
744228101,196.0,1.9023607,8.323974,10.763557,SGN,39
744228101,197.0,1.8247001,7.706897,10.8244705,SGN,39
744228101,198.0,1.3776389,7.1817293,9.418263,SGN,39
744228101,199.0,2.348191,8.557517,9.845314,SGN,39
744228101,200.0,2.1722655,7.747639,10.447804,SGN,39
744228101,201.0,2.1432776,7.8397083,10.54825,SGN,39
744228101,202.0,2.0332747,8.102065,9.36029,SGN,39
744228101,203.0,2.3232646,8.931048,10.275818,SGN,39
744228101,204.0,2.7789867,8.67222,9.864439,SGN,39
744228101,205.0,2.8729186,8.605718,9.898584,SGN,39
744228101,206.0,1.1490461,6.9654236,9.246388,SGN,39
744228101,207.0,1.2499803,8.702586,9.401102,SGN,39
744228101,208.0,2.7573414,8.884133,10.616318,SGN,39
744228101,209.0,1.3967791,8.840781,10.0643635,SGN,39
744228101,210.0,2.111508,9.165555,10.46772,SGN,39
744228101,211.0,1.6802883,8.751896,10.078602,SGN,39
744228101,212.0,2.3723812,8.561526,9.362946,SGN,39
744228101,213.0,0.52245617,7.4525146,11.152419,SGN,39
744228101,214.0,0.7737901,7.899906,9.455664,SGN,39
744228101,215.0,1.0929837,7.9927263,9.574,SGN,39
744228101,216.0,2.0012946,8.460595,9.06108,SGN,39
744228101,217.0,1.8674656,8.906015,10.109201,SGN,39
744228101,218.0,0.71838754,7.2675443,10.455449,SGN,39
744228101,219.0,2.0761836,8.662182,10.918997,SGN,39
744228101,220.0,0.3172786,7.072361,9.972679,SGN,39
744228101,221.0,0.38174325,6.927306,9.923123,SGN,39
744228101,222.0,2.862638,6.782831,9.3875885,SGN,39
744228101,223.0,1.4701833,8.41761,10.598831,SGN,39
744228101,224.0,1.4779929,9.000907,10.0415945,SGN,39
744228101,225.0,1.9930725,9.201191,10.18222,SGN,39
744228101,226.0,0.76899344,8.039045,9.58398,SGN,39
744228101,227.0,0.47647053,8.596222,10.549644,SGN,39
744228101,228.0,1.9495484,7.2670493,9.424136,SGN,39
744228101,229.0,2.5832095,8.976641,11.2764635,SGN,39
744228101,230.0,2.4216008,8.46302,9.674581,SGN,39
744228101,231.0,1.5068411,8.2553,9.46724,SGN,39
744228101,232.0,2.7913604,8.790209,10.487159,SGN,39
744228101,233.0,1.1469495,8.05933,9.641466,SGN,39
744228101,234.0,2.3507698,9.165901,11.480955,SGN,39
744228101,235.0,1.2725747,8.581185,9.418792,SGN,39
744228101,236.0,1.4446306,8.429909,9.346753,SGN,39
744228101,237.0,1.4758083,8.375763,9.310871,SGN,39
744228101,238.0,1.4173008,8.108706,9.717623,SGN,39
744228101,239.0,1.4603455,7.660973,9.948603,SGN,39
744228101,240.0,1.1728544,7.320298,9.383687,SGN,39
744228101,241.0,1.3369175,7.0671,9.524987,SGN,39
744228101,242.0,1.2683551,8.1036215,9.753375,SGN,39
744228101,243.0,3.7897658,7.6833215,11.891583,SGN,39
744228101,244.0,2.8322282,9.136771,10.424138,SGN,39
744228101,245.0,2.8960688,6.945569,9.44013,SGN,39
744228101,246.0,2.6859155,8.434159,12.110351,SGN,39
744228101,247.0,1.7784154,6.443286,9.74918,SGN,39
744228101,248.0,0.95284075,7.521106,9.874038,SGN,39
744228101,249.0,0.9495054,6.8675137,10.067533,SGN,39
744228101,250.0,2.984823,8.652052,9.946096,SGN,39
744228101,251.0,2.9926455,8.726646,9.993552,SGN,39
744228101,252.0,2.7747328,7.2026567,9.402561,SGN,39
744228101,253.0,1.7193195,7.03569,10.308446,SGN,39
744228101,254.0,2.7075975,9.02557,10.646127,SGN,39
744228101,255.0,1.6354455,7.3815126,10.248723,SGN,39
744228101,256.0,0.89917976,7.810093,10.019996,SGN,39
744228101,257.0,2.02304,7.750163,12.193652,SGN,39
744228101,258.0,2.1339312,7.1537747,10.356053,SGN,39
744228101,259.0,2.5166712,7.6493845,11.667399,SGN,39
744228101,260.0,2.6045005,7.062938,9.693065,SGN,39
744228101,261.0,0.18376309,7.960555,9.675994,SGN,39
744228101,262.0,2.0843942,6.699225,10.982653,SGN,39
744228101,263.0,0.77110076,8.223835,10.477951,SGN,39
744228101,264.0,0.63658917,7.1804338,10.545355,SGN,39
744228101,265.0,1.6585038,6.1121736,11.245886,SGN,39
744228101,266.0,1.847364,9.385163,9.975336,SGN,39
744228101,267.0,2.5080411,6.958194,9.710955,SGN,39
744228101,268.0,1.2517427,8.461694,9.147711,SGN,39
744228101,269.0,1.4052299,8.959727,9.626738,SGN,39
744228101,270.0,2.1161628,9.075687,10.537541,SGN,39
744228101,271.0,2.5728972,8.815504,10.23026,SGN,39
744228101,272.0,2.0715888,8.501032,10.338671,SGN,39
744228101,273.0,1.1510396,7.604063,9.377165,SGN,39
744228101,274.0,1.0221683,8.597398,10.074497,SGN,39
744228101,275.0,0.99328715,8.092595,10.068224,SGN,39
744228101,276.0,0.82873285,7.266673,10.754571,SGN,39
744228101,277.0,1.1210803,7.248906,10.581334,SGN,39
744228101,278.0,2.8137562,6.522526,9.671611,SGN,39
744228101,279.0,1.5633873,6.836639,10.245733,SGN,39
744228101,280.0,1.4883727,8.834433,9.734765,SGN,39
744228101,281.0,1.9196786,8.927965,11.488175,SGN,39
744228101,282.0,1.9697047,8.424386,9.953607,SGN,39
744228101,283.0,2.5788066,8.753194,11.177073,SGN,39
744228101,284.0,1.2565395,6.685455,9.460008,SGN,39
744228101,285.0,0.9900018,8.531339,9.898416,SGN,39
744228101,286.0,1.394615,9.148048,10.391584,SGN,39
744228101,287.0,0.96109635,6.962937,10.352032,SGN,39
744228101,288.0,1.0197569,8.677006,9.984577,SGN,39
744228101,289.0,1.8850892,8.625334,10.204189,SGN,39
744228101,290.0,2.8927324,9.144898,10.91752,SGN,39
744228101,291.0,1.0597076,8.688467,10.065093,SGN,39
744228101,292.0,0.6012392,8.1041565,9.631475,SGN,39
744228101,293.0,1.8861625,8.264206,10.352584,SGN,39
744228101,294.0,0.2980371,8.189336,9.868378,SGN,39
744228101,295.0,0.70180744,8.152204,10.851669,SGN,39
744228101,296.0,0.7433619,8.311077,10.50285,SGN,39
744228101,297.0,1.6343188,6.7644525,10.173556,SGN,39
744228101,298.0,1.3402084,9.005336,11.515883,SGN,39
744228101,299.0,2.76399,8.397745,9.948761,SGN,39
744228101,300.0,2.748555,8.315208,9.440571,SGN,39
744228101,301.0,2.4553778,7.6110616,9.731621,SGN,39
744228101,302.0,1.9487078,6.3243027,10.303212,SGN,39
744228101,303.0,1.7479284,6.047148,11.118968,SGN,39
744228101,304.0,1.8382595,9.351489,10.628138,SGN,39
744228101,305.0,0.6591585,8.351078,10.034686,SGN,39
744228101,306.0,0.5253685,8.320459,9.779216,SGN,39
744228101,307.0,0.3795915,8.184797,9.687682,SGN,39
744228101,308.0,0.22418289,8.06301,9.6969595,SGN,39
744228101,309.0,0.5298973,8.335546,9.997905,SGN,39
744228101,310.0,0.36792043,7.9235816,9.824101,SGN,39
744228101,311.0,0.52198064,7.8627496,9.949724,SGN,39
744228101,312.0,2.4964557,9.191707,10.853061,SGN,39
744228101,313.0,0.2891059,7.9565253,9.597871,SGN,39
744228101,314.0,0.6967805,8.605329,10.438317,SGN,39
744228101,315.0,1.3153044,7.7231426,10.304414,SGN,39
744228101,316.0,2.1157207,9.015886,9.725535,SGN,39
744228101,317.0,1.1228786,8.827171,10.430893,SGN,39
744228101,318.0,2.901857,8.683397,10.732115,SGN,39
744228101,319.0,0.45497218,6.753837,10.315351,SGN,39
744228101,320.0,0.41460514,8.002834,9.700517,SGN,39
744228101,321.0,1.0607381,6.4496975,9.9181185,SGN,39
744228101,322.0,2.559425,8.215972,9.655906,SGN,39
744228101,323.0,1.1189479,8.978716,10.034354,SGN,39
744228101,324.0,2.0640378,9.118793,9.333546,SGN,39
744228101,325.0,1.9279331,8.912114,9.213355,SGN,39
744228101,326.0,2.0801563,9.190386,9.54067,SGN,39
744228101,327.0,0.4562349,7.9438467,10.321623,SGN,39
744228101,328.0,2.0846288,9.041212,9.6135025,SGN,39
744228101,329.0,1.5796576,8.426806,10.288779,SGN,39
744228101,330.0,1.9189398,6.2430544,10.380369,SGN,39
744228101,331.0,1.1913799,8.999073,10.216784,SGN,39
744228101,332.0,1.169452,7.736023,9.89258,SGN,39
744228101,333.0,2.3584101,8.437323,9.526723,SGN,39
744228101,334.0,0.79459244,8.231932,10.849759,SGN,39
744228101,335.0,2.5466962,7.808003,9.168439,SGN,39
744228101,336.0,2.386084,7.659286,9.060109,SGN,39
744228101,337.0,2.3440802,7.639241,9.036982,SGN,39
744228101,338.0,2.4966164,8.02343,9.135415,SGN,39
744228101,339.0,0.874256,6.2210193,9.752525,SGN,39
744228101,340.0,1.0062534,7.491047,9.467192,SGN,39
744228101,341.0,1.8653083,9.155813,9.726772,SGN,39
744228101,342.0,1.9436952,9.231269,9.871563,SGN,39
744228101,343.0,1.7757204,9.287358,10.042514,SGN,39
744228101,344.0,2.5340335,7.9820437,9.224396,SGN,39
744228101,345.0,1.8057489,8.816348,9.657784,SGN,39
744228101,346.0,2.758028,8.161777,9.474299,SGN,39
744228101,347.0,2.344617,7.080194,9.299501,SGN,39
744228101,348.0,3.7753131,8.271893,11.286962,SGN,39
744228101,349.0,1.6017723,7.166535,9.080072,SGN,39
744228101,350.0,1.8840452,7.1809516,9.009759,SGN,39
744228101,351.0,2.0464752,7.130132,9.168572,SGN,39
744228101,352.0,2.045215,8.940891,9.488104,SGN,39
744228101,353.0,1.3450584,7.9399614,11.355097,SGN,39
744228101,354.0,1.9384601,8.742942,9.88694,SGN,39
744228101,355.0,3.2018547,8.141226,10.3148,SGN,39
744228101,356.0,2.7355134,8.136196,9.534709,SGN,39
744228101,357.0,1.164821,8.148655,10.496316,SGN,39
744228101,358.0,0.80605185,8.3965435,10.668172,SGN,39
744228101,359.0,2.118299,8.696385,11.788928,SGN,39
744228101,360.0,2.1757455,8.619535,10.217491,SGN,39
744228101,361.0,2.266679,8.631823,10.300073,SGN,39
744228101,362.0,0.69499004,9.256116,10.780509,SGN,39
744228101,363.0,2.5628545,7.9853516,10.319747,SGN,39
744228101,364.0,1.1673417,7.963939,10.984869,SGN,39
744228101,365.0,2.9703212,7.539349,9.634124,SGN,39
744228101,366.0,0.8207684,6.5182223,11.163242,SGN,39
744228101,367.0,1.7683898,8.4222355,11.650101,SGN,39
744228101,368.0,1.5376538,8.63788,11.03105,SGN,39
744228101,369.0,0.9794594,8.682396,10.0461855,SGN,39
744228101,370.0,1.1253593,7.827177,10.4539585,SGN,39
744228101,371.0,0.7228376,7.7099137,11.133805,SGN,39
744228101,372.0,0.9392926,6.422991,10.35666,SGN,39
744228101,373.0,0.89887136,6.361344,10.432722,SGN,39
744228101,374.0,1.2091255,8.228733,10.272286,SGN,39
744228101,375.0,1.4044584,7.6417575,9.656768,SGN,39
744228101,376.0,2.3156915,8.699353,10.349968,SGN,39
744228101,377.0,1.3348793,6.722009,10.048811,SGN,39
744228101,378.0,2.961484,8.701263,11.301974,SGN,39
744228101,379.0,0.3917596,7.495319,10.621818,SGN,39
744228101,380.0,3.1528802,7.987174,10.211478,SGN,39
744228101,381.0,1.6503621,7.1379275,10.868493,SGN,39
744228101,382.0,1.761755,7.2288885,9.95351,SGN,39
744228101,383.0,1.9635566,8.39018,11.228217,SGN,39
744228101,384.0,2.1937773,9.455399,10.901554,SGN,39
744228101,385.0,2.2041671,9.483241,10.91041,SGN,39
744228101,386.0,1.0347341,7.513301,10.029516,SGN,39
744228101,387.0,1.5437908,8.357526,9.735386,SGN,39
744228101,388.0,0.8832283,6.8557324,10.23205,SGN,39
744228101,389.0,0.8748589,7.2741175,10.789435,SGN,39
744228101,390.0,0.7383807,8.278691,11.184844,SGN,39
744228101,391.0,2.6592195,8.375437,11.271819,SGN,39
744228101,392.0,2.6722357,7.8621974,11.309442,SGN,39
744228101,393.0,0.79356897,6.390853,11.011004,SGN,39
744228101,394.0,2.4964368,6.839721,10.488807,SGN,39
744228101,395.0,2.9350567,8.554996,11.333331,SGN,39
744228101,396.0,0.88706475,7.3193946,11.903244,SGN,39
744228101,397.0,1.3681324,9.130559,10.316765,SGN,39
744228101,398.0,1.819451,8.439261,11.92138,SGN,39
744228101,399.0,3.7323382,7.7262325,11.88059,SGN,39
744228101,400.0,3.1826336,8.338383,11.482379,SGN,39
744228101,401.0,1.4477333,6.5899262,9.586893,SGN,39
744228101,402.0,2.6926243,6.723815,11.457115,SGN,39
744228101,403.0,1.3080304,7.017236,9.336522,SGN,39
744228101,404.0,1.7574935,8.08964,12.190745,SGN,39
744228101,405.0,3.164146,6.8320637,9.6780615,SGN,39
744228101,406.0,3.546953,7.4072523,9.998866,SGN,39
744228101,407.0,2.1341572,8.354406,12.153257,SGN,39
744228101,408.0,2.5672286,8.9176035,11.698854,SGN,39
744228101,409.0,1.723149,8.032566,10.631576,SGN,39
744228101,410.0,2.0713522,8.518049,11.029459,SGN,39
744228101,411.0,1.9462179,8.318923,12.207772,SGN,39
744228101,412.0,0.20095155,7.7736435,10.2812805,SGN,39
744228101,413.0,1.1562496,6.258673,10.082917,SGN,39
744228101,414.0,1.9272758,8.101671,9.540821,SGN,39
744228101,415.0,3.0190296,9.032131,10.968828,SGN,39
744228101,416.0,3.784883,8.210617,11.455386,SGN,39
744228101,417.0,3.7946715,8.087186,11.549131,SGN,39
744228101,418.0,3.8040254,7.7053876,11.972556,SGN,39
744228101,419.0,2.1164849,7.3573046,10.033891,SGN,39
744228101,420.0,3.8092964,7.7572713,11.910606,SGN,39
744228101,421.0,2.5098515,8.823966,10.887429,SGN,39
744228101,422.0,1.8475251,8.878313,11.430761,SGN,39
744228101,423.0,1.4739778,8.6247425,11.035684,SGN,39
744228101,424.0,3.6853135,7.768387,11.990293,SGN,39
744228101,425.0,1.4334245,7.6247067,11.535999,SGN,39
744228101,426.0,1.7921662,7.967464,11.654579,SGN,39
744228101,427.0,2.6618109,7.693653,9.267584,SGN,39
744228101,428.0,3.704197,7.7696166,11.887932,SGN,39
744228101,429.0,3.689406,7.8014956,11.929187,SGN,39
744228101,430.0,2.1363924,7.9570537,11.644934,SGN,39
744228101,431.0,3.0414858,6.842842,10.107877,SGN,39
744228101,432.0,2.2494519,7.3269725,12.34302,SGN,39
744228101,433.0,2.0634546,8.000768,12.343365,SGN,39
744228101,434.0,1.8133636,7.331726,9.5316515,SGN,39
744228101,435.0,2.9372807,7.887627,12.101063,SGN,39
744228101,436.0,3.0122662,6.1446285,10.600797,SGN,39
744228101,437.0,3.1770868,7.266234,11.395218,SGN,39
744228101,438.0,0.83339983,7.3255863,11.874013,SGN,39
744228101,439.0,3.011974,6.534222,10.371817,SGN,39
744228101,440.0,2.7086244,8.693969,11.803999,SGN,39
744228101,441.0,3.3437736,7.252882,10.265935,SGN,39
744228101,442.0,1.8206438,7.8794312,11.323623,SGN,39
744228101,443.0,3.4440372,7.9124928,11.85535,SGN,39
744228101,444.0,3.6469684,7.678508,11.895075,SGN,39
744228101,445.0,3.51884,7.48386,11.941825,SGN,39
744228101,446.0,0.6993739,6.9567103,10.803926,SGN,39
744228101,447.0,2.1463594,7.061529,12.2954645,SGN,39
744228101,448.0,2.4193194,7.7220144,11.015663,SGN,39
744228101,449.0,2.9182324,8.021961,9.956315,SGN,39
744228101,450.0,2.9358492,7.6788073,11.517101,SGN,39
744228101,451.0,3.457804,7.561308,11.296793,SGN,39
744228101,452.0,3.42483,7.1576614,10.564739,SGN,39
744228101,453.0,2.863242,8.253541,11.626696,SGN,39
744228101,454.0,0.969937,8.98628,10.675747,SGN,39
744228101,455.0,0.36965746,6.8751717,10.8541355,SGN,39
744228101,456.0,3.5243902,7.355548,10.396157,SGN,39
744228101,457.0,2.7827468,8.778,10.438487,SGN,39
744228101,458.0,1.18582,6.7660646,11.651965,SGN,39
744228101,459.0,2.1769981,8.872782,10.863408,SGN,39
744228101,460.0,3.6292915,7.510604,10.389673,SGN,39
744228101,461.0,3.598579,7.5275373,10.3546715,SGN,39
744228101,462.0,2.5733824,7.597421,11.118752,SGN,39
744228101,463.0,1.4426547,7.3250184,10.577975,SGN,39
744228101,464.0,1.8935901,6.961579,10.975635,SGN,39
744228101,465.0,1.1116481,6.1639347,10.603018,SGN,39
744228101,466.0,0.9632319,8.004514,9.348168,SGN,39
744228101,467.0,2.2003803,8.76557,11.34672,SGN,39
744228101,468.0,2.7630606,7.2214484,10.879494,SGN,39
744228101,469.0,3.6496308,7.1195645,10.698024,SGN,39
744228101,470.0,3.2651777,8.295053,10.831298,SGN,39
744228101,471.0,1.1701797,7.238258,10.0993,SGN,39
744228101,472.0,1.7456497,8.376175,11.059076,SGN,39
744228101,473.0,0.2569846,8.70037,10.669517,SGN,39
744228101,474.0,1.3766458,7.0685167,11.046936,SGN,39
744228101,475.0,3.7143273,7.112606,10.764576,SGN,39
744228101,476.0,1.6719478,7.487609,11.774021,SGN,39
744228101,477.0,2.6225166,7.542673,10.499907,SGN,39
744228101,478.0,1.1253248,7.968322,11.840186,SGN,39
744228101,479.0,1.6699109,8.110103,9.791145,SGN,39
744228101,480.0,3.4278617,6.837849,11.098559,SGN,39
744228101,481.0,1.7681748,5.913992,11.211092,SGN,39
744228101,482.0,1.2294109,6.741138,11.68759,SGN,39
744228101,483.0,1.8443847,6.7083755,11.736485,SGN,39
744228101,484.0,3.0908175,8.345782,11.439836,SGN,39
744228101,485.0,2.665247,8.745875,11.143421,SGN,39
744228101,486.0,3.2473843,7.4166408,9.68479,SGN,39
744228101,487.0,1.1380466,7.3590636,9.519214,SGN,39
744228101,488.0,1.127563,6.4861,10.237202,SGN,39
744228101,489.0,1.2015698,6.050218,10.250176,SGN,39
744228101,490.0,1.597532,7.6236854,12.111391,SGN,39
744228101,491.0,1.1922648,7.882574,10.367544,SGN,39
744228101,492.0,2.72908,7.031384,9.940504,SGN,39
744228101,493.0,1.9466109,8.681903,9.497846,SGN,39
744228101,494.0,3.197598,8.010574,11.723251,SGN,39
744228101,495.0,1.7750993,6.0569363,10.345143,SGN,39
744228101,496.0,3.766475,7.654369,11.936615,SGN,39
744228101,497.0,2.1091497,8.446162,12.125764,SGN,39
744228101,498.0,2.599812,8.689884,11.449476,SGN,39
744228101,499.0,3.3709757,7.2475367,10.738955,SGN,39
744228101,500.0,3.5070543,7.9101315,11.466633,SGN,39
744228101,501.0,3.0687094,7.381316,12.243621,SGN,39
744228101,502.0,1.1919768,6.263112,9.915853,SGN,39
744228101,503.0,3.1563365,7.3314404,12.273389,SGN,39
744228101,504.0,1.265296,6.8095813,10.697782,SGN,39
744228101,505.0,3.277579,7.018338,11.751344,SGN,39
744228101,506.0,1.0995017,6.4268517,9.910543,SGN,39
744228101,507.0,2.9406807,7.8775835,11.306296,SGN,39
744228101,508.0,2.8524342,7.886721,11.585623,SGN,39
744228101,509.0,0.75456595,6.7245893,11.117806,SGN,39
744228101,510.0,1.9568105,7.5241175,9.503708,SGN,39
744228101,511.0,0.45782283,7.110346,10.040542,SGN,39
744228101,512.0,0.79030985,8.211965,9.877775,SGN,39
744228101,513.0,2.7244873,7.3249736,10.914445,SGN,39
744228101,514.0,1.6733572,7.3422856,10.590778,SGN,39
744228101,515.0,3.829231,7.8175793,11.635361,SGN,39
744228101,516.0,3.6724625,7.7963314,11.479617,SGN,39
744228101,517.0,1.5216286,6.388971,10.481571,SGN,39
744228101,518.0,2.5721712,7.7245927,10.28437,SGN,39
744228101,519.0,2.6066527,7.1151347,10.598401,SGN,39
744228101,520.0,2.7564375,7.4126735,11.539911,SGN,39
744228101,521.0,2.9723654,8.400776,11.607551,SGN,39
744228101,522.0,1.957861,7.4553137,12.0097,SGN,39
744228101,523.0,2.964191,6.162428,10.587959,SGN,39
744228101,524.0,0.6534102,7.432603,10.910608,SGN,39
744228101,525.0,0.7929326,6.578317,11.16594,SGN,39
744228101,526.0,0.9749744,7.048308,11.172369,SGN,39
744228101,527.0,2.3935692,7.0408936,10.326522,SGN,39
744228101,528.0,3.647128,7.0143204,10.915276,SGN,39
744228101,529.0,1.1463662,6.3140807,11.055469,SGN,39
744228101,530.0,2.594877,6.511046,11.53251,SGN,39
744228101,531.0,1.9405147,6.9955,12.366225,SGN,39
744228101,532.0,2.000421,7.568748,11.449566,SGN,39
744228101,533.0,3.164102,7.24859,11.437701,SGN,39
744228101,534.0,2.0262125,7.6938357,11.626361,SGN,39
744228101,535.0,2.6913972,7.412815,11.46094,SGN,39
744228101,536.0,0.8714587,7.2395086,11.295356,SGN,39
744228101,537.0,2.8499525,6.8769717,12.062924,SGN,39
744228101,538.0,3.0346818,8.02363,11.306923,SGN,39
744228101,539.0,2.7476034,7.409317,11.921629,SGN,39
744228101,540.0,0.8868037,6.833333,11.235221,SGN,39
744228101,541.0,3.1314726,6.8070893,9.597932,SGN,39
744228101,542.0,1.2624214,6.037621,11.072141,SGN,39
744228101,543.0,3.0304906,6.880615,10.643032,SGN,39
744228101,544.0,3.0110376,6.748688,11.596802,SGN,39
744228101,545.0,3.5006478,7.046167,10.889168,SGN,39
744228101,546.0,2.5401342,8.375458,11.476705,SGN,39
744228101,547.0,0.6603538,7.4792576,9.826008,SGN,39
744228101,548.0,3.4758787,6.991469,10.741818,SGN,39
744228101,549.0,1.577737,5.8727593,10.54653,SGN,39
744228101,550.0,3.118611,7.8115396,11.99144,SGN,39
744228101,551.0,2.5070891,6.598736,11.658913,SGN,39
744228101,552.0,2.4787636,6.5722485,11.712055,SGN,39
744228101,553.0,0.2758144,7.972785,10.224947,SGN,39
744228101,554.0,1.6624988,7.6822104,11.363244,SGN,39
744228101,555.0,1.6991084,7.99376,12.097068,SGN,39
744228101,556.0,1.1379035,7.5770087,11.926345,SGN,39
744228101,557.0,2.1121104,7.692443,11.832447,SGN,39
744228101,558.0,2.290961,6.4878016,10.342825,SGN,39
744228101,559.0,3.1040936,6.8663445,9.591521,SGN,39
744228101,560.0,2.4018807,7.873426,11.564795,SGN,39
744228101,561.0,3.1273816,7.920719,11.161113,SGN,39
744228101,562.0,1.3911365,6.038412,10.938287,SGN,39
744228101,563.0,1.1218437,8.095567,9.825083,SGN,39
744228101,564.0,2.2573442,6.5968723,10.475317,SGN,39
744228101,565.0,3.0133157,7.0969925,10.20944,SGN,39
744228101,566.0,3.2875931,7.0316243,11.944447,SGN,39
744228101,567.0,1.6994224,6.8774586,10.8261175,SGN,39
744228101,568.0,1.8741223,8.097161,10.839963,SGN,39
744228101,569.0,2.3097723,7.0207715,11.470608,SGN,39
744228101,570.0,1.7311447,6.7241764,10.883299,SGN,39
744228101,571.0,1.6223016,7.424427,10.285615,SGN,39
744228101,572.0,1.0250888,8.853556,10.811902,SGN,39
744228101,573.0,2.8804016,8.73438,10.449119,SGN,39
744228101,574.0,3.522779,7.0938673,10.233947,SGN,39
744228101,575.0,1.402537,7.693519,11.718847,SGN,39
744228101,576.0,0.8943749,9.262762,10.775088,SGN,39
744228101,577.0,2.432163,8.502229,11.892684,SGN,39
744228101,578.0,1.595835,6.5983405,11.113063,SGN,39
744228101,579.0,1.436885,7.4608984,10.785645,SGN,39
744228101,580.0,1.9543556,6.073822,10.134887,SGN,39
744228101,581.0,2.449023,6.317635,11.590619,SGN,39
744228101,582.0,0.8201648,8.232033,11.276046,SGN,39
744228101,583.0,2.2601686,8.377669,10.290559,SGN,39
744228101,584.0,1.9787322,6.4860044,11.472114,SGN,39
744228101,585.0,1.896514,6.418805,10.626724,SGN,39
744228101,586.0,0.9656335,7.2639065,11.399779,SGN,39
744228101,587.0,1.9431329,8.103929,11.852051,SGN,39
744228101,588.0,1.709172,7.91078,11.995966,SGN,39
744228101,589.0,1.9696544,8.061482,11.589123,SGN,39
744228101,590.0,1.4280739,6.8337274,11.577053,SGN,39
744228101,591.0,1.5391333,6.9525733,11.44884,SGN,39
744228101,592.0,1.1665626,6.6451464,10.448082,SGN,39
744228101,593.0,1.3893741,7.3222394,11.38367,SGN,39
744228101,594.0,1.299418,7.7397738,11.773175,SGN,39
744228101,595.0,1.7398,7.2922463,11.937008,SGN,39
744228101,596.0,1.7107327,6.803651,11.719255,SGN,39
744228101,597.0,1.6298685,6.7470913,11.353107,SGN,39
744228101,598.0,1.2841723,7.1383033,11.696956,SGN,39
744228101,599.0,1.5080367,8.07748,11.441359,SGN,39
744228101,600.0,1.6971991,8.050388,11.569873,SGN,39
744228101,601.0,2.0245726,9.119826,11.294298,SGN,39
744228101,602.0,1.8263066,8.761711,9.48334,SGN,39
744228101,603.0,0.6961102,6.412067,11.009732,SGN,39
744228101,604.0,3.5303967,7.452195,11.998024,SGN,39
744228101,605.0,1.9276423,8.63699,9.500582,SGN,39
744228101,606.0,1.1768916,6.989268,10.827052,SGN,39
744228101,607.0,1.0912793,6.8086295,11.204022,SGN,39
744228101,608.0,3.3628688,7.443262,12.145427,SGN,39
744228101,609.0,3.260185,7.4177566,12.040342,SGN,39
744228101,610.0,3.153801,7.190762,12.203588,SGN,39
744228101,611.0,1.0157156,7.05609,11.329891,SGN,39
744228101,612.0,1.1023781,7.3243976,10.438047,SGN,39
744228101,613.0,1.7958663,7.48834,10.348708,SGN,39
744228101,614.0,1.2474657,6.732409,11.663908,SGN,39
744228101,615.0,0.7184088,7.205588,10.545324,SGN,39
744228101,616.0,0.72433925,6.2446923,10.883635,SGN,39
744228101,617.0,1.2974465,7.5990906,11.396751,SGN,39
744228101,618.0,1.8061061,6.5966644,9.635667,SGN,39
744228101,619.0,1.3481243,6.8039904,10.375038,SGN,39
744228101,620.0,1.1279333,7.6535025,11.484396,SGN,39
744228101,621.0,2.0290413,5.9030223,10.2309885,SGN,39
744228101,622.0,0.37518477,7.284426,10.574693,SGN,39
744228101,623.0,3.1666417,6.5589542,10.104118,SGN,39
744228101,624.0,1.9138567,6.1625314,10.507238,SGN,39
744228101,625.0,0.8244772,7.184295,11.707368,SGN,39
744228101,626.0,0.42338738,6.8121467,10.9513035,SGN,39
744228101,627.0,1.2199559,8.279871,11.372978,SGN,39
744228101,628.0,2.57755,8.558177,11.883624,SGN,39
744228101,629.0,3.093358,7.1117268,12.178462,SGN,39
744228101,630.0,2.6292763,6.4501066,11.427362,SGN,39
744228101,631.0,1.2744778,8.23569,9.772008,SGN,39
744228101,632.0,1.0202942,7.7164164,9.778341,SGN,39
744228101,633.0,2.6232166,8.87921,10.444871,SGN,39
744228101,634.0,2.928338,6.248365,10.537278,SGN,39
744228101,635.0,1.832165,7.052537,10.300113,SGN,39
744228101,636.0,0.83862543,6.2782,10.940662,SGN,39
744228101,637.0,1.7042239,7.5238805,11.192387,SGN,39
744228101,638.0,1.6432796,8.309373,11.745448,SGN,39
744228101,639.0,1.5263368,7.1961384,9.85137,SGN,39
744228101,640.0,1.717253,7.0157795,9.836834,SGN,39
744228101,641.0,1.9401592,8.306561,11.893935,SGN,39
744228101,642.0,2.027201,8.224135,10.800784,SGN,39
744228101,643.0,2.414662,8.292924,10.218573,SGN,39
744228101,644.0,1.6476089,8.515558,11.652435,SGN,39
744228101,645.0,2.3505669,6.8253245,11.365346,SGN,39
744228101,646.0,1.6771411,7.681959,9.638972,SGN,39
744228101,647.0,1.3452102,7.297367,11.130684,SGN,39
744228101,648.0,2.3688664,8.303258,9.592617,SGN,39
744228101,649.0,1.3976555,6.765305,9.7317,SGN,39
744228101,650.0,1.8260688,7.781537,11.1953745,SGN,39
744228101,651.0,1.1804087,7.5019975,11.51649,SGN,39
744228101,652.0,0.6819601,7.34222,11.571762,SGN,39
744228101,653.0,1.1035534,7.6891785,11.932188,SGN,39
744228101,654.0,1.7774727,6.2017817,9.898467,SGN,39
744228101,655.0,1.769761,7.3408976,12.246321,SGN,39
744228101,656.0,1.2671922,8.405803,9.188356,SGN,39
744228101,657.0,1.4423499,7.2469044,9.849041,SGN,39
744228101,658.0,1.256334,7.2860312,10.6154585,SGN,39
744228101,659.0,1.7146976,6.4333525,9.977747,SGN,39
744228101,660.0,1.9182551,7.3040795,10.388575,SGN,39
744228101,661.0,0.45417428,6.885042,10.916228,SGN,39
744228101,662.0,1.5614034,5.762207,10.270807,SGN,39
744228101,663.0,1.6856772,8.380044,11.254075,SGN,39
744228101,664.0,1.105993,6.1005282,9.712622,SGN,39
744228101,665.0,0.47336885,6.8085556,10.762771,SGN,39
744228101,666.0,1.5612748,6.098867,11.313158,SGN,39
744228101,667.0,2.5816107,8.08898,10.00053,SGN,39
744228101,668.0,1.8797843,7.821261,9.196439,SGN,39
744228101,669.0,1.1677755,6.786992,10.001358,SGN,39
744228101,670.0,1.8011146,7.401406,9.462697,SGN,39
744228101,671.0,1.9629358,9.13144,11.088882,SGN,39
744228101,672.0,1.8099364,7.2183247,10.889613,SGN,39
744228101,673.0,1.7605758,9.00078,11.509588,SGN,39
744228101,674.0,2.1597826,9.009408,10.748478,SGN,39
744228101,675.0,1.6545347,9.305247,10.783105,SGN,39
744228101,676.0,1.4871908,6.9319,11.743928,SGN,39
744228101,677.0,1.0414125,7.4163427,11.145659,SGN,39
744228101,678.0,2.4469168,7.9637957,12.135447,SGN,39
744228101,679.0,2.620885,8.439201,10.836438,SGN,39
744228101,680.0,0.27426475,8.746411,10.573232,SGN,39
744228101,681.0,2.4549782,8.623798,12.05198,SGN,39
744228101,682.0,2.5666056,7.463054,11.868885,SGN,39
744228101,683.0,0.9396406,8.586262,10.153593,SGN,39
744228101,684.0,0.56099534,7.589158,10.530944,SGN,39
744228101,685.0,2.0509377,7.3579593,12.095246,SGN,39
744228101,686.0,0.9800571,7.2302594,11.101603,SGN,39
744228101,687.0,1.3905239,6.186402,10.808287,SGN,39
744228101,688.0,3.540011,7.374326,10.918296,SGN,39
744228101,689.0,1.7011983,8.319787,11.190768,SGN,39
744228101,690.0,2.9526832,7.6691628,10.768275,SGN,39
744228101,691.0,3.2690752,7.3125553,10.818682,SGN,39
744228101,692.0,2.852863,8.861256,10.487254,SGN,39
744228101,693.0,2.4699602,7.5787826,10.969064,SGN,39
744228101,694.0,2.181999,7.5388603,10.123104,SGN,39
744228101,695.0,1.789461,7.6238375,11.546849,SGN,39
744228101,696.0,1.568994,7.7017345,11.116273,SGN,39
744228101,697.0,2.0357013,7.122298,12.284094,SGN,39
744228101,698.0,2.0290446,8.818792,11.606726,SGN,39
744228101,699.0,0.83176976,7.49419,11.8858595,SGN,39
744228101,700.0,1.4405855,6.141347,10.478216,SGN,39
744228101,701.0,3.714819,7.730764,11.907186,SGN,39
744228101,702.0,2.4423082,6.316059,10.218588,SGN,39
744228101,703.0,2.3957915,7.01638,11.977242,SGN,39
744228101,704.0,2.1836717,6.7336793,11.028844,SGN,39
744228101,705.0,1.46279,7.5680904,11.598615,SGN,39
744228101,706.0,1.8119001,5.869579,10.087848,SGN,39
744228101,707.0,3.591051,7.5354714,10.5865555,SGN,39
744228101,708.0,1.3393543,6.0708885,9.91884,SGN,39
744228101,709.0,1.5838053,5.8949156,10.140686,SGN,39
744228101,710.0,0.8568651,6.1348987,10.147237,SGN,39
744228101,711.0,3.3442802,7.256572,9.942511,SGN,39
744228101,712.0,2.0852978,6.450391,11.265246,SGN,39
744228101,713.0,0.31468046,7.838173,10.15766,SGN,39
744228101,714.0,3.41212,7.639968,11.858559,SGN,39
744228101,715.0,0.47654334,7.6244655,10.851449,SGN,39
744228101,716.0,2.6203218,8.607177,11.406586,SGN,39
744228101,717.0,2.836886,7.370108,9.825612,SGN,39
744228101,718.0,3.0656145,7.3194995,11.672467,SGN,39
744228101,719.0,2.8931358,6.8527393,11.576901,SGN,39
744228101,720.0,2.728015,7.0334864,9.43181,SGN,39
744228101,721.0,0.663794,7.820955,10.985396,SGN,39
744228101,722.0,3.3241084,8.021341,11.595688,SGN,39
744228101,723.0,1.5104069,7.2389235,10.396403,SGN,39
744228101,724.0,1.7398992,8.849216,9.817704,SGN,39
744228101,725.0,1.6556867,5.9453335,10.042955,SGN,39
744228101,726.0,3.6810443,7.187497,10.738848,SGN,39
744228101,727.0,2.0523763,7.6981535,10.512684,SGN,39
744228101,728.0,2.0518208,6.3357916,11.329133,SGN,39
744228101,729.0,3.3226058,6.7833633,10.849094,SGN,39
744228101,730.0,2.7736776,7.1824117,11.205754,SGN,39
744228101,731.0,2.124631,6.484795,11.458719,SGN,39
744228101,732.0,1.842615,7.497283,12.288268,SGN,39
744228101,733.0,2.1464002,6.164084,11.494756,SGN,39
744228101,734.0,2.203742,6.806536,11.332274,SGN,39
744228101,735.0,1.9229882,6.8576927,10.836241,SGN,39
744228101,736.0,2.864528,8.314874,10.505723,SGN,39
744228101,737.0,2.5882244,6.4750857,10.783352,SGN,39
744228101,738.0,3.3351145,7.352494,10.081275,SGN,39
744228101,739.0,1.2411655,6.1609135,10.164593,SGN,39
744228101,740.0,2.0476284,8.389708,11.875293,SGN,39
744228101,741.0,2.2464225,8.281411,11.673633,SGN,39
744228101,742.0,2.6306162,7.3628674,11.482239,SGN,39
744228101,743.0,1.969039,5.9452906,11.213193,SGN,39
744228101,744.0,1.4312027,6.157574,11.188813,SGN,39
744228101,745.0,3.1319425,8.0594,11.9710045,SGN,39
744228101,746.0,2.01184,6.3519363,11.762013,SGN,39
744228101,747.0,2.1783035,5.955591,11.320026,SGN,39
744228101,748.0,2.9060273,6.985624,11.611337,SGN,39
744228101,749.0,3.0341969,6.7298017,11.177272,SGN,39
744228101,750.0,3.1006312,6.7093573,11.22801,SGN,39
744228101,751.0,3.054652,6.760359,11.2320385,SGN,39
744228101,752.0,2.6099477,6.840467,11.80485,SGN,39
744228101,753.0,2.1871455,7.81742,10.062202,SGN,39
744228101,754.0,3.0619497,8.315292,10.954613,SGN,39
744228101,755.0,3.0946066,6.9400554,11.446873,SGN,39
744228101,756.0,1.4935966,6.312738,11.44812,SGN,39
744228101,757.0,2.0579243,8.855049,9.688458,SGN,39
744228101,758.0,2.7498534,7.007178,10.048655,SGN,39
744228101,759.0,2.5052278,7.1556168,9.899902,SGN,39
744228101,760.0,2.433825,8.836324,9.832314,SGN,39
744228101,761.0,1.3881207,8.609224,9.441789,SGN,39
744228101,762.0,0.57148796,7.6004686,10.528431,SGN,39
744228101,763.0,0.70819944,9.099466,10.914865,SGN,39
744228101,764.0,0.6314178,9.09851,10.818426,SGN,39
744228101,765.0,2.0029747,7.224307,10.254014,SGN,39
744228101,766.0,1.2040563,7.5752983,11.809202,SGN,39
744228101,767.0,1.9816679,7.5019674,10.537982,SGN,39
744228101,768.0,2.0130997,7.7937217,10.285292,SGN,39
744228101,769.0,2.3367772,8.992813,9.771302,SGN,39
744228101,770.0,2.5797293,8.859074,9.886651,SGN,39
744228101,771.0,2.3733418,7.9428844,9.756659,SGN,39
744228101,772.0,1.7988795,9.208081,10.700449,SGN,39
744228101,773.0,2.4463515,7.3768578,10.904186,SGN,39
744228101,774.0,2.566865,7.551737,10.929729,SGN,39
744228101,775.0,2.402776,8.618898,11.052511,SGN,39
744228101,776.0,2.5017602,8.394912,9.828708,SGN,39
744228101,777.0,0.8852488,9.262625,10.680117,SGN,39
744228101,778.0,2.7538216,7.0682774,11.96945,SGN,39
744228101,779.0,1.690257,9.079818,11.619283,SGN,39
744228101,780.0,1.8734869,7.52665,9.598962,SGN,39
744228101,781.0,2.2687347,7.98808,12.164522,SGN,39
744228101,782.0,2.6449203,6.563755,10.917088,SGN,39
744228101,783.0,1.8501647,7.3982296,9.524771,SGN,39
744228101,784.0,1.9667406,6.1796827,10.61303,SGN,39
744228101,785.0,1.0058638,7.541937,10.845312,SGN,39
744228101,786.0,1.2974379,7.840309,10.591134,SGN,39
744228101,787.0,3.1266043,7.537948,10.265967,SGN,39
744228101,788.0,1.0840573,6.179204,10.489561,SGN,39
744228101,789.0,1.1278287,6.4501386,10.605481,SGN,39
744228101,790.0,2.6851478,6.620966,10.9322195,SGN,39
744228101,791.0,2.2876098,7.907001,10.923091,SGN,39
744228101,792.0,1.713631,6.6388044,10.588059,SGN,39
744228101,793.0,2.424853,6.935076,10.075504,SGN,39
744228101,794.0,2.122681,8.3975315,9.127648,SGN,39
744228101,795.0,2.5997744,7.9383926,9.942224,SGN,39
744228101,796.0,2.0023453,8.787443,11.744649,SGN,39
744228101,797.0,1.8583354,8.138613,10.312359,SGN,39
744228101,798.0,2.9055743,8.637221,10.381271,SGN,39
744228101,799.0,3.2780745,7.752737,10.27324,SGN,39
744228101,800.0,2.397119,7.5204782,10.188688,SGN,39
744228101,801.0,1.3204815,8.803139,10.967544,SGN,39
744228101,802.0,1.1213001,8.561265,10.380259,SGN,39
744228101,803.0,1.7849386,6.7946167,11.269528,SGN,39
744228101,804.0,2.5945992,8.084122,11.637611,SGN,39
744228101,805.0,1.617457,8.110387,9.914779,SGN,39
744228101,806.0,1.338977,8.26923,10.135907,SGN,39
744228101,807.0,2.3709998,7.266119,11.942147,SGN,39
744228101,808.0,2.4787757,7.120416,11.112817,SGN,39
744228101,809.0,2.4310784,7.4839783,11.27388,SGN,39
744228101,810.0,1.7355235,9.3198185,11.396378,SGN,39
744228101,811.0,1.5686531,8.391777,11.551951,SGN,39
744228101,812.0,2.2990532,8.056517,11.045817,SGN,39
744228101,813.0,1.6930336,8.134985,10.376427,SGN,39
744228101,814.0,1.7704103,7.8119717,9.922066,SGN,39
744228101,815.0,2.479769,7.305705,10.196117,SGN,39
744228101,816.0,1.3757031,6.1768913,10.638913,SGN,39
744228101,817.0,1.5262605,6.7111173,10.537874,SGN,39
744228101,818.0,1.2667991,6.0437045,10.646511,SGN,39
744228101,819.0,2.2827737,7.586337,12.338768,SGN,39
744228101,820.0,2.3241887,7.435811,12.325499,SGN,39
744228101,821.0,1.9621181,7.0496483,12.097842,SGN,39
744228101,822.0,2.4081788,7.3823614,12.313105,SGN,39
744228101,823.0,1.9322011,5.9267898,11.21564,SGN,39
744228101,824.0,1.4224193,6.959315,9.568206,SGN,39
744228101,825.0,1.2473142,6.0657234,9.808099,SGN,39
744228101,826.0,2.2896092,6.9082017,11.643635,SGN,39
744228101,827.0,2.2643557,7.1772423,10.602884,SGN,39
744228101,828.0,2.1560261,7.963476,11.291996,SGN,39
744228101,829.0,3.16595,8.049448,11.924704,SGN,39
744228101,830.0,1.027241,8.472848,11.249771,SGN,39
744228101,831.0,2.3159308,8.308415,12.228978,SGN,39
744228101,832.0,2.0972502,8.728976,11.075122,SGN,39
744228101,833.0,1.207412,8.173525,11.240891,SGN,39
744228101,834.0,2.6558566,8.5374,12.019516,SGN,39
744228101,835.0,2.6602466,6.8447156,11.050578,SGN,39
744228101,836.0,2.7088587,8.043523,11.678869,SGN,39
744228101,837.0,0.44309044,8.161485,10.227827,SGN,39
744228101,838.0,2.225732,8.3309355,11.246507,SGN,39
744228101,839.0,1.2439748,6.6045585,11.243884,SGN,39
744228101,840.0,2.4832315,8.396569,11.941274,SGN,39
744228101,841.0,2.2215407,6.834382,10.494422,SGN,39
744228101,842.0,2.1826928,6.8745623,11.8107,SGN,39
744228101,843.0,0.69660807,6.17692,10.395607,SGN,39
744228101,844.0,0.6354965,8.374157,10.236257,SGN,39
744228101,845.0,3.163234,6.5364094,10.413312,SGN,39
744228101,846.0,0.5678627,7.9877267,10.52688,SGN,39
744228101,847.0,0.87431437,9.089921,10.620756,SGN,39
744228101,848.0,2.731258,8.476803,12.03089,SGN,39
744228101,849.0,1.1794512,8.892691,11.568574,SGN,39
744228101,850.0,1.0283024,7.899326,11.724696,SGN,39
744228101,851.0,1.2439843,7.5230346,9.396004,SGN,39
744228101,852.0,2.9673781,8.102778,11.956222,SGN,39
744228101,853.0,2.889377,8.248416,11.150377,SGN,39
744228101,854.0,2.7962544,8.131063,10.698128,SGN,39
744228101,855.0,3.4792483,7.1934805,10.816406,SGN,39
744228101,856.0,1.3634591,6.86573,11.455467,SGN,39
744228101,857.0,1.690431,5.8082128,10.108263,SGN,39
744228101,858.0,2.7584124,8.801491,10.109021,SGN,39
744228101,859.0,3.3416166,7.7582493,10.397557,SGN,39
744228101,860.0,1.8665429,9.12887,10.3134575,SGN,39
744228101,861.0,1.1772861,7.9754977,10.485644,SGN,39
744228101,862.0,2.374199,8.652172,11.956801,SGN,39
744228101,863.0,2.055009,9.17784,10.654963,SGN,39
744228101,864.0,2.713568,8.463225,12.08167,SGN,39
744228101,865.0,1.8148072,9.071826,10.7243185,SGN,39
744228101,866.0,2.4470465,8.477229,12.0359745,SGN,39
744228101,867.0,1.6939269,6.847701,9.489895,SGN,39
744228101,868.0,1.183337,6.776981,10.01404,SGN,39
744228101,869.0,1.8560327,8.462936,11.312367,SGN,39
744228101,870.0,2.5703506,8.302442,10.781682,SGN,39
744228101,871.0,1.6777965,8.627568,10.677029,SGN,39
744228101,872.0,2.984011,8.741627,9.838722,SGN,39
744228101,873.0,1.3265176,8.194511,10.972261,SGN,39
744228101,874.0,2.6827543,8.304556,10.801331,SGN,39
744228101,875.0,2.0059028,8.055945,9.439019,SGN,39
744228101,876.0,1.9255484,8.127643,9.62379,SGN,39
744228101,877.0,3.5397234,7.179424,10.217824,SGN,39
744228101,878.0,1.6001604,8.66678,9.447893,SGN,39
744228101,879.0,2.2194264,6.6010637,11.671455,SGN,39
744228101,880.0,2.0061243,8.030641,9.267811,SGN,39
744228101,881.0,1.9881871,8.147357,9.453258,SGN,39
744228101,882.0,2.200131,8.690419,10.57006,SGN,39
744228101,883.0,3.1689231,7.790404,10.466292,SGN,39
744228101,884.0,1.7914897,8.293291,10.629014,SGN,39
744228101,885.0,2.0683124,8.149408,11.478199,SGN,39
744228101,886.0,2.9901998,7.8123302,10.77391,SGN,39
744228101,887.0,2.9105182,7.771267,10.808301,SGN,39
744228101,888.0,2.1671798,6.3443403,10.477971,SGN,39
744228101,889.0,2.6621165,7.025413,10.612667,SGN,39
744228101,890.0,2.631235,8.661596,10.8007145,SGN,39
744228101,891.0,2.426853,8.416925,10.572032,SGN,39
744228101,892.0,3.3661797,7.400647,10.125219,SGN,39
744228101,893.0,2.8852022,6.8781157,9.522535,SGN,39
744228101,894.0,3.4483075,7.1682506,10.535673,SGN,39
744228101,895.0,2.6369488,7.9402595,9.4400835,SGN,39
744228101,896.0,2.9064567,7.9947453,10.386698,SGN,39
744228101,897.0,2.3464324,6.3430033,10.4185095,SGN,39
744228101,898.0,2.4805522,6.431625,10.504288,SGN,39
744228101,899.0,1.6072291,7.3768167,12.110675,SGN,39
